// Image: sad_right_eye
// Size: 240x240
// Array size: 112.5 KB

#ifndef SAD_RIGHT_EYE_H
#define SAD_RIGHT_EYE_H

const int SAD_RIGHT_EYE_WIDTH = 240;
const int SAD_RIGHT_EYE_HEIGHT = 240;

const uint16_t sad_right_eye_data[57600] PROGMEM = {
  0xFFFF, 0xFFFF, 0xFFFF, 0xFFFF, 0xFFFF, 0xFFFF, 0xFFFF, 0xFFFF, 0xFFFF, 0xFFFF, 0xFFFF, 0xFFFF,
  0xFFFF, 0xFFFF, 0xFFFF, 0xFFFF, 0xFFFF, 0xFFFF, 0xFFFF, 0xFFFF, 0xFFFF, 0xFFFF, 0xFFFF, 0xFFFF,
  0xFFFF, 0xFFFF, 0xFFFF, 0xFFFF, 0xFFFF, 0xFFFF, 0xFFFF, 0xFFFF, 0xFFFF, 0xFFFF, 0xFFFF, 0xFFFF,
  0xFFFF, 0xFFFF, 0xFFFF, 0xFFFF, 0xFFFF, 0xFFFF, 0xFFFF, 0xFFFF, 0xFFFF, 0xFFFF, 0xFFFF, 0xFFFF,
  0xFFFF, 0xFFFF, 0xFFFF, 0xFFFF, 0xFFFF, 0xFFFF, 0xFFFF, 0xFFFF, 0xFFFF, 0xFFFF, 0xFFFF, 0xFFFF,
  0xFFFF, 0xFFFF, 0xFFFF, 0xFFFF, 0xFFFF, 0xFFFF, 0xFFFF, 0xFFFF, 0xFFFF, 0xFFFF, 0xFFFF, 0xFFFF,
  0xFFFF, 0xFFFF, 0xFFFF, 0xFFFF, 0xFFFF, 0xFFFF, 0xFFFF, 0xFFFF, 0xFFFF, 0xFFFF, 0xFFFF, 0xFFFF,
  0xFFFF, 0xFFFF, 0xFFFF, 0xFFFF, 0xFFFF, 0xFFFF, 0xFFFF, 0xFFFF, 0xFFFF, 0xFFFF, 0xFFFF, 0xFFFF,
  0xFFFF, 0xFFFF, 0xFFFF, 0xFFFF, 0xFFFF, 0xFFFF, 0xFFFF, 0xFFFF, 0xFFFF, 0xFFFF, 0xFFFF, 0xFFFF,
  0xFFFF, 0xFFFF, 0xFFFF, 0xFFFF, 0xFFFF, 0xFFFF, 0xFFFF, 0xFFFF, 0xFFFF, 0xFFFF, 0xFFFF, 0xFFFF,
  0xFFFF, 0xFFFF, 0xFFFF, 0xFFFF, 0xFFFF, 0xFFFF, 0xFFFF, 0xFFFF, 0xFFFF, 0xFFFF, 0xFFFF, 0xFFFF,
  0xFFFF, 0xFFFF, 0xFFFF, 0xFFFF, 0xFFFF, 0xFFFF, 0xFFFF, 0xFFFF, 0xFFFF, 0xFFFF, 0xFFFF, 0xFFFF,
  0xFFFF, 0xFFFF, 0xFFFF, 0xFFFF, 0xFFFF, 0xFFFF, 0xFFFF, 0xFFFF, 0xFFFF, 0xFFFF, 0xFFFF, 0xFFFF,
  0xFFFF, 0xFFFF, 0xFFFF, 0xFFFF, 0xFFFF, 0xFFFF, 0xFFFF, 0xFFFF, 0xFFFF, 0xFFFF, 0xFFFF, 0xFFFF,
  0xFFFF, 0xFFFF, 0xFFFF, 0xFFFF, 0xFFFF, 0xFFFF, 0xFFFF, 0xFFFF, 0xFFFF, 0xFFFF, 0xFFFF, 0xFFFF,
  0xFFFF, 0xFFFF, 0xFFFF, 0xFFFF, 0xFFFF, 0xFFFF, 0xFFFF, 0xFFFF, 0xFFFF, 0xFFFF, 0xFFFF, 0xFFFF,
  0xFFFF, 0xFFFF, 0xFFFF, 0xFFFF, 0xFFFF, 0xFFFF, 0xFFFF, 0xFFFF, 0xFFFF, 0xFFFF, 0xFFFF, 0xFFFF,
  0xFFFF, 0xFFFF, 0xFFFF, 0xFFFF, 0xFFFF, 0xFFFF, 0xFFFF, 0xFFFF, 0xFFFF, 0xFFFF, 0xFFFF, 0xFFFF,
  0xFFFF, 0xFFFF, 0xFFFF, 0xFFFF, 0xFFFF, 0xFFFF, 0xFFFF, 0xFFFF, 0xFFFF, 0xFFFF, 0xFFFF, 0xFFFF,
  0xFFFF, 0xFFFF, 0xFFFF, 0xFFFF, 0xFFFF, 0xFFFF, 0xFFFF, 0xFFFF, 0xFFFF, 0xFFFF, 0xFFFF, 0xFFFF,
  0xFFFF, 0xFFFF, 0xFFFF, 0xFFFF, 0xFFFF, 0xFFFF, 0xFFFF, 0xFFFF, 0xFFFF, 0xFFFF, 0xFFFF, 0xFFFF,
  0xFFFF, 0xFFFF, 0xFFFF, 0xFFFF, 0xFFFF, 0xFFFF, 0xFFFF, 0xFFFF, 0xFFFF, 0xFFFF, 0xFFFF, 0xFFFF,
  0xFFFF, 0xFFFF, 0xFFFF, 0xFFFF, 0xFFFF, 0xFFFF, 0xFFFF, 0xFFFF, 0xFFFF, 0xFFFF, 0xFFFF, 0xFFFF,
  0xFFFF, 0xFFFF, 0xFFFF, 0xFFFF, 0xFFFF, 0xFFFF, 0xFFFF, 0xFFFF, 0xFFFF, 0xFFFF, 0xFFFF, 0xFFFF,
  0xFFFF, 0xFFFF, 0xFFFF, 0xFFFF, 0xFFFF, 0xFFFF, 0xFFFF, 0xFFFF, 0xFFFF, 0xFFFF, 0xFFFF, 0xFFFF,
  0xFFFF, 0xFFFF, 0xFFFF, 0xFFFF, 0xFFFF, 0xFFFF, 0xFFFF, 0xFFFF, 0xFFFF, 0xFFFF, 0xFFFF, 0xFFFF,
  0xFFFF, 0xFFFF, 0xFFFF, 0xFFFF, 0xFFFF, 0xFFFF, 0xFFFF, 0xFFFF, 0xFFFF, 0xFFFF, 0xFFFF, 0xFFFF,
  0xFFFF, 0xFFFF, 0xFFFF, 0xFFFF, 0xFFFF, 0xFFFF, 0xFFFF, 0xFFFF, 0xFFFF, 0xFFFF, 0xFFFF, 0xFFFF,
  0xFFFF, 0xFFFF, 0xFFFF, 0xFFFF, 0xFFFF, 0xFFFF, 0xFFFF, 0xFFFF, 0xFFFF, 0xFFFF, 0xFFFF, 0xFFFF,
  0xFFFF, 0xFFFF, 0xFFFF, 0xFFFF, 0xFFFF, 0xFFFF, 0xFFFF, 0xFFFF, 0xFFFF, 0xFFFF, 0xFFFF, 0xFFFF,
  0xFFFF, 0xFFFF, 0xFFFF, 0xFFFF, 0xFFFF, 0xFFFF, 0xFFFF, 0xFFFF, 0xFFFF, 0xFFFF, 0xFFFF, 0xFFFF,
  0xFFFF, 0xFFFF, 0xFFFF, 0xFFFF, 0xFFFF, 0xFFFF, 0xFFFF, 0xFFFF, 0xFFFF, 0xFFFF, 0xFFFF, 0xFFFF,
  0xFFFF, 0xFFFF, 0xFFFF, 0xFFFF, 0xFFFF, 0xFFFF, 0xFFFF, 0xFFFF, 0xFFFF, 0xFFFF, 0xFFFF, 0xFFFF,
  0xFFFF, 0xFFFF, 0xFFFF, 0xFFFF, 0xFFFF, 0xFFFF, 0xFFFF, 0xFFFF, 0xFFFF, 0xFFFF, 0xFFFF, 0xFFFF,
  0xFFFF, 0xFFFF, 0xFFFF, 0xFFFF, 0xFFFF, 0xFFFF, 0xFFFF, 0xFFFF, 0xFFFF, 0xFFFF, 0xFFFF, 0xFFFF,
  0xFFFF, 0xFFFF, 0xFFFF, 0xFFFF, 0xFFFF, 0xFFFF, 0xFFFF, 0xFFFF, 0xFFFF, 0xFFFF, 0xFFFF, 0xFFFF,
  0xFFFF, 0xFFFF, 0xFFFF, 0xFFFF, 0xFFFF, 0xFFFF, 0xFFFF, 0xFFFF, 0xFFFF, 0xFFFF, 0xFFFF, 0xFFFF,
  0xFFFF, 0xFFFF, 0xFFFF, 0xFFFF, 0xFFFF, 0xFFFF, 0xFFFF, 0xFFFF, 0xFFFF, 0xFFFF, 0xFFFF, 0xFFFF,
  0xFFFF, 0xFFFF, 0xFFFF, 0xFFFF, 0xFFFF, 0xFFFF, 0xFFFF, 0xFFFF, 0xFFFF, 0xFFFF, 0xFFFF, 0xFFFF,
  0xFFFF, 0xFFFF, 0xFFFF, 0xFFFF, 0xFFFF, 0xFFFF, 0xFFFF, 0xFFFF, 0xFFFF, 0xFFFF, 0xFFFF, 0xFFFF,
  0xFFFF, 0xFFFF, 0xFFFF, 0xFFFF, 0xFFFF, 0xFFFF, 0xFFFF, 0xFFFF, 0xFFFF, 0xFFFF, 0xFFFF, 0xFFFF,
  0xFFFF, 0xFFFF, 0xFFFF, 0xFFFF, 0xFFFF, 0xFFFF, 0xFFFF, 0xFFFF, 0xFFFF, 0xFFFF, 0xFFFF, 0xFFFF,
  0xFFFF, 0xFFFF, 0xFFFF, 0xFFFF, 0xFFFF, 0xFFFF, 0xFFFF, 0xFFFF, 0xFFFF, 0xFFFF, 0xFFFF, 0xFFFF,
  0xFFFF, 0xFFFF, 0xFFFF, 0xFFFF, 0xFFFF, 0xFFFF, 0xFFFF, 0xFFFF, 0xFFFF, 0xFFFF, 0xFFFF, 0xFFFF,
  0xFFFF, 0xFFFF, 0xFFFF, 0xFFFF, 0xFFFF, 0xFFFF, 0xFFFF, 0xFFFF, 0xFFFF, 0xFFFF, 0xFFFF, 0xFFFF,
  0xFFFF, 0xFFFF, 0xFFFF, 0xFFFF, 0xFFFF, 0xFFFF, 0xFFFF, 0xFFFF, 0xFFFF, 0xFFFF, 0xFFFF, 0xFFFF,
  0xFFFF, 0xFFFF, 0xFFFF, 0xFFFF, 0xFFFF, 0xFFFF, 0xFFFF, 0xFFFF, 0xFFFF, 0xFFFF, 0xFFFF, 0xFFFF,
  0xFFFF, 0xFFFF, 0xFFFF, 0xFFFF, 0xFFFF, 0xFFFF, 0xFFFF, 0xFFFF, 0xFFFF, 0xFFFF, 0xFFFF, 0xFFFF,
  0xFFFF, 0xFFFF, 0xFFFF, 0xFFFF, 0xFFFF, 0xFFFF, 0xFFFF, 0xFFFF, 0xFFFF, 0xFFFF, 0xFFFF, 0xFFFF,
  0xFFFF, 0xFFFF, 0xFFFF, 0xFFFF, 0xFFFF, 0xFFFF, 0xFFFF, 0xFFFF, 0xFFFF, 0xFFFF, 0xFFFF, 0xFFFF,
  0xFFFF, 0xFFFF, 0xFFFF, 0xFFFF, 0xFFFF, 0xFFFF, 0xFFFF, 0xFFFF, 0xFFFF, 0xFFFF, 0xFFFF, 0xFFFF,
  0xFFFF, 0xFFFF, 0xFFFF, 0xFFFF, 0xFFFF, 0xFFFF, 0xFFFF, 0xFFFF, 0xFFFF, 0xFFFF, 0xFFFF, 0xFFFF,
  0xFFFF, 0xFFFF, 0xFFFF, 0xFFFF, 0xFFFF, 0xFFFF, 0xFFFF, 0xFFFF, 0xFFFF, 0xFFFF, 0xFFFF, 0xFFFF,
  0xFFFF, 0xFFFF, 0xFFFF, 0xFFFF, 0xFFFF, 0xFFFF, 0xFFFF, 0xFFFF, 0xFFFF, 0xFFFF, 0xFFFF, 0xFFFF,
  0xFFFF, 0xFFFF, 0xFFFF, 0xFFFF, 0xFFFF, 0xFFFF, 0xFFFF, 0xFFFF, 0xFFFF, 0xFFFF, 0xFFFF, 0xFFFF,
  0xFFFF, 0xFFFF, 0xFFFF, 0xFFFF, 0xFFFF, 0xFFFF, 0xFFFF, 0xFFFF, 0xFFFF, 0xFFFF, 0xFFFF, 0xFFFF,
  0xFFFF, 0xFFFF, 0xFFFF, 0xFFFF, 0xFFFF, 0xFFFF, 0xFFFF, 0xFFFF, 0xFFFF, 0xFFFF, 0xFFFF, 0xFFFF,
  0xFFFF, 0xFFFF, 0xFFFF, 0xFFFF, 0xFFFF, 0xFFFF, 0xFFFF, 0xFFFF, 0xFFFF, 0xFFFF, 0xFFFF, 0xFFFF,
  0xFFFF, 0xFFFF, 0xFFFF, 0xFFFF, 0xFFFF, 0xFFFF, 0xFFFF, 0xFFFF, 0xFFFF, 0xFFFF, 0xFFFF, 0xFFFF,
  0xFFFF, 0xFFFF, 0xFFFF, 0xFFFF, 0xFFFF, 0xFFFF, 0xFFFF, 0xFFFF, 0xFFFF, 0xFFFF, 0xFFFF, 0xFFFF,
  0xFFFF, 0xFFFF, 0xFFFF, 0xFFFF, 0xFFFF, 0xFFFF, 0xFFFF, 0xFFFF, 0xFFFF, 0xFFFF, 0xFFFF, 0xFFFF,
  0xFFFF, 0xFFFF, 0xFFFF, 0xFFFF, 0xFFFF, 0xFFFF, 0xFFFF, 0xFFFF, 0xFFFF, 0xFFFF, 0xFFFF, 0xFFFF,
  0xFFFF, 0xFFFF, 0xFFFF, 0xFFFF, 0xFFFF, 0xFFFF, 0xFFFF, 0xFFFF, 0xFFFF, 0xFFFF, 0xFFFF, 0xFFFF,
  0xFFFF, 0xFFFF, 0xFFFF, 0xFFFF, 0xFFFF, 0xFFFF, 0xFFFF, 0xFFFF, 0xFFFF, 0xFFFF, 0xFFFF, 0xFFFF,
  0xFFFF, 0xFFFF, 0xFFFF, 0xFFFF, 0xFFFF, 0xEF7D, 0xDEDB, 0xCE38, 0xBDB6, 0xB596, 0xAD55, 0xAD55,
  0xB575, 0xB5B6, 0xC638, 0xDEDB, 0xEF7D, 0xFFFF, 0xFFFF, 0xFFFF, 0xFFFF, 0xFFFF, 0xFFFF, 0xFFFF,
  0xFFFF, 0xFFFF, 0xFFFF, 0xFFFF, 0xFFFF, 0xFFFF, 0xFFFF, 0xFFFF, 0xFFFF, 0xFFFF, 0xFFFF, 0xFFFF,
  0xFFFF, 0xFFFF, 0xFFFF, 0xFFFF, 0xFFFF, 0xFFFF, 0xFFFF, 0xFFFF, 0xFFFF, 0xFFFF, 0xFFFF, 0xFFFF,
  0xFFFF, 0xFFFF, 0xFFFF, 0xFFFF, 0xFFFF, 0xFFFF, 0xFFFF, 0xFFFF, 0xFFFF, 0xFFFF, 0xFFFF, 0xFFFF,
  0xFFFF, 0xFFFF, 0xFFFF, 0xFFFF, 0xFFFF, 0xFFFF, 0xFFFF, 0xFFFF, 0xFFFF, 0xFFFF, 0xFFFF, 0xFFFF,
  0xFFFF, 0xFFFF, 0xFFFF, 0xFFFF, 0xFFFF, 0xFFFF, 0xFFFF, 0xFFFF, 0xFFFF, 0xFFFF, 0xFFFF, 0xFFFF,
  0xFFFF, 0xFFFF, 0xFFFF, 0xFFFF, 0xFFFF, 0xFFFF, 0xFFFF, 0xFFFF, 0xFFFF, 0xFFFF, 0xFFFF, 0xFFFF,
  0xFFFF, 0xFFFF, 0xFFFF, 0xFFFF, 0xFFFF, 0xFFFF, 0xFFFF, 0xFFFF, 0xFFFF, 0xFFFF, 0xFFFF, 0xFFFF,
  0xFFFF, 0xFFFF, 0xFFFF, 0xFFFF, 0xFFFF, 0xFFFF, 0xFFFF, 0xFFFF, 0xFFFF, 0xFFFF, 0xFFFF, 0xFFFF,
  0xFFFF, 0xFFFF, 0xFFFF, 0xFFFF, 0xFFFF, 0xFFFF, 0xFFFF, 0xFFFF, 0xFFFF, 0xFFFF, 0xFFFF, 0xFFFF,
  0xFFFF, 0xFFFF, 0xFFFF, 0xFFFF, 0xFFFF, 0xFFFF, 0xFFFF, 0xFFFF, 0xFFFF, 0xFFFF, 0xFFFF, 0xFFFF,
  0xFFFF, 0xFFFF, 0xFFFF, 0xFFFF, 0xFFFF, 0xFFFF, 0xFFFF, 0xFFFF, 0xFFFF, 0xFFFF, 0xFFFF, 0xFFFF,
  0xFFFF, 0xFFFF, 0xFFFF, 0xFFFF, 0xFFFF, 0xFFFF, 0xFFFF, 0xFFFF, 0xFFFF, 0xFFFF, 0xFFFF, 0xFFFF,
  0xFFFF, 0xFFFF, 0xFFFF, 0xFFFF, 0xFFFF, 0xFFFF, 0xFFFF, 0xFFFF, 0xFFFF, 0xFFFF, 0xFFFF, 0xFFFF,
  0xFFFF, 0xFFFF, 0xFFFF, 0xFFFF, 0xFFFF, 0xFFFF, 0xFFFF, 0xFFFF, 0xFFFF, 0xFFFF, 0xFFFF, 0xFFFF,
  0xFFFF, 0xFFFF, 0xFFFF, 0xFFFF, 0xFFFF, 0xFFFF, 0xFFFF, 0xFFFF, 0xFFFF, 0xFFFF, 0xFFFF, 0xFFFF,
  0xFFFF, 0xFFFF, 0xFFFF, 0xFFFF, 0xFFFF, 0xFFFF, 0xFFFF, 0xFFFF, 0xFFFF, 0xFFFF, 0xFFFF, 0xFFFF,
  0xFFFF, 0xFFFF, 0xFFFF, 0xFFFF, 0xFFFF, 0xFFFF, 0xFFFF, 0xFFFF, 0xFFFF, 0xFFFF, 0xFFFF, 0xFFFF,
  0xFFFF, 0xFFFF, 0xFFFF, 0xFFFF, 0xFFFF, 0xFFFF, 0xFFFF, 0xFFFF, 0xFFFF, 0xFFFF, 0xFFFF, 0xFFFF,
  0xFFFF, 0xFFFF, 0xE73C, 0xBDD7, 0x9492, 0x738E, 0x62EB, 0x4A49, 0x41E7, 0x39A6, 0x3166, 0x3165,
  0x39A6, 0x39C7, 0x4A49, 0x62EB, 0x73AE, 0x9CD3, 0xC638, 0xEF7D, 0xFFFF, 0xFFFF, 0xFFFF, 0xFFFF,
  0xFFFF, 0xFFFF, 0xFFFF, 0xFFFF, 0xFFFF, 0xFFFF, 0xFFFF, 0xFFFF, 0xFFFF, 0xFFFF, 0xFFFF, 0xFFFF,
  0xFFFF, 0xFFFF, 0xFFFF, 0xFFFF, 0xFFFF, 0xFFFF, 0xFFFF, 0xFFFF, 0xFFFF, 0xFFFF, 0xFFFF, 0xFFFF,
  0xFFFF, 0xFFFF, 0xFFFF, 0xFFFF, 0xFFFF, 0xFFFF, 0xFFFF, 0xFFFF, 0xFFFF, 0xFFFF, 0xFFFF, 0xFFFF,
  0xFFFF, 0xFFFF, 0xFFFF, 0xFFFF, 0xFFFF, 0xFFFF, 0xFFFF, 0xFFFF, 0xFFFF, 0xFFFF, 0xFFFF, 0xFFFF,
  0xFFFF, 0xFFFF, 0xFFFF, 0xFFFF, 0xFFFF, 0xFFFF, 0xFFFF, 0xFFFF, 0xFFFF, 0xFFFF, 0xFFFF, 0xFFFF,
  0xFFFF, 0xFFFF, 0xFFFF, 0xFFFF, 0xFFFF, 0xFFFF, 0xFFFF, 0xFFFF, 0xFFFF, 0xFFFF, 0xFFFF, 0xFFFF,
  0xFFFF, 0xFFFF, 0xFFFF, 0xFFFF, 0xFFFF, 0xFFFF, 0xFFFF, 0xFFFF, 0xFFFF, 0xFFFF, 0xFFFF, 0xFFFF,
  0xFFFF, 0xFFFF, 0xFFFF, 0xFFFF, 0xFFFF, 0xFFFF, 0xFFFF, 0xFFFF, 0xFFFF, 0xFFFF, 0xFFFF, 0xFFFF,
  0xFFFF, 0xFFFF, 0xFFFF, 0xFFFF, 0xFFFF, 0xFFFF, 0xFFFF, 0xFFFF, 0xFFFF, 0xFFFF, 0xFFFF, 0xFFFF,
  0xFFFF, 0xFFFF, 0xFFFF, 0xFFFF, 0xFFFF, 0xFFFF, 0xFFFF, 0xFFFF, 0xFFFF, 0xFFFF, 0xFFFF, 0xFFFF,
  0xFFFF, 0xFFFF, 0xFFFF, 0xFFFF, 0xFFFF, 0xFFFF, 0xFFFF, 0xFFFF, 0xFFFF, 0xFFFF, 0xFFFF, 0xFFFF,
  0xFFFF, 0xFFFF, 0xFFFF, 0xFFFF, 0xFFFF, 0xFFFF, 0xFFFF, 0xFFFF, 0xFFFF, 0xFFFF, 0xFFFF, 0xFFFF,
  0xFFFF, 0xFFFF, 0xFFFF, 0xFFFF, 0xFFFF, 0xFFFF, 0xFFFF, 0xFFFF, 0xFFFF, 0xFFFF, 0xFFFF, 0xFFFF,
  0xFFFF, 0xFFFF, 0xFFFF, 0xFFFF, 0xFFFF, 0xFFFF, 0xFFFF, 0xFFFF, 0xFFFF, 0xFFFF, 0xFFFF, 0xFFFF,
  0xFFFF, 0xFFFF, 0xFFFF, 0xFFFF, 0xFFFF, 0xFFFF, 0xFFFF, 0xFFFF, 0xFFFF, 0xFFFF, 0xFFFF, 0xFFFF,
  0xFFFF, 0xFFFF, 0xFFFF, 0xFFFF, 0xFFFF, 0xFFFF, 0xFFFF, 0xFFFF, 0xFFFF, 0xFFFF, 0xFFFF, 0xFFFF,
  0xFFFF, 0xFFFF, 0xFFFF, 0xFFFF, 0xFFFF, 0xFFFF, 0xFFFF, 0xFFFF, 0xFFFF, 0xFFFF, 0xFFFF, 0xFFFF,
  0xFFFF, 0xFFFF, 0xFFFF, 0xFFFF, 0xFFFF, 0xFFFF, 0xFFFF, 0xFFFF, 0xFFFF, 0xFFFF, 0xFFFF, 0xFFDF,
  0xD6BA, 0x9472, 0x62EB, 0x4208, 0x2945, 0x2104, 0x20E4, 0x20E4, 0x20E4, 0x20E4, 0x20E4, 0x20E4,
  0x20E4, 0x20E4, 0x20E4, 0x20E4, 0x2104, 0x3165, 0x4A28, 0x6B4D, 0xB576, 0xEF7D, 0xFFFF, 0xFFFF,
  0xFFFF, 0xFFFF, 0xFFFF, 0xFFFF, 0xFFFF, 0xFFFF, 0xFFFF, 0xFFFF, 0xFFFF, 0xFFFF, 0xFFFF, 0xFFFF,
  0xFFFF, 0xFFFF, 0xFFFF, 0xFFFF, 0xFFFF, 0xFFFF, 0xFFFF, 0xFFFF, 0xFFFF, 0xFFFF, 0xFFFF, 0xFFFF,
  0xFFFF, 0xFFFF, 0xFFFF, 0xFFFF, 0xFFFF, 0xFFFF, 0xFFFF, 0xFFFF, 0xFFFF, 0xFFFF, 0xFFFF, 0xFFFF,
  0xFFFF, 0xFFFF, 0xFFFF, 0xFFFF, 0xFFFF, 0xFFFF, 0xFFFF, 0xFFFF, 0xFFFF, 0xFFFF, 0xFFFF, 0xFFFF,
  0xFFFF, 0xFFFF, 0xFFFF, 0xFFFF, 0xFFFF, 0xFFFF, 0xFFFF, 0xFFFF, 0xFFFF, 0xFFFF, 0xFFFF, 0xFFFF,
  0xFFFF, 0xFFFF, 0xFFFF, 0xFFFF, 0xFFFF, 0xFFFF, 0xFFFF, 0xFFFF, 0xFFFF, 0xFFFF, 0xFFFF, 0xFFFF,
  0xFFFF, 0xFFFF, 0xFFFF, 0xFFFF, 0xFFFF, 0xFFFF, 0xFFFF, 0xFFFF, 0xFFFF, 0xFFFF, 0xFFFF, 0xFFFF,
  0xFFFF, 0xFFFF, 0xFFFF, 0xFFFF, 0xFFFF, 0xFFFF, 0xFFFF, 0xFFFF, 0xFFFF, 0xFFFF, 0xFFFF, 0xFFFF,
  0xFFFF, 0xFFFF, 0xFFFF, 0xFFFF, 0xFFFF, 0xFFFF, 0xFFFF, 0xFFFF, 0xFFFF, 0xFFFF, 0xFFFF, 0xFFFF,
  0xFFFF, 0xFFFF, 0xFFFF, 0xFFFF, 0xFFFF, 0xFFFF, 0xFFFF, 0xFFFF, 0xFFFF, 0xFFFF, 0xFFFF, 0xFFFF,
  0xFFFF, 0xFFFF, 0xFFFF, 0xFFFF, 0xFFFF, 0xFFFF, 0xFFFF, 0xFFFF, 0xFFFF, 0xFFFF, 0xFFFF, 0xFFFF,
  0xFFFF, 0xFFFF, 0xFFFF, 0xFFFF, 0xFFFF, 0xFFFF, 0xFFFF, 0xFFFF, 0xFFFF, 0xFFFF, 0xFFFF, 0xFFFF,
  0xFFFF, 0xFFFF, 0xFFFF, 0xFFFF, 0xFFFF, 0xFFFF, 0xFFFF, 0xFFFF, 0xFFFF, 0xFFFF, 0xFFFF, 0xFFFF,
  0xFFFF, 0xFFFF, 0xFFFF, 0xFFFF, 0xFFFF, 0xFFFF, 0xFFFF, 0xFFFF, 0xFFFF, 0xFFFF, 0xFFFF, 0xFFFF,
  0xFFFF, 0xFFFF, 0xFFFF, 0xFFFF, 0xFFFF, 0xFFFF, 0xFFFF, 0xFFFF, 0xFFFF, 0xFFFF, 0xFFFF, 0xFFFF,
  0xFFFF, 0xFFFF, 0xFFFF, 0xFFFF, 0xFFFF, 0xFFFF, 0xFFFF, 0xFFFF, 0xFFFF, 0xFFFF, 0xFFFF, 0xFFFF,
  0xFFFF, 0xFFFF, 0xFFFF, 0xFFFF, 0xFFFF, 0xFFFF, 0xFFFF, 0xFFFF, 0xFFFF, 0xFFFF, 0xFFFF, 0xFFFF,
  0xFFFF, 0xFFFF, 0xFFFF, 0xFFFF, 0xFFFF, 0xFFFF, 0xFFFF, 0xFFFF, 0xFFFF, 0xFFDF, 0xD69A, 0x8410,
  0x4A29, 0x3165, 0x2104, 0x20E4, 0x20E4, 0x20E4, 0x20E4, 0x20E4, 0x20E4, 0x20E4, 0x20E4, 0x20E4,
  0x20E4, 0x20E4, 0x20E4, 0x20E4, 0x20E4, 0x20E4, 0x20E4, 0x2104, 0x39C7, 0x6B2C, 0xC618, 0xF7BE,
  0xFFFF, 0xFFFF, 0xFFFF, 0xFFFF, 0xFFFF, 0xFFFF, 0xFFFF, 0xFFFF, 0xFFFF, 0xFFFF, 0xFFFF, 0xFFFF,
  0xFFFF, 0xFFFF, 0xFFFF, 0xFFFF, 0xFFFF, 0xFFFF, 0xFFFF, 0xFFFF, 0xFFFF, 0xFFFF, 0xFFFF, 0xFFFF,
  0xFFFF, 0xFFFF, 0xFFFF, 0xFFFF, 0xFFFF, 0xFFFF, 0xFFFF, 0xFFFF, 0xFFFF, 0xFFFF, 0xFFFF, 0xFFFF,
  0xFFFF, 0xFFFF, 0xFFFF, 0xFFFF, 0xFFFF, 0xFFFF, 0xFFFF, 0xFFFF, 0xFFFF, 0xFFFF, 0xFFFF, 0xFFFF,
  0xFFFF, 0xFFFF, 0xFFFF, 0xFFFF, 0xFFFF, 0xFFFF, 0xFFFF, 0xFFFF, 0xFFFF, 0xFFFF, 0xFFFF, 0xFFFF,
  0xFFFF, 0xFFFF, 0xFFFF, 0xFFFF, 0xFFFF, 0xFFFF, 0xFFFF, 0xFFFF, 0xFFFF, 0xFFFF, 0xFFFF, 0xFFFF,
  0xFFFF, 0xFFFF, 0xFFFF, 0xFFFF, 0xFFFF, 0xFFFF, 0xFFFF, 0xFFFF, 0xFFFF, 0xFFFF, 0xFFFF, 0xFFFF,
  0xFFFF, 0xFFFF, 0xFFFF, 0xFFFF, 0xFFFF, 0xFFFF, 0xFFFF, 0xFFFF, 0xFFFF, 0xFFFF, 0xFFFF, 0xFFFF,
  0xFFFF, 0xFFFF, 0xFFFF, 0xFFFF, 0xFFFF, 0xFFFF, 0xFFFF, 0xFFFF, 0xFFFF, 0xFFFF, 0xFFFF, 0xFFFF,
  0xFFFF, 0xFFFF, 0xFFFF, 0xFFFF, 0xFFFF, 0xFFFF, 0xFFFF, 0xFFFF, 0xFFFF, 0xFFFF, 0xFFFF, 0xFFFF,
  0xFFFF, 0xFFFF, 0xFFFF, 0xFFFF, 0xFFFF, 0xFFFF, 0xFFFF, 0xFFFF, 0xFFFF, 0xFFFF, 0xFFFF, 0xFFFF,
  0xFFFF, 0xFFFF, 0xFFFF, 0xFFFF, 0xFFFF, 0xFFFF, 0xFFFF, 0xFFFF, 0xFFFF, 0xFFFF, 0xFFFF, 0xFFFF,
  0xFFFF, 0xFFFF, 0xFFFF, 0xFFFF, 0xFFFF, 0xFFFF, 0xFFFF, 0xFFFF, 0xFFFF, 0xFFFF, 0xFFFF, 0xFFFF,
  0xFFFF, 0xFFFF, 0xFFFF, 0xFFFF, 0xFFFF, 0xFFFF, 0xFFFF, 0xFFFF, 0xFFFF, 0xFFFF, 0xFFFF, 0xFFFF,
  0xFFFF, 0xFFFF, 0xFFFF, 0xFFFF, 0xFFFF, 0xFFFF, 0xFFFF, 0xFFFF, 0xFFFF, 0xFFFF, 0xFFFF, 0xFFFF,
  0xFFFF, 0xFFFF, 0xFFFF, 0xFFFF, 0xFFFF, 0xFFFF, 0xFFFF, 0xFFFF, 0xFFFF, 0xFFFF, 0xFFFF, 0xFFFF,
  0xFFFF, 0xFFFF, 0xFFFF, 0xFFFF, 0xFFFF, 0xFFFF, 0xFFFF, 0xFFFF, 0xFFFF, 0xFFFF, 0xFFFF, 0xFFFF,
  0xFFFF, 0xFFFF, 0xFFFF, 0xFFFF, 0xFFFF, 0xFFFF, 0xFFFF, 0xFFDF, 0xE73C, 0x94B2, 0x4A49, 0x2945,
  0x20E4, 0x20E4, 0x20E4, 0x20E4, 0x20E4, 0x20E4, 0x20E4, 0x20E4, 0x20E4, 0x20E4, 0x20E4, 0x20E4,
  0x20E4, 0x20E4, 0x20E4, 0x20E4, 0x20E4, 0x20E4, 0x20E4, 0x20E4, 0x20E4, 0x2924, 0x4208, 0x9CD3,
  0xEF5D, 0xFFFF, 0xFFFF, 0xFFFF, 0xFFFF, 0xFFFF, 0xFFFF, 0xFFFF, 0xFFFF, 0xFFFF, 0xFFFF, 0xFFFF,
  0xFFFF, 0xFFFF, 0xFFFF, 0xFFFF, 0xFFFF, 0xFFFF, 0xFFFF, 0xFFFF, 0xFFFF, 0xFFFF, 0xFFFF, 0xFFFF,
  0xFFFF, 0xFFFF, 0xFFFF, 0xFFFF, 0xFFFF, 0xFFFF, 0xFFFF, 0xFFFF, 0xFFFF, 0xFFFF, 0xFFFF, 0xFFFF,
  0xFFFF, 0xFFFF, 0xFFFF, 0xFFFF, 0xFFFF, 0xFFFF, 0xFFFF, 0xFFFF, 0xFFFF, 0xFFFF, 0xFFFF, 0xFFFF,
  0xFFFF, 0xFFFF, 0xFFFF, 0xFFFF, 0xFFFF, 0xFFFF, 0xFFFF, 0xFFFF, 0xFFFF, 0xFFFF, 0xFFFF, 0xFFFF,
  0xFFFF, 0xFFFF, 0xFFFF, 0xFFFF, 0xFFFF, 0xFFFF, 0xFFFF, 0xFFFF, 0xFFFF, 0xFFFF, 0xFFFF, 0xFFFF,
  0xFFFF, 0xFFFF, 0xFFFF, 0xFFFF, 0xFFFF, 0xFFFF, 0xFFFF, 0xFFFF, 0xFFFF, 0xFFFF, 0xFFFF, 0xFFFF,
  0xFFFF, 0xFFFF, 0xFFFF, 0xFFFF, 0xFFFF, 0xFFFF, 0xFFFF, 0xFFFF, 0xFFFF, 0xFFFF, 0xFFFF, 0xFFFF,
  0xFFFF, 0xFFFF, 0xFFFF, 0xFFFF, 0xFFFF, 0xFFFF, 0xFFFF, 0xFFFF, 0xFFFF, 0xFFFF, 0xFFFF, 0xFFFF,
  0xFFFF, 0xFFFF, 0xFFFF, 0xFFFF, 0xFFFF, 0xFFFF, 0xFFFF, 0xFFFF, 0xFFFF, 0xFFFF, 0xFFFF, 0xFFFF,
  0xFFFF, 0xFFFF, 0xFFFF, 0xFFFF, 0xFFFF, 0xFFFF, 0xFFFF, 0xFFFF, 0xFFFF, 0xFFFF, 0xFFFF, 0xFFFF,
  0xFFFF, 0xFFFF, 0xFFFF, 0xFFFF, 0xFFFF, 0xFFFF, 0xFFFF, 0xFFFF, 0xFFFF, 0xFFFF, 0xFFFF, 0xFFFF,
  0xFFFF, 0xFFFF, 0xFFFF, 0xFFFF, 0xFFFF, 0xFFFF, 0xFFFF, 0xFFFF, 0xFFFF, 0xFFFF, 0xFFFF, 0xFFFF,
  0xFFFF, 0xFFFF, 0xFFFF, 0xFFFF, 0xFFFF, 0xFFFF, 0xFFFF, 0xFFFF, 0xFFFF, 0xFFFF, 0xFFFF, 0xFFFF,
  0xFFFF, 0xFFFF, 0xFFFF, 0xFFFF, 0xFFFF, 0xFFFF, 0xFFFF, 0xFFFF, 0xFFFF, 0xFFFF, 0xFFFF, 0xFFFF,
  0xFFFF, 0xFFFF, 0xFFFF, 0xFFFF, 0xFFFF, 0xFFFF, 0xFFFF, 0xFFFF, 0xFFFF, 0xFFFF, 0xFFFF, 0xFFFF,
  0xFFFF, 0xFFFF, 0xFFFF, 0xFFFF, 0xFFFF, 0xFFFF, 0xFFFF, 0xFFFF, 0xFFFF, 0xFFFF, 0xFFFF, 0xFFFF,
  0xFFFF, 0xFFFF, 0xFFFF, 0xFFFF, 0xFFFF, 0xFFFF, 0xF7BE, 0xC638, 0x630C, 0x3186, 0x2104, 0x20E4,
  0x20E4, 0x20E4, 0x20E4, 0x20E4, 0x20E4, 0x20E4, 0x20E4, 0x20E4, 0x20E4, 0x20E4, 0x20E4, 0x20E4,
  0x20E4, 0x20E4, 0x20E4, 0x20E4, 0x20E4, 0x20E4, 0x20E4, 0x20E4, 0x20E4, 0x20E4, 0x2104, 0x3186,
  0x73AE, 0xDEFB, 0xFFFF, 0xFFFF, 0xFFFF, 0xFFFF, 0xFFFF, 0xFFFF, 0xFFFF, 0xFFFF, 0xFFFF, 0xFFFF,
  0xFFFF, 0xFFFF, 0xFFFF, 0xFFFF, 0xFFFF, 0xFFFF, 0xFFFF, 0xFFFF, 0xFFFF, 0xFFFF, 0xFFFF, 0xFFFF,
  0xFFFF, 0xFFFF, 0xFFFF, 0xFFFF, 0xFFFF, 0xFFFF, 0xFFFF, 0xFFFF, 0xFFFF, 0xFFFF, 0xFFFF, 0xFFFF,
  0xFFFF, 0xFFFF, 0xFFFF, 0xFFFF, 0xFFFF, 0xFFFF, 0xFFFF, 0xFFFF, 0xFFFF, 0xFFFF, 0xFFFF, 0xFFFF,
  0xFFFF, 0xFFFF, 0xFFFF, 0xFFFF, 0xFFFF, 0xFFFF, 0xFFFF, 0xFFFF, 0xFFFF, 0xFFFF, 0xFFFF, 0xFFFF,
  0xFFFF, 0xFFFF, 0xFFFF, 0xFFFF, 0xFFFF, 0xFFFF, 0xFFFF, 0xFFFF, 0xFFFF, 0xFFFF, 0xFFFF, 0xFFFF,
  0xFFFF, 0xFFFF, 0xFFFF, 0xFFFF, 0xFFFF, 0xFFFF, 0xFFFF, 0xFFFF, 0xFFFF, 0xFFFF, 0xFFFF, 0xFFFF,
  0xFFFF, 0xFFFF, 0xFFFF, 0xFFFF, 0xFFFF, 0xFFFF, 0xFFFF, 0xFFFF, 0xFFFF, 0xFFFF, 0xFFFF, 0xFFFF,
  0xFFFF, 0xFFFF, 0xFFFF, 0xFFFF, 0xFFFF, 0xFFFF, 0xFFFF, 0xFFFF, 0xFFFF, 0xFFFF, 0xFFFF, 0xFFFF,
  0xFFFF, 0xFFFF, 0xFFFF, 0xFFFF, 0xFFFF, 0xFFFF, 0xFFFF, 0xFFFF, 0xFFFF, 0xFFFF, 0xFFFF, 0xFFFF,
  0xFFFF, 0xFFFF, 0xFFFF, 0xFFFF, 0xFFFF, 0xFFFF, 0xFFFF, 0xFFFF, 0xFFFF, 0xFFFF, 0xFFFF, 0xFFFF,
  0xFFFF, 0xFFFF, 0xFFFF, 0xFFFF, 0xFFFF, 0xFFFF, 0xFFFF, 0xFFFF, 0xFFFF, 0xFFFF, 0xFFFF, 0xFFFF,
  0xFFFF, 0xFFFF, 0xFFFF, 0xFFFF, 0xFFFF, 0xFFFF, 0xFFFF, 0xFFFF, 0xFFFF, 0xFFFF, 0xFFFF, 0xFFFF,
  0xFFFF, 0xFFFF, 0xFFFF, 0xFFFF, 0xFFFF, 0xFFFF, 0xFFFF, 0xFFFF, 0xFFFF, 0xFFFF, 0xFFFF, 0xFFFF,
  0xFFFF, 0xFFFF, 0xFFFF, 0xFFFF, 0xFFFF, 0xFFFF, 0xFFFF, 0xFFFF, 0xFFFF, 0xFFFF, 0xFFFF, 0xFFFF,
  0xFFFF, 0xFFFF, 0xFFFF, 0xFFFF, 0xFFFF, 0xFFFF, 0xFFFF, 0xFFFF, 0xFFFF, 0xFFFF, 0xFFFF, 0xFFFF,
  0xFFFF, 0xFFFF, 0xFFFF, 0xFFFF, 0xFFFF, 0xFFFF, 0xFFFF, 0xFFFF, 0xFFFF, 0xFFFF, 0xFFFF, 0xFFFF,
  0xFFFF, 0xFFFF, 0xFFFF, 0xFFFF, 0xFFFF, 0xF77D, 0xAD34, 0x4A28, 0x2924, 0x20E4, 0x20E4, 0x20E4,
  0x20E4, 0x20E4, 0x20E4, 0x20E4, 0x20E4, 0x20E4, 0x20E4, 0x20E4, 0x20E4, 0x20E4, 0x20E4, 0x20E4,
  0x20E4, 0x20E4, 0x20E4, 0x20E4, 0x20E4, 0x20E4, 0x20E4, 0x20E4, 0x20E4, 0x20E4, 0x20E4, 0x20E4,
  0x2945, 0x6B4D, 0xDEDB, 0xFFFF, 0xFFFF, 0xFFFF, 0xFFFF, 0xFFFF, 0xFFFF, 0xFFFF, 0xFFFF, 0xFFFF,
  0xFFFF, 0xFFFF, 0xFFFF, 0xFFFF, 0xFFFF, 0xFFFF, 0xFFFF, 0xFFFF, 0xFFFF, 0xFFFF, 0xFFFF, 0xFFFF,
  0xFFFF, 0xFFFF, 0xFFFF, 0xFFFF, 0xFFFF, 0xFFFF, 0xFFFF, 0xFFFF, 0xFFFF, 0xFFFF, 0xFFFF, 0xFFFF,
  0xFFFF, 0xFFFF, 0xFFFF, 0xFFFF, 0xFFFF, 0xFFFF, 0xFFFF, 0xFFFF, 0xFFFF, 0xFFFF, 0xFFFF, 0xFFFF,
  0xFFFF, 0xFFFF, 0xFFFF, 0xFFFF, 0xFFFF, 0xFFFF, 0xFFFF, 0xFFFF, 0xFFFF, 0xFFFF, 0xFFFF, 0xFFFF,
  0xFFFF, 0xFFFF, 0xFFFF, 0xFFFF, 0xFFFF, 0xFFFF, 0xFFFF, 0xFFFF, 0xFFFF, 0xFFFF, 0xFFFF, 0xFFFF,
  0xFFFF, 0xFFFF, 0xFFFF, 0xFFFF, 0xFFFF, 0xFFFF, 0xFFFF, 0xFFFF, 0xFFFF, 0xFFFF, 0xFFFF, 0xFFFF,
  0xFFFF, 0xFFFF, 0xFFFF, 0xFFFF, 0xFFFF, 0xFFFF, 0xFFFF, 0xFFFF, 0xFFFF, 0xFFFF, 0xFFFF, 0xFFFF,
  0xFFFF, 0xFFFF, 0xFFFF, 0xFFFF, 0xFFFF, 0xFFFF, 0xFFFF, 0xFFFF, 0xFFFF, 0xFFFF, 0xFFFF, 0xFFFF,
  0xFFFF, 0xFFFF, 0xFFFF, 0xFFFF, 0xFFFF, 0xFFFF, 0xFFFF, 0xFFFF, 0xFFFF, 0xFFFF, 0xFFFF, 0xFFFF,
  0xFFFF, 0xFFFF, 0xFFFF, 0xFFFF, 0xFFFF, 0xFFFF, 0xFFFF, 0xFFFF, 0xFFFF, 0xFFFF, 0xFFFF, 0xFFFF,
  0xFFFF, 0xFFFF, 0xFFFF, 0xFFFF, 0xFFFF, 0xFFFF, 0xFFFF, 0xFFFF, 0xFFFF, 0xFFFF, 0xFFFF, 0xFFFF,
  0xFFFF, 0xFFFF, 0xFFFF, 0xFFFF, 0xFFFF, 0xFFFF, 0xFFFF, 0xFFFF, 0xFFFF, 0xFFFF, 0xFFFF, 0xFFFF,
  0xFFFF, 0xFFFF, 0xFFFF, 0xFFFF, 0xFFFF, 0xFFFF, 0xFFFF, 0xFFFF, 0xFFFF, 0xFFFF, 0xFFFF, 0xFFFF,
  0xFFFF, 0xFFFF, 0xFFFF, 0xFFFF, 0xFFFF, 0xFFFF, 0xFFFF, 0xFFFF, 0xFFFF, 0xFFFF, 0xFFFF, 0xFFFF,
  0xFFFF, 0xFFFF, 0xFFFF, 0xFFFF, 0xFFFF, 0xFFFF, 0xFFFF, 0xFFFF, 0xFFFF, 0xFFFF, 0xFFFF, 0xFFFF,
  0xFFFF, 0xFFFF, 0xFFFF, 0xFFFF, 0xFFFF, 0xFFFF, 0xFFFF, 0xFFFF, 0xFFFF, 0xFFFF, 0xFFFF, 0xFFFF,
  0xFFFF, 0xFFFF, 0xFFFF, 0xFFFF, 0xEF7D, 0x9CD3, 0x39C7, 0x20E4, 0x20E4, 0x20E4, 0x20E4, 0x20E4,
  0x20E4, 0x20E4, 0x20E4, 0x20E4, 0x20E4, 0x20E4, 0x20E4, 0x20E4, 0x20E4, 0x20E4, 0x20E4, 0x20E4,
  0x20E4, 0x20E4, 0x20E4, 0x20E4, 0x20E4, 0x20E4, 0x20E4, 0x20E4, 0x20E4, 0x20E4, 0x20E4, 0x20E4,
  0x20E4, 0x2924, 0x630C, 0xDEDB, 0xFFFF, 0xFFFF, 0xFFFF, 0xFFFF, 0xFFFF, 0xFFFF, 0xFFFF, 0xFFFF,
  0xFFFF, 0xFFFF, 0xFFFF, 0xFFFF, 0xFFFF, 0xFFFF, 0xFFFF, 0xFFFF, 0xFFFF, 0xFFFF, 0xFFFF, 0xFFFF,
  0xFFFF, 0xFFFF, 0xFFFF, 0xFFFF, 0xFFFF, 0xFFFF, 0xFFFF, 0xFFFF, 0xFFFF, 0xFFFF, 0xFFFF, 0xFFFF,
  0xFFFF, 0xFFFF, 0xFFFF, 0xFFFF, 0xFFFF, 0xFFFF, 0xFFFF, 0xFFFF, 0xFFFF, 0xFFFF, 0xFFFF, 0xFFFF,
  0xFFFF, 0xFFFF, 0xFFFF, 0xFFFF, 0xFFFF, 0xFFFF, 0xFFFF, 0xFFFF, 0xFFFF, 0xFFFF, 0xFFFF, 0xFFFF,
  0xFFFF, 0xFFFF, 0xFFFF, 0xFFFF, 0xFFFF, 0xFFFF, 0xFFFF, 0xFFFF, 0xFFFF, 0xFFFF, 0xFFFF, 0xFFFF,
  0xFFFF, 0xFFFF, 0xFFFF, 0xFFFF, 0xFFFF, 0xFFFF, 0xFFFF, 0xFFFF, 0xFFFF, 0xFFFF, 0xFFFF, 0xFFFF,
  0xFFFF, 0xFFFF, 0xFFFF, 0xFFFF, 0xFFFF, 0xFFFF, 0xFFFF, 0xFFFF, 0xFFFF, 0xFFFF, 0xFFFF, 0xFFFF,
  0xFFFF, 0xFFFF, 0xFFFF, 0xFFFF, 0xFFFF, 0xFFFF, 0xFFFF, 0xFFFF, 0xFFFF, 0xFFFF, 0xFFFF, 0xFFFF,
  0xFFFF, 0xFFFF, 0xFFFF, 0xFFFF, 0xFFFF, 0xFFFF, 0xFFFF, 0xFFFF, 0xFFFF, 0xFFFF, 0xFFFF, 0xFFFF,
  0xFFFF, 0xFFFF, 0xFFFF, 0xFFFF, 0xFFFF, 0xFFFF, 0xFFFF, 0xFFFF, 0xFFFF, 0xFFFF, 0xFFFF, 0xFFFF,
  0xFFFF, 0xFFFF, 0xFFFF, 0xFFFF, 0xFFFF, 0xFFFF, 0xFFFF, 0xFFFF, 0xFFFF, 0xFFFF, 0xFFFF, 0xFFFF,
  0xFFFF, 0xFFFF, 0xFFFF, 0xFFFF, 0xFFFF, 0xFFFF, 0xFFFF, 0xFFFF, 0xFFFF, 0xFFFF, 0xFFFF, 0xFFFF,
  0xFFFF, 0xFFFF, 0xFFFF, 0xFFFF, 0xFFFF, 0xFFFF, 0xFFFF, 0xFFFF, 0xFFFF, 0xFFFF, 0xFFFF, 0xFFFF,
  0xFFFF, 0xFFFF, 0xFFFF, 0xFFFF, 0xFFFF, 0xFFFF, 0xFFFF, 0xFFFF, 0xFFFF, 0xFFFF, 0xFFFF, 0xFFFF,
  0xFFFF, 0xFFFF, 0xFFFF, 0xFFFF, 0xFFFF, 0xFFFF, 0xFFFF, 0xFFFF, 0xFFFF, 0xFFFF, 0xFFFF, 0xFFFF,
  0xFFFF, 0xFFFF, 0xFFFF, 0xFFFF, 0xFFFF, 0xFFFF, 0xFFFF, 0xFFFF, 0xFFFF, 0xFFFF, 0xFFFF, 0xFFFF,
  0xFFFF, 0xFFFF, 0xFFFF, 0xEF7D, 0x94B2, 0x39A6, 0x20E4, 0x20E4, 0x20E4, 0x20E4, 0x20E4, 0x20E4,
  0x20E4, 0x20E4, 0x20E4, 0x20E4, 0x20E4, 0x20E4, 0x20E4, 0x20E4, 0x20E4, 0x20E4, 0x20E4, 0x20E4,
  0x20E4, 0x20E4, 0x20E4, 0x20E4, 0x20E4, 0x20E4, 0x20E4, 0x20E4, 0x20E4, 0x20E4, 0x20E4, 0x20E4,
  0x20E4, 0x20E4, 0x2945, 0x738E, 0xE6FB, 0xFFFF, 0xFFFF, 0xFFFF, 0xFFFF, 0xFFFF, 0xFFFF, 0xFFFF,
  0xFFFF, 0xFFFF, 0xFFFF, 0xFFFF, 0xFFFF, 0xFFFF, 0xFFFF, 0xFFFF, 0xFFFF, 0xFFFF, 0xFFFF, 0xFFFF,
  0xFFFF, 0xFFFF, 0xFFFF, 0xFFFF, 0xFFFF, 0xFFFF, 0xFFFF, 0xFFFF, 0xFFFF, 0xFFFF, 0xFFFF, 0xFFFF,
  0xFFFF, 0xFFFF, 0xFFFF, 0xFFFF, 0xFFFF, 0xFFFF, 0xFFFF, 0xFFFF, 0xFFFF, 0xFFFF, 0xFFFF, 0xFFFF,
  0xFFFF, 0xFFFF, 0xFFFF, 0xFFFF, 0xFFFF, 0xFFFF, 0xFFFF, 0xFFFF, 0xFFFF, 0xFFFF, 0xFFFF, 0xFFFF,
  0xFFFF, 0xFFFF, 0xFFFF, 0xFFFF, 0xFFFF, 0xFFFF, 0xFFFF, 0xFFFF, 0xFFFF, 0xFFFF, 0xFFFF, 0xFFFF,
  0xFFFF, 0xFFFF, 0xFFFF, 0xFFFF, 0xFFFF, 0xFFFF, 0xFFFF, 0xFFFF, 0xFFFF, 0xFFFF, 0xFFFF, 0xFFFF,
  0xFFFF, 0xFFFF, 0xFFFF, 0xFFFF, 0xFFFF, 0xFFFF, 0xFFFF, 0xFFFF, 0xFFFF, 0xFFFF, 0xFFFF, 0xFFFF,
  0xFFFF, 0xFFFF, 0xFFFF, 0xFFFF, 0xFFFF, 0xFFFF, 0xFFFF, 0xFFFF, 0xFFFF, 0xFFFF, 0xFFFF, 0xFFFF,
  0xFFFF, 0xFFFF, 0xFFFF, 0xFFFF, 0xFFFF, 0xFFFF, 0xFFFF, 0xFFFF, 0xFFFF, 0xFFFF, 0xFFFF, 0xFFFF,
  0xFFFF, 0xFFFF, 0xFFFF, 0xFFFF, 0xFFFF, 0xFFFF, 0xFFFF, 0xFFFF, 0xFFFF, 0xFFFF, 0xFFFF, 0xFFFF,
  0xFFFF, 0xFFFF, 0xFFFF, 0xFFFF, 0xFFFF, 0xFFFF, 0xFFFF, 0xFFFF, 0xFFFF, 0xFFFF, 0xFFFF, 0xFFFF,
  0xFFFF, 0xFFFF, 0xFFFF, 0xFFFF, 0xFFFF, 0xFFFF, 0xFFFF, 0xFFFF, 0xFFFF, 0xFFFF, 0xFFFF, 0xFFFF,
  0xFFFF, 0xFFFF, 0xFFFF, 0xFFFF, 0xFFFF, 0xFFFF, 0xFFFF, 0xFFFF, 0xFFFF, 0xFFFF, 0xFFFF, 0xFFFF,
  0xFFFF, 0xFFFF, 0xFFFF, 0xFFFF, 0xFFFF, 0xFFFF, 0xFFFF, 0xFFFF, 0xFFFF, 0xFFFF, 0xFFFF, 0xFFFF,
  0xFFFF, 0xFFFF, 0xFFFF, 0xFFFF, 0xFFFF, 0xFFFF, 0xFFFF, 0xFFFF, 0xFFFF, 0xFFFF, 0xFFFF, 0xFFFF,
  0xFFFF, 0xFFFF, 0xFFFF, 0xFFFF, 0xFFFF, 0xFFFF, 0xFFFF, 0xFFFF, 0xFFFF, 0xFFFF, 0xFFFF, 0xFFFF,
  0xFFFF, 0xFFFF, 0xF79E, 0xA4F3, 0x39A6, 0x20E4, 0x20E4, 0x20E4, 0x20E4, 0x20E4, 0x20E4, 0x20E4,
  0x20E4, 0x20E4, 0x20E4, 0x20E4, 0x20E4, 0x20E4, 0x20E4, 0x20E4, 0x20E4, 0x20E4, 0x20E4, 0x20E4,
  0x20E4, 0x20E4, 0x20E4, 0x20E4, 0x20E4, 0x20E4, 0x20E4, 0x20E4, 0x20E4, 0x20E4, 0x20E4, 0x20E4,
  0x20E4, 0x20E4, 0x20E4, 0x3165, 0x8410, 0xEF5D, 0xFFFF, 0xFFFF, 0xFFFF, 0xFFFF, 0xFFFF, 0xFFFF,
  0xFFFF, 0xFFFF, 0xFFFF, 0xFFFF, 0xFFFF, 0xFFFF, 0xFFFF, 0xFFFF, 0xFFFF, 0xFFFF, 0xFFFF, 0xFFFF,
  0xFFFF, 0xFFFF, 0xFFFF, 0xFFFF, 0xFFFF, 0xFFFF, 0xFFFF, 0xFFFF, 0xFFFF, 0xFFFF, 0xFFFF, 0xFFFF,
  0xFFFF, 0xFFFF, 0xFFFF, 0xFFFF, 0xFFFF, 0xFFFF, 0xFFFF, 0xFFFF, 0xFFFF, 0xFFFF, 0xFFFF, 0xFFFF,
  0xFFFF, 0xFFFF, 0xFFFF, 0xFFFF, 0xFFFF, 0xFFFF, 0xFFFF, 0xFFFF, 0xFFFF, 0xFFFF, 0xFFFF, 0xFFFF,
  0xFFFF, 0xFFFF, 0xFFFF, 0xFFFF, 0xFFFF, 0xFFFF, 0xFFFF, 0xFFFF, 0xFFFF, 0xFFFF, 0xFFFF, 0xFFFF,
  0xFFFF, 0xFFFF, 0xFFFF, 0xFFFF, 0xFFFF, 0xFFFF, 0xFFFF, 0xFFFF, 0xFFFF, 0xFFFF, 0xFFFF, 0xFFFF,
  0xFFFF, 0xFFFF, 0xFFFF, 0xFFFF, 0xFFFF, 0xFFFF, 0xFFFF, 0xFFFF, 0xFFFF, 0xFFFF, 0xFFFF, 0xFFFF,
  0xFFFF, 0xFFFF, 0xFFFF, 0xFFFF, 0xFFFF, 0xFFFF, 0xFFFF, 0xFFFF, 0xFFFF, 0xFFFF, 0xFFFF, 0xFFFF,
  0xFFFF, 0xFFFF, 0xFFFF, 0xFFFF, 0xFFFF, 0xFFFF, 0xFFFF, 0xFFFF, 0xFFFF, 0xFFFF, 0xFFFF, 0xFFFF,
  0xFFFF, 0xFFFF, 0xFFFF, 0xFFFF, 0xFFFF, 0xFFFF, 0xFFFF, 0xFFFF, 0xFFFF, 0xFFFF, 0xFFFF, 0xFFFF,
  0xFFFF, 0xFFFF, 0xFFFF, 0xFFFF, 0xFFFF, 0xFFFF, 0xFFFF, 0xFFFF, 0xFFFF, 0xFFFF, 0xFFFF, 0xFFFF,
  0xFFFF, 0xFFFF, 0xFFFF, 0xFFFF, 0xFFFF, 0xFFFF, 0xFFFF, 0xFFFF, 0xFFFF, 0xFFFF, 0xFFFF, 0xFFFF,
  0xFFFF, 0xFFFF, 0xFFFF, 0xFFFF, 0xFFFF, 0xFFFF, 0xFFFF, 0xFFFF, 0xFFFF, 0xFFFF, 0xFFFF, 0xFFFF,
  0xFFFF, 0xFFFF, 0xFFFF, 0xFFFF, 0xFFFF, 0xFFFF, 0xFFFF, 0xFFFF, 0xFFFF, 0xFFFF, 0xFFFF, 0xFFFF,
  0xFFFF, 0xFFFF, 0xFFFF, 0xFFFF, 0xFFFF, 0xFFFF, 0xFFFF, 0xFFFF, 0xFFFF, 0xFFFF, 0xFFFF, 0xFFFF,
  0xFFFF, 0xFFFF, 0xFFFF, 0xFFFF, 0xFFFF, 0xFFFF, 0xFFFF, 0xFFFF, 0xFFFF, 0xFFFF, 0xFFFF, 0xFFFF,
  0xFFFF, 0xF7BE, 0xB596, 0x39E7, 0x20E4, 0x20E4, 0x20E4, 0x20E4, 0x20E4, 0x20E4, 0x20E4, 0x20E4,
  0x20E4, 0x20E4, 0x20E4, 0x20E4, 0x20E4, 0x20E4, 0x20E4, 0x20E4, 0x20E4, 0x20E4, 0x20E4, 0x20E4,
  0x20E4, 0x20E4, 0x20E4, 0x20E4, 0x20E4, 0x20E4, 0x20E4, 0x20E4, 0x20E4, 0x20E4, 0x20E4, 0x20E4,
  0x20E4, 0x20E4, 0x20E4, 0x20E4, 0x39A6, 0xA514, 0xF79E, 0xFFFF, 0xFFFF, 0xFFFF, 0xFFFF, 0xFFFF,
  0xFFFF, 0xFFFF, 0xFFFF, 0xFFFF, 0xFFFF, 0xFFFF, 0xFFFF, 0xFFFF, 0xFFFF, 0xFFFF, 0xFFFF, 0xFFFF,
  0xFFFF, 0xFFFF, 0xFFFF, 0xFFFF, 0xFFFF, 0xFFFF, 0xFFFF, 0xFFFF, 0xFFFF, 0xFFFF, 0xFFFF, 0xFFFF,
  0xFFFF, 0xFFFF, 0xFFFF, 0xFFFF, 0xFFFF, 0xFFFF, 0xFFFF, 0xFFFF, 0xFFFF, 0xFFFF, 0xFFFF, 0xFFFF,
  0xFFFF, 0xFFFF, 0xFFFF, 0xFFFF, 0xFFFF, 0xFFFF, 0xFFFF, 0xFFFF, 0xFFFF, 0xFFFF, 0xFFFF, 0xFFFF,
  0xFFFF, 0xFFFF, 0xFFFF, 0xFFFF, 0xFFFF, 0xFFFF, 0xFFFF, 0xFFFF, 0xFFFF, 0xFFFF, 0xFFFF, 0xFFFF,
  0xFFFF, 0xFFFF, 0xFFFF, 0xFFFF, 0xFFFF, 0xFFFF, 0xFFFF, 0xFFFF, 0xFFFF, 0xFFFF, 0xFFFF, 0xFFFF,
  0xFFFF, 0xFFFF, 0xFFFF, 0xFFFF, 0xFFFF, 0xFFFF, 0xFFFF, 0xFFFF, 0xFFFF, 0xFFFF, 0xFFFF, 0xFFFF,
  0xFFFF, 0xFFFF, 0xFFFF, 0xFFFF, 0xFFFF, 0xFFFF, 0xFFFF, 0xFFFF, 0xFFFF, 0xFFFF, 0xFFFF, 0xFFFF,
  0xFFFF, 0xFFFF, 0xFFFF, 0xFFFF, 0xFFFF, 0xFFFF, 0xFFFF, 0xFFFF, 0xFFFF, 0xFFFF, 0xFFFF, 0xFFFF,
  0xFFFF, 0xFFFF, 0xFFFF, 0xFFFF, 0xFFFF, 0xFFFF, 0xFFFF, 0xFFFF, 0xFFFF, 0xFFFF, 0xFFFF, 0xFFFF,
  0xFFFF, 0xFFFF, 0xFFFF, 0xFFFF, 0xFFFF, 0xFFFF, 0xFFFF, 0xFFFF, 0xFFFF, 0xFFFF, 0xFFFF, 0xFFFF,
  0xFFFF, 0xFFFF, 0xFFFF, 0xFFFF, 0xFFFF, 0xFFFF, 0xFFFF, 0xFFFF, 0xFFFF, 0xFFFF, 0xFFFF, 0xFFFF,
  0xFFFF, 0xFFFF, 0xFFFF, 0xFFFF, 0xFFFF, 0xFFFF, 0xFFFF, 0xFFFF, 0xFFFF, 0xFFFF, 0xFFFF, 0xFFFF,
  0xFFFF, 0xFFFF, 0xFFFF, 0xFFFF, 0xFFFF, 0xFFFF, 0xFFFF, 0xFFFF, 0xFFFF, 0xFFFF, 0xFFFF, 0xFFFF,
  0xFFFF, 0xFFFF, 0xFFFF, 0xFFFF, 0xFFFF, 0xFFFF, 0xFFFF, 0xFFFF, 0xFFFF, 0xFFFF, 0xFFFF, 0xFFFF,
  0xFFFF, 0xFFFF, 0xFFFF, 0xFFFF, 0xFFFF, 0xFFFF, 0xFFFF, 0xFFFF, 0xFFFF, 0xFFFF, 0xFFFF, 0xFFFF,
  0xFFFF, 0xD6BA, 0x528A, 0x20E4, 0x20E4, 0x20E4, 0x20E4, 0x20E4, 0x20E4, 0x20E4, 0x20E4, 0x20E4,
  0x20E4, 0x20E4, 0x20E4, 0x20E4, 0x20E4, 0x20E4, 0x20E4, 0x20E4, 0x20E4, 0x20E4, 0x20E4, 0x20E4,
  0x20E4, 0x20E4, 0x20E4, 0x20E4, 0x20E4, 0x20E4, 0x20E4, 0x20E4, 0x20E4, 0x20E4, 0x20E4, 0x20E4,
  0x20E4, 0x20E4, 0x20E4, 0x20E4, 0x20E4, 0x4228, 0xC618, 0xFFDF, 0xFFFF, 0xFFFF, 0xFFFF, 0xFFFF,
  0xFFFF, 0xFFFF, 0xFFFF, 0xFFFF, 0xFFFF, 0xFFFF, 0xFFFF, 0xFFFF, 0xFFFF, 0xFFFF, 0xFFFF, 0xFFFF,
  0xFFFF, 0xFFFF, 0xFFFF, 0xFFFF, 0xFFFF, 0xFFFF, 0xFFFF, 0xFFFF, 0xFFFF, 0xFFFF, 0xFFFF, 0xFFFF,
  0xFFFF, 0xFFFF, 0xFFFF, 0xFFFF, 0xFFFF, 0xFFFF, 0xFFFF, 0xFFFF, 0xFFFF, 0xFFFF, 0xFFFF, 0xFFFF,
  0xFFFF, 0xFFFF, 0xFFFF, 0xFFFF, 0xFFFF, 0xFFFF, 0xFFFF, 0xFFFF, 0xFFFF, 0xFFFF, 0xFFFF, 0xFFFF,
  0xFFFF, 0xFFFF, 0xFFFF, 0xFFFF, 0xFFFF, 0xFFFF, 0xFFFF, 0xFFFF, 0xFFFF, 0xFFFF, 0xFFFF, 0xFFFF,
  0xFFFF, 0xFFFF, 0xFFFF, 0xFFFF, 0xFFFF, 0xFFFF, 0xFFFF, 0xFFFF, 0xFFFF, 0xFFFF, 0xFFFF, 0xFFFF,
  0xFFFF, 0xFFFF, 0xFFFF, 0xFFFF, 0xFFFF, 0xFFFF, 0xFFFF, 0xFFFF, 0xFFFF, 0xFFFF, 0xFFFF, 0xFFFF,
  0xFFFF, 0xFFFF, 0xFFFF, 0xFFFF, 0xFFFF, 0xFFFF, 0xFFFF, 0xFFFF, 0xFFFF, 0xFFFF, 0xFFFF, 0xFFFF,
  0xFFFF, 0xFFFF, 0xFFFF, 0xFFFF, 0xFFFF, 0xFFFF, 0xFFFF, 0xFFFF, 0xFFFF, 0xFFFF, 0xFFFF, 0xFFFF,
  0xFFFF, 0xFFFF, 0xFFFF, 0xFFFF, 0xFFFF, 0xFFFF, 0xFFFF, 0xFFFF, 0xFFFF, 0xFFFF, 0xFFFF, 0xFFFF,
  0xFFFF, 0xFFFF, 0xFFFF, 0xFFFF, 0xFFFF, 0xFFFF, 0xFFFF, 0xFFFF, 0xFFFF, 0xFFFF, 0xFFFF, 0xFFFF,
  0xFFFF, 0xFFFF, 0xFFFF, 0xFFFF, 0xFFFF, 0xFFFF, 0xFFFF, 0xFFFF, 0xFFFF, 0xFFFF, 0xFFFF, 0xFFFF,
  0xFFFF, 0xFFFF, 0xFFFF, 0xFFFF, 0xFFFF, 0xFFFF, 0xFFFF, 0xFFFF, 0xFFFF, 0xFFFF, 0xFFFF, 0xFFFF,
  0xFFFF, 0xFFFF, 0xFFFF, 0xFFFF, 0xFFFF, 0xFFFF, 0xFFFF, 0xFFFF, 0xFFFF, 0xFFFF, 0xFFFF, 0xFFFF,
  0xFFFF, 0xFFFF, 0xFFFF, 0xFFFF, 0xFFFF, 0xFFFF, 0xFFFF, 0xFFFF, 0xFFFF, 0xFFFF, 0xFFFF, 0xFFFF,
  0xFFFF, 0xFFFF, 0xFFFF, 0xFFFF, 0xFFFF, 0xFFFF, 0xFFFF, 0xFFFF, 0xFFFF, 0xFFFF, 0xFFFF, 0xFFFF,
  0xEF7D, 0x7BCF, 0x2924, 0x20E4, 0x20E4, 0x20E4, 0x20E4, 0x20E4, 0x20E4, 0x20E4, 0x20E4, 0x20E4,
  0x20E4, 0x20E4, 0x20E4, 0x20E4, 0x20E4, 0x20E4, 0x20E4, 0x20E4, 0x20E4, 0x20E4, 0x20E4, 0x20E4,
  0x20E4, 0x20E4, 0x20E4, 0x20E4, 0x20E4, 0x20E4, 0x20E4, 0x20E4, 0x20E4, 0x20E4, 0x20E4, 0x20E4,
  0x20E4, 0x20E4, 0x20E4, 0x20E4, 0x20E4, 0x2104, 0x62EB, 0xDEFB, 0xFFFF, 0xFFFF, 0xFFFF, 0xFFFF,
  0xFFFF, 0xFFFF, 0xFFFF, 0xFFFF, 0xFFFF, 0xFFFF, 0xFFFF, 0xFFFF, 0xFFFF, 0xFFFF, 0xFFFF, 0xFFFF,
  0xFFFF, 0xFFFF, 0xFFFF, 0xFFFF, 0xFFFF, 0xFFFF, 0xFFFF, 0xFFFF, 0xFFFF, 0xFFFF, 0xFFFF, 0xFFFF,
  0xFFFF, 0xFFFF, 0xFFFF, 0xFFFF, 0xFFFF, 0xFFFF, 0xFFFF, 0xFFFF, 0xFFFF, 0xFFFF, 0xFFFF, 0xFFFF,
  0xFFFF, 0xFFFF, 0xFFFF, 0xFFFF, 0xFFFF, 0xFFFF, 0xFFFF, 0xFFFF, 0xFFFF, 0xFFFF, 0xFFFF, 0xFFFF,
  0xFFFF, 0xFFFF, 0xFFFF, 0xFFFF, 0xFFFF, 0xFFFF, 0xFFFF, 0xFFFF, 0xFFFF, 0xFFFF, 0xFFFF, 0xFFFF,
  0xFFFF, 0xFFFF, 0xFFFF, 0xFFFF, 0xFFFF, 0xFFFF, 0xFFFF, 0xFFFF, 0xFFFF, 0xFFFF, 0xFFFF, 0xFFFF,
  0xFFFF, 0xFFFF, 0xFFFF, 0xFFFF, 0xFFFF, 0xFFFF, 0xFFFF, 0xFFFF, 0xFFFF, 0xFFFF, 0xFFFF, 0xFFFF,
  0xFFFF, 0xFFFF, 0xFFFF, 0xFFFF, 0xFFFF, 0xFFFF, 0xFFFF, 0xFFFF, 0xFFFF, 0xFFFF, 0xFFFF, 0xFFFF,
  0xFFFF, 0xFFFF, 0xFFFF, 0xFFFF, 0xFFFF, 0xFFFF, 0xFFFF, 0xFFFF, 0xFFFF, 0xFFFF, 0xFFFF, 0xFFFF,
  0xFFFF, 0xFFFF, 0xFFFF, 0xFFFF, 0xFFFF, 0xFFFF, 0xFFFF, 0xFFFF, 0xFFFF, 0xFFFF, 0xFFFF, 0xFFFF,
  0xFFFF, 0xFFFF, 0xFFFF, 0xFFFF, 0xFFFF, 0xFFFF, 0xFFFF, 0xFFFF, 0xFFFF, 0xFFFF, 0xFFFF, 0xFFFF,
  0xFFFF, 0xFFFF, 0xFFFF, 0xFFFF, 0xFFFF, 0xFFFF, 0xFFFF, 0xFFFF, 0xFFFF, 0xFFFF, 0xFFFF, 0xFFFF,
  0xFFFF, 0xFFFF, 0xFFFF, 0xFFFF, 0xFFFF, 0xFFFF, 0xFFFF, 0xFFFF, 0xFFFF, 0xFFFF, 0xFFFF, 0xFFFF,
  0xFFFF, 0xFFFF, 0xFFFF, 0xFFFF, 0xFFFF, 0xFFFF, 0xFFFF, 0xFFFF, 0xFFFF, 0xFFFF, 0xFFFF, 0xFFFF,
  0xFFFF, 0xFFFF, 0xFFFF, 0xFFFF, 0xFFFF, 0xFFFF, 0xFFFF, 0xFFFF, 0xFFFF, 0xFFFF, 0xFFFF, 0xFFFF,
  0xFFFF, 0xFFFF, 0xFFFF, 0xFFFF, 0xFFFF, 0xFFFF, 0xFFFF, 0xFFFF, 0xFFFF, 0xFFFF, 0xFFFF, 0xFFDF,
  0xB5B6, 0x39C7, 0x20E4, 0x20E4, 0x20E4, 0x20E4, 0x20E4, 0x20E4, 0x20E4, 0x20E4, 0x20E4, 0x20E4,
  0x20E4, 0x20E4, 0x20E4, 0x20E4, 0x20E4, 0x20E4, 0x20E4, 0x20E4, 0x20E4, 0x20E4, 0x20E4, 0x20E4,
  0x20E4, 0x20E4, 0x20E4, 0x20E4, 0x20E4, 0x20E4, 0x20E4, 0x20E4, 0x20E4, 0x20E4, 0x20E4, 0x20E4,
  0x20E4, 0x20E4, 0x20E4, 0x20E4, 0x20E4, 0x20E4, 0x2924, 0x8C51, 0xEF7D, 0xFFFF, 0xFFFF, 0xFFFF,
  0xFFFF, 0xFFFF, 0xFFFF, 0xFFFF, 0xFFFF, 0xFFFF, 0xFFFF, 0xFFFF, 0xFFFF, 0xFFFF, 0xFFFF, 0xFFFF,
  0xFFFF, 0xFFFF, 0xFFFF, 0xFFFF, 0xFFFF, 0xFFFF, 0xFFFF, 0xFFFF, 0xFFFF, 0xFFFF, 0xFFFF, 0xFFFF,
  0xFFFF, 0xFFFF, 0xFFFF, 0xFFFF, 0xFFFF, 0xFFFF, 0xFFFF, 0xFFFF, 0xFFFF, 0xFFFF, 0xFFFF, 0xFFFF,
  0xFFFF, 0xFFFF, 0xFFFF, 0xFFFF, 0xFFFF, 0xFFFF, 0xFFFF, 0xFFFF, 0xFFFF, 0xFFFF, 0xFFFF, 0xFFFF,
  0xFFFF, 0xFFFF, 0xFFFF, 0xFFFF, 0xFFFF, 0xFFFF, 0xFFFF, 0xFFFF, 0xFFFF, 0xFFFF, 0xFFFF, 0xFFFF,
  0xFFFF, 0xFFFF, 0xFFFF, 0xFFFF, 0xFFFF, 0xFFFF, 0xFFFF, 0xFFFF, 0xFFFF, 0xFFFF, 0xFFFF, 0xFFFF,
  0xFFFF, 0xFFFF, 0xFFFF, 0xFFFF, 0xFFFF, 0xFFFF, 0xFFFF, 0xFFFF, 0xFFFF, 0xFFFF, 0xFFFF, 0xFFFF,
  0xFFFF, 0xFFFF, 0xFFFF, 0xFFFF, 0xFFFF, 0xFFFF, 0xFFFF, 0xFFFF, 0xFFFF, 0xFFFF, 0xFFFF, 0xFFFF,
  0xFFFF, 0xFFFF, 0xFFFF, 0xFFFF, 0xFFFF, 0xFFFF, 0xFFFF, 0xFFFF, 0xFFFF, 0xFFFF, 0xFFFF, 0xFFFF,
  0xFFFF, 0xFFFF, 0xFFFF, 0xFFFF, 0xFFFF, 0xFFFF, 0xFFFF, 0xFFFF, 0xFFFF, 0xFFFF, 0xFFFF, 0xFFFF,
  0xFFFF, 0xFFFF, 0xFFFF, 0xFFFF, 0xFFFF, 0xFFFF, 0xFFFF, 0xFFFF, 0xFFFF, 0xFFFF, 0xFFFF, 0xFFFF,
  0xFFFF, 0xFFFF, 0xFFFF, 0xFFFF, 0xFFFF, 0xFFFF, 0xFFFF, 0xFFFF, 0xFFFF, 0xFFFF, 0xFFFF, 0xFFFF,
  0xFFFF, 0xFFFF, 0xFFFF, 0xFFFF, 0xFFFF, 0xFFFF, 0xFFFF, 0xFFFF, 0xFFFF, 0xFFFF, 0xFFFF, 0xFFFF,
  0xFFFF, 0xFFFF, 0xFFFF, 0xFFFF, 0xFFFF, 0xFFFF, 0xFFFF, 0xFFFF, 0xFFFF, 0xFFFF, 0xFFFF, 0xFFFF,
  0xFFFF, 0xFFFF, 0xFFFF, 0xFFFF, 0xFFFF, 0xFFFF, 0xFFFF, 0xFFFF, 0xFFFF, 0xFFFF, 0xFFFF, 0xFFFF,
  0xFFFF, 0xFFFF, 0xFFFF, 0xFFFF, 0xFFFF, 0xFFFF, 0xFFFF, 0xFFFF, 0xFFFF, 0xFFFF, 0xFFFF, 0xEF7D,
  0x6B2C, 0x2924, 0x20E4, 0x20E4, 0x20E4, 0x20E4, 0x20E4, 0x20E4, 0x20E4, 0x20E4, 0x20E4, 0x20E4,
  0x20E4, 0x20E4, 0x20E3, 0x20E4, 0x20E4, 0x20E4, 0x20E4, 0x20E4, 0x20E4, 0x20E4, 0x20E4, 0x20E4,
  0x20E4, 0x20E4, 0x20E4, 0x20E4, 0x20E4, 0x20E4, 0x20E4, 0x20E4, 0x20E4, 0x20E4, 0x20E4, 0x20E4,
  0x20E4, 0x20E4, 0x20E4, 0x20E4, 0x20E4, 0x20E4, 0x20E4, 0x39A6, 0xB596, 0xF7BE, 0xFFFF, 0xFFFF,
  0xFFFF, 0xFFFF, 0xFFFF, 0xFFFF, 0xFFFF, 0xFFFF, 0xFFFF, 0xFFFF, 0xFFFF, 0xFFFF, 0xFFFF, 0xFFFF,
  0xFFFF, 0xFFFF, 0xFFFF, 0xFFFF, 0xFFFF, 0xFFFF, 0xFFFF, 0xFFFF, 0xFFFF, 0xFFFF, 0xFFFF, 0xFFFF,
  0xFFFF, 0xFFFF, 0xFFFF, 0xFFFF, 0xFFFF, 0xFFFF, 0xFFFF, 0xFFFF, 0xFFFF, 0xFFFF, 0xFFFF, 0xFFFF,
  0xFFFF, 0xFFFF, 0xFFFF, 0xFFFF, 0xFFFF, 0xFFFF, 0xFFFF, 0xFFFF, 0xFFFF, 0xFFFF, 0xFFFF, 0xFFFF,
  0xFFFF, 0xFFFF, 0xFFFF, 0xFFFF, 0xFFFF, 0xFFFF, 0xFFFF, 0xFFFF, 0xFFFF, 0xFFFF, 0xFFFF, 0xFFFF,
  0xFFFF, 0xFFFF, 0xFFFF, 0xFFFF, 0xFFFF, 0xFFFF, 0xFFFF, 0xFFFF, 0xFFFF, 0xFFFF, 0xFFFF, 0xFFFF,
  0xFFFF, 0xFFFF, 0xFFFF, 0xFFFF, 0xFFFF, 0xFFFF, 0xFFFF, 0xFFFF, 0xFFFF, 0xFFFF, 0xFFFF, 0xFFFF,
  0xFFFF, 0xFFFF, 0xFFFF, 0xFFFF, 0xFFFF, 0xFFFF, 0xFFFF, 0xFFFF, 0xFFFF, 0xFFFF, 0xFFFF, 0xFFFF,
  0xFFFF, 0xFFFF, 0xFFFF, 0xFFFF, 0xFFFF, 0xFFFF, 0xFFFF, 0xFFFF, 0xFFFF, 0xFFFF, 0xFFFF, 0xFFFF,
  0xFFFF, 0xFFFF, 0xFFFF, 0xFFFF, 0xFFFF, 0xFFFF, 0xFFFF, 0xFFFF, 0xFFFF, 0xFFFF, 0xFFFF, 0xFFFF,
  0xFFFF, 0xFFFF, 0xFFFF, 0xFFFF, 0xFFFF, 0xFFFF, 0xFFFF, 0xFFFF, 0xFFFF, 0xFFFF, 0xFFFF, 0xFFFF,
  0xFFFF, 0xFFFF, 0xFFFF, 0xFFFF, 0xFFFF, 0xFFFF, 0xFFFF, 0xFFFF, 0xFFFF, 0xFFFF, 0xFFFF, 0xFFFF,
  0xFFFF, 0xFFFF, 0xFFFF, 0xFFFF, 0xFFFF, 0xFFFF, 0xFFFF, 0xFFFF, 0xFFFF, 0xFFFF, 0xFFFF, 0xFFFF,
  0xFFFF, 0xFFFF, 0xFFFF, 0xFFFF, 0xFFFF, 0xFFFF, 0xFFFF, 0xFFFF, 0xFFFF, 0xFFFF, 0xFFFF, 0xFFFF,
  0xFFFF, 0xFFFF, 0xFFFF, 0xFFFF, 0xFFFF, 0xFFFF, 0xFFFF, 0xFFFF, 0xFFFF, 0xFFFF, 0xFFFF, 0xFFFF,
  0xFFFF, 0xFFFF, 0xFFFF, 0xFFFF, 0xFFFF, 0xFFFF, 0xFFFF, 0xFFFF, 0xFFFF, 0xFFFF, 0xFFFF, 0xB5B6,
  0x39C7, 0x20E4, 0x20E4, 0x20E4, 0x20E4, 0x20E4, 0x20E4, 0x20E4, 0x20E4, 0x20E4, 0x20E4, 0x20E4,
  0x20E4, 0x20E4, 0x20E4, 0x20E4, 0x20E4, 0x20E4, 0x20E4, 0x20E4, 0x20E4, 0x20E4, 0x20E4, 0x20E4,
  0x20E4, 0x20E4, 0x20E4, 0x20E4, 0x20E4, 0x20E4, 0x20E4, 0x20E4, 0x20E4, 0x20E4, 0x20E4, 0x20E4,
  0x20E4, 0x20E4, 0x20E4, 0x20E4, 0x20E4, 0x20E4, 0x20E4, 0x2104, 0x528A, 0xD6BA, 0xFFFF, 0xFFFF,
  0xFFFF, 0xFFFF, 0xFFFF, 0xFFFF, 0xFFFF, 0xFFFF, 0xFFFF, 0xFFFF, 0xFFFF, 0xFFFF, 0xFFFF, 0xFFFF,
  0xFFFF, 0xFFFF, 0xFFFF, 0xFFFF, 0xFFFF, 0xFFFF, 0xFFFF, 0xFFFF, 0xFFFF, 0xFFFF, 0xFFFF, 0xFFFF,
  0xFFFF, 0xFFFF, 0xFFFF, 0xFFFF, 0xFFFF, 0xFFFF, 0xFFFF, 0xFFFF, 0xFFFF, 0xFFFF, 0xFFFF, 0xFFFF,
  0xFFFF, 0xFFFF, 0xFFFF, 0xFFFF, 0xFFFF, 0xFFFF, 0xFFFF, 0xFFFF, 0xFFFF, 0xFFFF, 0xFFFF, 0xFFFF,
  0xFFFF, 0xFFFF, 0xFFFF, 0xFFFF, 0xFFFF, 0xFFFF, 0xFFFF, 0xFFFF, 0xFFFF, 0xFFFF, 0xFFFF, 0xFFFF,
  0xFFFF, 0xFFFF, 0xFFFF, 0xFFFF, 0xFFFF, 0xFFFF, 0xFFFF, 0xFFFF, 0xFFFF, 0xFFFF, 0xFFFF, 0xFFFF,
  0xFFFF, 0xFFFF, 0xFFFF, 0xFFFF, 0xFFFF, 0xFFFF, 0xFFFF, 0xFFFF, 0xFFFF, 0xFFFF, 0xFFFF, 0xFFFF,
  0xFFFF, 0xFFFF, 0xFFFF, 0xFFFF, 0xFFFF, 0xFFFF, 0xFFFF, 0xFFFF, 0xFFFF, 0xFFFF, 0xFFFF, 0xFFFF,
  0xFFFF, 0xFFFF, 0xFFFF, 0xFFFF, 0xFFFF, 0xFFFF, 0xFFFF, 0xFFFF, 0xFFFF, 0xFFFF, 0xFFFF, 0xFFFF,
  0xFFFF, 0xFFFF, 0xFFFF, 0xFFFF, 0xFFFF, 0xFFFF, 0xFFFF, 0xFFFF, 0xFFFF, 0xFFFF, 0xFFFF, 0xFFFF,
  0xFFFF, 0xFFFF, 0xFFFF, 0xFFFF, 0xFFFF, 0xFFFF, 0xFFFF, 0xFFFF, 0xFFFF, 0xFFFF, 0xFFFF, 0xFFFF,
  0xFFFF, 0xFFFF, 0xFFFF, 0xFFFF, 0xFFFF, 0xFFFF, 0xFFFF, 0xFFFF, 0xFFFF, 0xFFFF, 0xFFFF, 0xFFFF,
  0xFFFF, 0xFFFF, 0xFFFF, 0xFFFF, 0xFFFF, 0xFFFF, 0xFFFF, 0xFFFF, 0xFFFF, 0xFFFF, 0xFFFF, 0xFFFF,
  0xFFFF, 0xFFFF, 0xFFFF, 0xFFFF, 0xFFFF, 0xFFFF, 0xFFFF, 0xFFFF, 0xFFFF, 0xFFFF, 0xFFFF, 0xFFFF,
  0xFFFF, 0xFFFF, 0xFFFF, 0xFFFF, 0xFFFF, 0xFFFF, 0xFFFF, 0xFFFF, 0xFFFF, 0xFFFF, 0xFFFF, 0xFFFF,
  0xFFFF, 0xFFFF, 0xFFFF, 0xFFFF, 0xFFFF, 0xFFFF, 0xFFFF, 0xFFFF, 0xFFFF, 0xFFFF, 0xFFDF, 0x73AE,
  0x2925, 0x20E4, 0x20E4, 0x20E4, 0x20E4, 0x20E4, 0x20E4, 0x20E4, 0x20E4, 0x20E4, 0x20E4, 0x20E4,
  0x20E4, 0x20E4, 0x20E4, 0x20E4, 0x20E4, 0x20E4, 0x20E4, 0x20E4, 0x20E4, 0x20E4, 0x20E4, 0x20E4,
  0x20E4, 0x20E4, 0x20E4, 0x20E4, 0x20E4, 0x20E4, 0x20E4, 0x20E4, 0x20E4, 0x20E4, 0x20E4, 0x20E4,
  0x20E4, 0x20E4, 0x20E4, 0x20E4, 0x20E4, 0x20E4, 0x20E4, 0x20E4, 0x2925, 0x7BCF, 0xEF5D, 0xFFFF,
  0xFFFF, 0xFFFF, 0xFFFF, 0xFFFF, 0xFFFF, 0xFFFF, 0xFFFF, 0xFFFF, 0xFFFF, 0xFFFF, 0xFFFF, 0xFFFF,
  0xFFFF, 0xFFFF, 0xFFFF, 0xFFFF, 0xFFFF, 0xFFFF, 0xFFFF, 0xFFFF, 0xFFFF, 0xFFFF, 0xFFFF, 0xFFFF,
  0xFFFF, 0xFFFF, 0xFFFF, 0xFFFF, 0xFFFF, 0xFFFF, 0xFFFF, 0xFFFF, 0xFFFF, 0xFFFF, 0xFFFF, 0xFFFF,
  0xFFFF, 0xFFFF, 0xFFFF, 0xFFFF, 0xFFFF, 0xFFFF, 0xFFFF, 0xFFFF, 0xFFFF, 0xFFFF, 0xFFFF, 0xFFFF,
  0xFFFF, 0xFFFF, 0xFFFF, 0xFFFF, 0xFFFF, 0xFFFF, 0xFFFF, 0xFFFF, 0xFFFF, 0xFFFF, 0xFFFF, 0xFFFF,
  0xFFFF, 0xFFFF, 0xFFFF, 0xFFFF, 0xFFFF, 0xFFFF, 0xFFFF, 0xFFFF, 0xFFFF, 0xFFFF, 0xFFFF, 0xFFFF,
  0xFFFF, 0xFFFF, 0xFFFF, 0xFFFF, 0xFFFF, 0xFFFF, 0xFFFF, 0xFFFF, 0xFFFF, 0xFFFF, 0xFFFF, 0xFFFF,
  0xFFFF, 0xFFFF, 0xFFFF, 0xFFFF, 0xFFFF, 0xFFFF, 0xFFFF, 0xFFFF, 0xFFFF, 0xFFFF, 0xFFFF, 0xFFFF,
  0xFFFF, 0xFFFF, 0xFFFF, 0xFFFF, 0xFFFF, 0xFFFF, 0xFFFF, 0xFFFF, 0xFFFF, 0xFFFF, 0xFFFF, 0xFFFF,
  0xFFFF, 0xFFFF, 0xFFFF, 0xFFFF, 0xFFFF, 0xFFFF, 0xFFFF, 0xFFFF, 0xFFFF, 0xFFFF, 0xFFFF, 0xFFFF,
  0xFFFF, 0xFFFF, 0xFFFF, 0xFFFF, 0xFFFF, 0xFFFF, 0xFFFF, 0xFFFF, 0xFFFF, 0xFFFF, 0xFFFF, 0xFFFF,
  0xFFFF, 0xFFFF, 0xFFFF, 0xFFFF, 0xFFFF, 0xFFFF, 0xFFFF, 0xFFFF, 0xFFFF, 0xFFFF, 0xFFFF, 0xFFFF,
  0xFFFF, 0xFFFF, 0xFFFF, 0xFFFF, 0xFFFF, 0xFFFF, 0xFFFF, 0xFFFF, 0xFFFF, 0xFFFF, 0xFFFF, 0xFFFF,
  0xFFFF, 0xFFFF, 0xFFFF, 0xFFFF, 0xFFFF, 0xFFFF, 0xFFFF, 0xFFFF, 0xFFFF, 0xFFFF, 0xFFFF, 0xFFFF,
  0xFFFF, 0xFFFF, 0xFFFF, 0xFFFF, 0xFFFF, 0xFFFF, 0xFFFF, 0xFFFF, 0xFFFF, 0xFFFF, 0xFFFF, 0xFFFF,
  0xFFFF, 0xFFFF, 0xFFFF, 0xFFFF, 0xFFFF, 0xFFFF, 0xFFFF, 0xFFFF, 0xFFFF, 0xFFFF, 0xDEFB, 0x4A49,
  0x20E4, 0x20E4, 0x20E4, 0x20E4, 0x20E4, 0x20E4, 0x20E4, 0x20E4, 0x20E4, 0x20E4, 0x20E4, 0x20E4,
  0x20E4, 0x20E4, 0x20E4, 0x20E4, 0x20E4, 0x20E4, 0x20E4, 0x20E4, 0x20E4, 0x20E4, 0x20E4, 0x20E4,
  0x20E4, 0x20E4, 0x20E4, 0x20E4, 0x20E4, 0x20E4, 0x20E4, 0x20E4, 0x20E4, 0x20E4, 0x20E4, 0x20E4,
  0x20E4, 0x20E4, 0x20E4, 0x20E4, 0x20E4, 0x20E4, 0x20E4, 0x20E4, 0x20E4, 0x3186, 0xA4F3, 0xFFDF,
  0xFFFF, 0xFFFF, 0xFFFF, 0xFFFF, 0xFFFF, 0xFFFF, 0xFFFF, 0xFFFF, 0xFFFF, 0xFFFF, 0xFFFF, 0xFFFF,
  0xFFFF, 0xFFFF, 0xFFFF, 0xFFFF, 0xFFFF, 0xFFFF, 0xFFFF, 0xFFFF, 0xFFFF, 0xFFFF, 0xFFFF, 0xFFFF,
  0xFFFF, 0xFFFF, 0xFFFF, 0xFFFF, 0xFFFF, 0xFFFF, 0xFFFF, 0xFFFF, 0xFFFF, 0xFFFF, 0xFFFF, 0xFFFF,
  0xFFFF, 0xFFFF, 0xFFFF, 0xFFFF, 0xFFFF, 0xFFFF, 0xFFFF, 0xFFFF, 0xFFFF, 0xFFFF, 0xFFFF, 0xFFFF,
  0xFFFF, 0xFFFF, 0xFFFF, 0xFFFF, 0xFFFF, 0xFFFF, 0xFFFF, 0xFFFF, 0xFFFF, 0xFFFF, 0xFFFF, 0xFFFF,
  0xFFFF, 0xFFFF, 0xFFFF, 0xFFFF, 0xFFFF, 0xFFFF, 0xFFFF, 0xFFFF, 0xFFFF, 0xFFFF, 0xFFFF, 0xFFFF,
  0xFFFF, 0xFFFF, 0xFFFF, 0xFFFF, 0xFFFF, 0xFFFF, 0xFFFF, 0xFFFF, 0xFFFF, 0xFFFF, 0xFFFF, 0xFFFF,
  0xFFFF, 0xFFFF, 0xFFFF, 0xFFFF, 0xFFFF, 0xFFFF, 0xFFFF, 0xFFFF, 0xFFFF, 0xFFFF, 0xFFFF, 0xFFFF,
  0xFFFF, 0xFFFF, 0xFFFF, 0xFFFF, 0xFFFF, 0xFFFF, 0xFFFF, 0xFFFF, 0xFFFF, 0xFFFF, 0xFFFF, 0xFFFF,
  0xFFFF, 0xFFFF, 0xFFFF, 0xFFFF, 0xFFFF, 0xFFFF, 0xFFFF, 0xFFFF, 0xFFFF, 0xFFFF, 0xFFFF, 0xFFFF,
  0xFFFF, 0xFFFF, 0xFFFF, 0xFFFF, 0xFFFF, 0xFFFF, 0xFFFF, 0xFFFF, 0xFFFF, 0xFFFF, 0xFFFF, 0xFFFF,
  0xFFFF, 0xFFFF, 0xFFFF, 0xFFFF, 0xFFFF, 0xFFFF, 0xFFFF, 0xFFFF, 0xFFFF, 0xFFFF, 0xFFFF, 0xFFFF,
  0xFFFF, 0xFFFF, 0xFFFF, 0xFFFF, 0xFFFF, 0xFFFF, 0xFFFF, 0xFFFF, 0xFFFF, 0xFFFF, 0xFFFF, 0xFFFF,
  0xFFFF, 0xFFFF, 0xFFFF, 0xFFFF, 0xFFFF, 0xFFFF, 0xFFFF, 0xFFFF, 0xFFFF, 0xFFFF, 0xFFFF, 0xFFFF,
  0xFFFF, 0xFFFF, 0xFFFF, 0xFFFF, 0xFFFF, 0xFFFF, 0xFFFF, 0xFFFF, 0xFFFF, 0xFFFF, 0xFFFF, 0xFFFF,
  0xFFFF, 0xFFFF, 0xFFFF, 0xFFFF, 0xFFFF, 0xFFFF, 0xFFFF, 0xFFFF, 0xFFFF, 0xFFFF, 0xAD55, 0x39A6,
  0x20E4, 0x20E4, 0x20E4, 0x20E4, 0x20E4, 0x20E4, 0x20E4, 0x20E4, 0x20E4, 0x20E4, 0x20E4, 0x20E4,
  0x20E4, 0x20E4, 0x20E4, 0x20E4, 0x20E4, 0x20E4, 0x20E4, 0x20E4, 0x20E4, 0x20E4, 0x20E4, 0x20E4,
  0x20E4, 0x20E4, 0x20E4, 0x20E4, 0x20E4, 0x20E4, 0x20E4, 0x20E4, 0x20E4, 0x20E4, 0x20E4, 0x20E4,
  0x20E4, 0x20E4, 0x20E4, 0x20E4, 0x20E4, 0x20E4, 0x20E4, 0x20E4, 0x20E4, 0x2104, 0x4208, 0xC5F7,
  0xFFFF, 0xFFFF, 0xFFFF, 0xFFFF, 0xFFFF, 0xFFFF, 0xFFFF, 0xFFFF, 0xFFFF, 0xFFFF, 0xFFFF, 0xFFFF,
  0xFFFF, 0xFFFF, 0xFFFF, 0xFFFF, 0xFFFF, 0xFFFF, 0xFFFF, 0xFFFF, 0xFFFF, 0xFFFF, 0xFFFF, 0xFFFF,
  0xFFFF, 0xFFFF, 0xFFFF, 0xFFFF, 0xFFFF, 0xFFFF, 0xFFFF, 0xFFFF, 0xFFFF, 0xFFFF, 0xFFFF, 0xFFFF,
  0xFFFF, 0xFFFF, 0xFFFF, 0xFFFF, 0xFFFF, 0xFFFF, 0xFFFF, 0xFFFF, 0xFFFF, 0xFFFF, 0xFFFF, 0xFFFF,
  0xFFFF, 0xFFFF, 0xFFFF, 0xFFFF, 0xFFFF, 0xFFFF, 0xFFFF, 0xFFFF, 0xFFFF, 0xFFFF, 0xFFFF, 0xFFFF,
  0xFFFF, 0xFFFF, 0xFFFF, 0xFFFF, 0xFFFF, 0xFFFF, 0xFFFF, 0xFFFF, 0xFFFF, 0xFFFF, 0xFFFF, 0xFFFF,
  0xFFFF, 0xFFFF, 0xFFFF, 0xFFFF, 0xFFFF, 0xFFFF, 0xFFFF, 0xFFFF, 0xFFFF, 0xFFFF, 0xFFFF, 0xFFFF,
  0xFFFF, 0xFFFF, 0xFFFF, 0xFFFF, 0xFFFF, 0xFFFF, 0xFFFF, 0xFFFF, 0xFFFF, 0xFFFF, 0xFFFF, 0xFFFF,
  0xFFFF, 0xFFFF, 0xFFFF, 0xFFFF, 0xFFFF, 0xFFFF, 0xFFFF, 0xFFFF, 0xFFFF, 0xFFFF, 0xFFFF, 0xFFFF,
  0xFFFF, 0xFFFF, 0xFFFF, 0xFFFF, 0xFFFF, 0xFFFF, 0xFFFF, 0xFFFF, 0xFFFF, 0xFFFF, 0xFFFF, 0xFFFF,
  0xFFFF, 0xFFFF, 0xFFFF, 0xFFFF, 0xFFFF, 0xFFFF, 0xFFFF, 0xFFFF, 0xFFFF, 0xFFFF, 0xFFFF, 0xFFFF,
  0xFFFF, 0xFFFF, 0xFFFF, 0xFFFF, 0xFFFF, 0xFFFF, 0xFFFF, 0xFFFF, 0xFFFF, 0xFFFF, 0xFFFF, 0xFFFF,
  0xFFFF, 0xFFFF, 0xFFFF, 0xFFFF, 0xFFFF, 0xFFFF, 0xFFFF, 0xFFFF, 0xFFFF, 0xFFFF, 0xFFFF, 0xFFFF,
  0xFFFF, 0xFFFF, 0xFFFF, 0xFFFF, 0xFFFF, 0xFFFF, 0xFFFF, 0xFFFF, 0xFFFF, 0xFFFF, 0xFFFF, 0xFFFF,
  0xFFFF, 0xFFFF, 0xFFFF, 0xFFFF, 0xFFFF, 0xFFFF, 0xFFFF, 0xFFFF, 0xFFFF, 0xFFFF, 0xFFFF, 0xFFFF,
  0xFFFF, 0xFFFF, 0xFFFF, 0xFFFF, 0xFFFF, 0xFFFF, 0xFFFF, 0xFFFF, 0xFFFF, 0xFFFF, 0x8410, 0x2945,
  0x20E4, 0x20E4, 0x20E4, 0x20E4, 0x20E4, 0x20E4, 0x20E4, 0x20E4, 0x20E4, 0x20E4, 0x20E4, 0x20E4,
  0x20E4, 0x20E4, 0x20E4, 0x20E4, 0x20E4, 0x20E4, 0x20E4, 0x20E4, 0x20E4, 0x20E4, 0x20E4, 0x20E4,
  0x20E4, 0x20E4, 0x20E4, 0x20E4, 0x20E4, 0x20E4, 0x20E4, 0x20E4, 0x20E4, 0x20E4, 0x20E4, 0x20E4,
  0x20E4, 0x20E4, 0x20E4, 0x20E4, 0x20E4, 0x20E4, 0x20E4, 0x20E4, 0x20E4, 0x20E4, 0x2924, 0x62EB,
  0xDEBB, 0xFFFF, 0xFFFF, 0xFFFF, 0xFFFF, 0xFFFF, 0xFFFF, 0xFFFF, 0xFFFF, 0xFFFF, 0xFFFF, 0xFFFF,
  0xFFFF, 0xFFFF, 0xFFFF, 0xFFFF, 0xFFFF, 0xFFFF, 0xFFFF, 0xFFFF, 0xFFFF, 0xFFFF, 0xFFFF, 0xFFFF,
  0xFFFF, 0xFFFF, 0xFFFF, 0xFFFF, 0xFFFF, 0xFFFF, 0xFFFF, 0xFFFF, 0xFFFF, 0xFFFF, 0xFFFF, 0xFFFF,
  0xFFFF, 0xFFFF, 0xFFFF, 0xFFFF, 0xFFFF, 0xFFFF, 0xFFFF, 0xFFFF, 0xFFFF, 0xFFFF, 0xFFFF, 0xFFFF,
  0xFFFF, 0xFFFF, 0xFFFF, 0xFFFF, 0xFFFF, 0xFFFF, 0xFFFF, 0xFFFF, 0xFFFF, 0xFFFF, 0xFFFF, 0xFFFF,
  0xFFFF, 0xFFFF, 0xFFFF, 0xFFFF, 0xFFFF, 0xFFFF, 0xFFFF, 0xFFFF, 0xFFFF, 0xFFFF, 0xFFFF, 0xFFFF,
  0xFFFF, 0xFFFF, 0xFFFF, 0xFFFF, 0xFFFF, 0xFFFF, 0xFFFF, 0xFFFF, 0xFFFF, 0xFFFF, 0xFFFF, 0xFFFF,
  0xFFFF, 0xFFFF, 0xFFFF, 0xFFFF, 0xFFFF, 0xFFFF, 0xFFFF, 0xFFFF, 0xFFFF, 0xFFFF, 0xFFFF, 0xFFFF,
  0xFFFF, 0xFFFF, 0xFFFF, 0xFFFF, 0xFFFF, 0xFFFF, 0xFFFF, 0xFFFF, 0xFFFF, 0xFFFF, 0xFFFF, 0xFFFF,
  0xFFFF, 0xFFFF, 0xFFFF, 0xFFFF, 0xFFFF, 0xFFFF, 0xFFFF, 0xFFFF, 0xFFFF, 0xFFFF, 0xFFFF, 0xFFFF,
  0xFFFF, 0xFFFF, 0xFFFF, 0xFFFF, 0xFFFF, 0xFFFF, 0xFFFF, 0xFFFF, 0xFFFF, 0xFFFF, 0xFFFF, 0xFFFF,
  0xFFFF, 0xFFFF, 0xFFFF, 0xFFFF, 0xFFFF, 0xFFFF, 0xFFFF, 0xFFFF, 0xFFFF, 0xFFFF, 0xFFFF, 0xFFFF,
  0xFFFF, 0xFFFF, 0xFFFF, 0xFFFF, 0xFFFF, 0xFFFF, 0xFFFF, 0xFFFF, 0xFFFF, 0xFFFF, 0xFFFF, 0xFFFF,
  0xFFFF, 0xFFFF, 0xFFFF, 0xFFFF, 0xFFFF, 0xFFFF, 0xFFFF, 0xFFFF, 0xFFFF, 0xFFFF, 0xFFFF, 0xFFFF,
  0xFFFF, 0xFFFF, 0xFFFF, 0xFFFF, 0xFFFF, 0xFFFF, 0xFFFF, 0xFFFF, 0xFFFF, 0xFFFF, 0xFFFF, 0xFFFF,
  0xFFFF, 0xFFFF, 0xFFFF, 0xFFFF, 0xFFFF, 0xFFFF, 0xFFFF, 0xFFFF, 0xFFFF, 0xF7BE, 0x630C, 0x2104,
  0x20E4, 0x20E4, 0x20E4, 0x20E4, 0x20E4, 0x20E4, 0x20E4, 0x20E4, 0x20E4, 0x20E4, 0x20E4, 0x20E4,
  0x20E4, 0x20E4, 0x20E4, 0x20E4, 0x20E4, 0x20E4, 0x20E4, 0x20E4, 0x20E4, 0x20E4, 0x20E4, 0x20E4,
  0x20E4, 0x20E4, 0x20E4, 0x20E4, 0x20E4, 0x20E4, 0x20E4, 0x20E4, 0x20E4, 0x20E4, 0x20E4, 0x20E4,
  0x20E4, 0x20E4, 0x20E4, 0x20E4, 0x20E4, 0x20E4, 0x20E4, 0x20E4, 0x20E4, 0x20E4, 0x20E4, 0x2945,
  0x83EF, 0xEF7D, 0xFFFF, 0xFFFF, 0xFFFF, 0xFFFF, 0xFFFF, 0xFFFF, 0xFFFF, 0xFFFF, 0xFFFF, 0xFFFF,
  0xFFFF, 0xFFFF, 0xFFFF, 0xFFFF, 0xFFFF, 0xFFFF, 0xFFFF, 0xFFFF, 0xFFFF, 0xFFFF, 0xFFFF, 0xFFFF,
  0xFFFF, 0xFFFF, 0xFFFF, 0xFFFF, 0xFFFF, 0xFFFF, 0xFFFF, 0xFFFF, 0xFFFF, 0xFFFF, 0xFFFF, 0xFFFF,
  0xFFFF, 0xFFFF, 0xFFFF, 0xFFFF, 0xFFFF, 0xFFFF, 0xFFFF, 0xFFFF, 0xFFFF, 0xFFFF, 0xFFFF, 0xFFFF,
  0xFFFF, 0xFFFF, 0xFFFF, 0xFFFF, 0xFFFF, 0xFFFF, 0xFFFF, 0xFFFF, 0xFFFF, 0xFFFF, 0xFFFF, 0xFFFF,
  0xFFFF, 0xFFFF, 0xFFFF, 0xFFFF, 0xFFFF, 0xFFFF, 0xFFFF, 0xFFFF, 0xFFFF, 0xFFFF, 0xFFFF, 0xFFFF,
  0xFFFF, 0xFFFF, 0xFFFF, 0xFFFF, 0xFFFF, 0xFFFF, 0xFFFF, 0xFFFF, 0xFFFF, 0xFFFF, 0xFFFF, 0xFFFF,
  0xFFFF, 0xFFFF, 0xFFFF, 0xFFFF, 0xFFFF, 0xFFFF, 0xFFFF, 0xFFFF, 0xFFFF, 0xFFFF, 0xFFFF, 0xFFFF,
  0xFFFF, 0xFFFF, 0xFFFF, 0xFFFF, 0xFFFF, 0xFFFF, 0xFFFF, 0xFFFF, 0xFFFF, 0xFFFF, 0xFFFF, 0xFFFF,
  0xFFFF, 0xFFFF, 0xFFFF, 0xFFFF, 0xFFFF, 0xFFFF, 0xFFFF, 0xFFFF, 0xFFFF, 0xFFFF, 0xFFFF, 0xFFFF,
  0xFFFF, 0xFFFF, 0xFFFF, 0xFFFF, 0xFFFF, 0xFFFF, 0xFFFF, 0xFFFF, 0xFFFF, 0xFFFF, 0xFFFF, 0xFFFF,
  0xFFFF, 0xFFFF, 0xFFFF, 0xFFFF, 0xFFFF, 0xFFFF, 0xFFFF, 0xFFFF, 0xFFFF, 0xFFFF, 0xFFFF, 0xFFFF,
  0xFFFF, 0xFFFF, 0xFFFF, 0xFFFF, 0xFFFF, 0xFFFF, 0xFFFF, 0xFFFF, 0xFFFF, 0xFFFF, 0xFFFF, 0xFFFF,
  0xFFFF, 0xFFFF, 0xFFFF, 0xFFFF, 0xFFFF, 0xFFFF, 0xFFFF, 0xFFFF, 0xFFFF, 0xFFFF, 0xFFFF, 0xFFFF,
  0xFFFF, 0xFFFF, 0xFFFF, 0xFFFF, 0xFFFF, 0xFFFF, 0xFFFF, 0xFFFF, 0xFFFF, 0xFFFF, 0xFFFF, 0xFFFF,
  0xFFFF, 0xFFFF, 0xFFFF, 0xFFFF, 0xFFFF, 0xFFFF, 0xFFFF, 0xFFFF, 0xFFFF, 0xEF5D, 0x5AAA, 0x20E4,
  0x20E4, 0x20E4, 0x20E4, 0x20E4, 0x20E4, 0x20E4, 0x20E4, 0x20E4, 0x20E4, 0x20E4, 0x20E4, 0x20E4,
  0x20E4, 0x20E4, 0x20E4, 0x20E4, 0x20E4, 0x20E4, 0x20E4, 0x20E4, 0x20E4, 0x20E4, 0x20E4, 0x20E4,
  0x20E4, 0x20E4, 0x20E4, 0x20E4, 0x20E4, 0x20E4, 0x20E4, 0x20E4, 0x20E4, 0x20E4, 0x20E4, 0x20E4,
  0x20E4, 0x20E4, 0x20E4, 0x20E4, 0x20E4, 0x20E4, 0x20E4, 0x20E4, 0x20E4, 0x20E4, 0x20E4, 0x20E4,
  0x39A6, 0xA514, 0xFFDF, 0xFFFF, 0xFFFF, 0xFFFF, 0xFFFF, 0xFFFF, 0xFFFF, 0xFFFF, 0xFFFF, 0xFFFF,
  0xFFFF, 0xFFFF, 0xFFFF, 0xFFFF, 0xFFFF, 0xFFFF, 0xFFFF, 0xFFFF, 0xFFFF, 0xFFFF, 0xFFFF, 0xFFFF,
  0xFFFF, 0xFFFF, 0xFFFF, 0xFFFF, 0xFFFF, 0xFFFF, 0xFFFF, 0xFFFF, 0xFFFF, 0xFFFF, 0xFFFF, 0xFFFF,
  0xFFFF, 0xFFFF, 0xFFFF, 0xFFFF, 0xFFFF, 0xFFFF, 0xFFFF, 0xFFFF, 0xFFFF, 0xFFFF, 0xFFFF, 0xFFFF,
  0xFFFF, 0xFFFF, 0xFFFF, 0xFFFF, 0xFFFF, 0xFFFF, 0xFFFF, 0xFFFF, 0xFFFF, 0xFFFF, 0xFFFF, 0xFFFF,
  0xFFFF, 0xFFFF, 0xFFFF, 0xFFFF, 0xFFFF, 0xFFFF, 0xFFFF, 0xFFFF, 0xFFFF, 0xFFFF, 0xFFFF, 0xFFFF,
  0xFFFF, 0xFFFF, 0xFFFF, 0xFFFF, 0xFFFF, 0xFFFF, 0xFFFF, 0xFFFF, 0xFFFF, 0xFFFF, 0xFFFF, 0xFFFF,
  0xFFFF, 0xFFFF, 0xFFFF, 0xFFFF, 0xFFFF, 0xFFFF, 0xFFFF, 0xFFFF, 0xFFFF, 0xFFFF, 0xFFFF, 0xFFFF,
  0xFFFF, 0xFFFF, 0xFFFF, 0xFFFF, 0xFFFF, 0xFFFF, 0xFFFF, 0xFFFF, 0xFFFF, 0xFFFF, 0xFFFF, 0xFFFF,
  0xFFFF, 0xFFFF, 0xFFFF, 0xFFFF, 0xFFFF, 0xFFFF, 0xFFFF, 0xFFFF, 0xFFFF, 0xFFFF, 0xFFFF, 0xFFFF,
  0xFFFF, 0xFFFF, 0xFFFF, 0xFFFF, 0xFFFF, 0xFFFF, 0xFFFF, 0xFFFF, 0xFFFF, 0xFFFF, 0xFFFF, 0xFFFF,
  0xFFFF, 0xFFFF, 0xFFFF, 0xFFFF, 0xFFFF, 0xFFFF, 0xFFFF, 0xFFFF, 0xFFFF, 0xFFFF, 0xFFFF, 0xFFFF,
  0xFFFF, 0xFFFF, 0xFFFF, 0xFFFF, 0xFFFF, 0xFFFF, 0xFFFF, 0xFFFF, 0xFFFF, 0xFFFF, 0xFFFF, 0xFFFF,
  0xFFFF, 0xFFFF, 0xFFFF, 0xFFFF, 0xFFFF, 0xFFFF, 0xFFFF, 0xFFFF, 0xFFFF, 0xFFFF, 0xFFFF, 0xFFFF,
  0xFFFF, 0xFFFF, 0xFFFF, 0xFFFF, 0xFFFF, 0xFFFF, 0xFFFF, 0xFFFF, 0xFFFF, 0xFFFF, 0xFFFF, 0xFFFF,
  0xFFFF, 0xFFFF, 0xFFFF, 0xFFFF, 0xFFFF, 0xFFFF, 0xFFFF, 0xFFFF, 0xFFFF, 0xDEDB, 0x5269, 0x20E4,
  0x20E4, 0x20E4, 0x20E4, 0x20E4, 0x20E4, 0x20E4, 0x20E4, 0x20E4, 0x20E4, 0x20E4, 0x20E4, 0x20E4,
  0x20E4, 0x20E4, 0x20E4, 0x20E4, 0x20E4, 0x20E4, 0x20E4, 0x20E4, 0x20E4, 0x20E4, 0x20E4, 0x20E4,
  0x20E4, 0x20E4, 0x20E4, 0x20E4, 0x20E4, 0x20E4, 0x20E4, 0x20E4, 0x20E4, 0x20E4, 0x20E4, 0x20E4,
  0x20E4, 0x20E4, 0x20E4, 0x20E4, 0x20E4, 0x20E4, 0x20E4, 0x20E4, 0x20E4, 0x20E4, 0x20E4, 0x20E4,
  0x2104, 0x4A49, 0xBDF7, 0xFFDF, 0xFFFF, 0xFFFF, 0xFFFF, 0xFFFF, 0xFFFF, 0xFFFF, 0xFFFF, 0xFFFF,
  0xFFFF, 0xFFFF, 0xFFFF, 0xFFFF, 0xFFFF, 0xFFFF, 0xFFFF, 0xFFFF, 0xFFFF, 0xFFFF, 0xFFFF, 0xFFFF,
  0xFFFF, 0xFFFF, 0xFFFF, 0xFFFF, 0xFFFF, 0xFFFF, 0xFFFF, 0xFFFF, 0xFFFF, 0xFFFF, 0xFFFF, 0xFFFF,
  0xFFFF, 0xFFFF, 0xFFFF, 0xFFFF, 0xFFFF, 0xFFFF, 0xFFFF, 0xFFFF, 0xFFFF, 0xFFFF, 0xFFFF, 0xFFFF,
  0xFFFF, 0xFFFF, 0xFFFF, 0xFFFF, 0xFFFF, 0xFFFF, 0xFFFF, 0xFFFF, 0xFFFF, 0xFFFF, 0xFFFF, 0xFFFF,
  0xFFFF, 0xFFFF, 0xFFFF, 0xFFFF, 0xFFFF, 0xFFFF, 0xFFFF, 0xFFFF, 0xFFFF, 0xFFFF, 0xFFFF, 0xFFFF,
  0xFFFF, 0xFFFF, 0xFFFF, 0xFFFF, 0xFFFF, 0xFFFF, 0xFFFF, 0xFFFF, 0xFFFF, 0xFFFF, 0xFFFF, 0xFFFF,
  0xFFFF, 0xFFFF, 0xFFFF, 0xFFFF, 0xFFFF, 0xFFFF, 0xFFFF, 0xFFFF, 0xFFFF, 0xFFFF, 0xFFFF, 0xFFFF,
  0xFFFF, 0xFFFF, 0xFFFF, 0xFFFF, 0xFFFF, 0xFFFF, 0xFFFF, 0xFFFF, 0xFFFF, 0xFFFF, 0xFFFF, 0xFFFF,
  0xFFFF, 0xFFFF, 0xFFFF, 0xFFFF, 0xFFFF, 0xFFFF, 0xFFFF, 0xFFFF, 0xFFFF, 0xFFFF, 0xFFFF, 0xFFFF,
  0xFFFF, 0xFFFF, 0xFFFF, 0xFFFF, 0xFFFF, 0xFFFF, 0xFFFF, 0xFFFF, 0xFFFF, 0xFFFF, 0xFFFF, 0xFFFF,
  0xFFFF, 0xFFFF, 0xFFFF, 0xFFFF, 0xFFFF, 0xFFFF, 0xFFFF, 0xFFFF, 0xFFFF, 0xFFFF, 0xFFFF, 0xFFFF,
  0xFFFF, 0xFFFF, 0xFFFF, 0xFFFF, 0xFFFF, 0xFFFF, 0xFFFF, 0xFFFF, 0xFFFF, 0xFFFF, 0xFFFF, 0xFFFF,
  0xFFFF, 0xFFFF, 0xFFFF, 0xFFFF, 0xFFFF, 0xFFFF, 0xFFFF, 0xFFFF, 0xFFFF, 0xFFFF, 0xFFFF, 0xFFFF,
  0xFFFF, 0xFFFF, 0xFFFF, 0xFFFF, 0xFFFF, 0xFFFF, 0xFFFF, 0xFFFF, 0xFFFF, 0xFFFF, 0xFFFF, 0xFFFF,
  0xFFFF, 0xFFFF, 0xFFFF, 0xFFFF, 0xFFFF, 0xFFFF, 0xFFFF, 0xFFFF, 0xFFFF, 0xD69A, 0x4A49, 0x20E4,
  0x20E4, 0x20E4, 0x20E4, 0x20E4, 0x20E4, 0x20E4, 0x20E4, 0x20E4, 0x20E4, 0x20E4, 0x20E4, 0x20E4,
  0x20E4, 0x20E4, 0x20E4, 0x20E4, 0x20E4, 0x20E4, 0x20E4, 0x20E4, 0x20E4, 0x20E4, 0x20E4, 0x20E4,
  0x20E4, 0x20E4, 0x20E4, 0x20E4, 0x20E4, 0x20E4, 0x20E4, 0x20E4, 0x20E4, 0x20E4, 0x20E4, 0x20E4,
  0x20E4, 0x20E4, 0x20E4, 0x20E4, 0x20E4, 0x20E4, 0x20E4, 0x20E4, 0x20E4, 0x20E4, 0x20E4, 0x20E4,
  0x20E4, 0x2104, 0x62EB, 0xD69A, 0xFFFF, 0xFFFF, 0xFFFF, 0xFFFF, 0xFFFF, 0xFFFF, 0xFFFF, 0xFFFF,
  0xFFFF, 0xFFFF, 0xFFFF, 0xFFFF, 0xFFFF, 0xFFFF, 0xFFFF, 0xFFFF, 0xFFFF, 0xFFFF, 0xFFFF, 0xFFFF,
  0xFFFF, 0xFFFF, 0xFFFF, 0xFFFF, 0xFFFF, 0xFFFF, 0xFFFF, 0xFFFF, 0xFFFF, 0xFFFF, 0xFFFF, 0xFFFF,
  0xFFFF, 0xFFFF, 0xFFFF, 0xFFFF, 0xFFFF, 0xFFFF, 0xFFFF, 0xFFFF, 0xFFFF, 0xFFFF, 0xFFFF, 0xFFFF,
  0xFFFF, 0xFFFF, 0xFFFF, 0xFFFF, 0xFFFF, 0xFFFF, 0xFFFF, 0xFFFF, 0xFFFF, 0xFFFF, 0xFFFF, 0xFFFF,
  0xFFFF, 0xFFFF, 0xFFFF, 0xFFFF, 0xFFFF, 0xFFFF, 0xFFFF, 0xFFFF, 0xFFFF, 0xFFFF, 0xFFFF, 0xFFFF,
  0xFFFF, 0xFFFF, 0xFFFF, 0xFFFF, 0xFFFF, 0xFFFF, 0xFFFF, 0xFFFF, 0xFFFF, 0xFFFF, 0xFFFF, 0xFFFF,
  0xFFFF, 0xFFFF, 0xFFFF, 0xFFFF, 0xFFFF, 0xFFFF, 0xFFFF, 0xFFFF, 0xFFFF, 0xFFFF, 0xFFFF, 0xFFFF,
  0xFFFF, 0xFFFF, 0xFFFF, 0xFFFF, 0xFFFF, 0xFFFF, 0xFFFF, 0xFFFF, 0xFFFF, 0xFFFF, 0xFFFF, 0xFFFF,
  0xFFFF, 0xFFFF, 0xFFFF, 0xFFFF, 0xFFFF, 0xFFFF, 0xFFFF, 0xFFFF, 0xFFFF, 0xFFFF, 0xFFFF, 0xFFFF,
  0xFFFF, 0xFFFF, 0xFFFF, 0xFFFF, 0xFFFF, 0xFFFF, 0xFFFF, 0xFFFF, 0xFFFF, 0xFFFF, 0xFFFF, 0xFFFF,
  0xFFFF, 0xFFFF, 0xFFFF, 0xFFFF, 0xFFFF, 0xFFFF, 0xFFFF, 0xFFFF, 0xFFFF, 0xFFFF, 0xFFFF, 0xFFFF,
  0xFFFF, 0xFFFF, 0xFFFF, 0xFFFF, 0xFFFF, 0xFFFF, 0xFFFF, 0xFFFF, 0xFFFF, 0xFFFF, 0xFFFF, 0xFFFF,
  0xFFFF, 0xFFFF, 0xFFFF, 0xFFFF, 0xFFFF, 0xFFFF, 0xFFFF, 0xFFFF, 0xFFFF, 0xFFFF, 0xFFFF, 0xFFFF,
  0xFFFF, 0xFFFF, 0xFFFF, 0xFFFF, 0xFFFF, 0xFFFF, 0xFFFF, 0xFFFF, 0xFFFF, 0xFFFF, 0xFFFF, 0xFFFF,
  0xFFFF, 0xFFFF, 0xFFFF, 0xFFFF, 0xFFFF, 0xFFFF, 0xFFFF, 0xFFFF, 0xFFFF, 0xD69A, 0x4A49, 0x20E4,
  0x20E4, 0x20E4, 0x20E4, 0x20E4, 0x20E4, 0x20E4, 0x20E4, 0x20E4, 0x20E4, 0x20E4, 0x20E4, 0x20E4,
  0x20E4, 0x20E4, 0x20E4, 0x20E4, 0x20E4, 0x20E4, 0x20E4, 0x20E4, 0x20E4, 0x20E4, 0x20E4, 0x20E4,
  0x20E4, 0x20E4, 0x20E4, 0x20E4, 0x20E4, 0x20E4, 0x20E4, 0x20E4, 0x20E4, 0x20E4, 0x20E4, 0x20E4,
  0x20E4, 0x20E4, 0x20E4, 0x20E4, 0x20E4, 0x20E4, 0x20E4, 0x20E4, 0x20E4, 0x20E4, 0x20E4, 0x20E4,
  0x20E4, 0x20E4, 0x2104, 0x738E, 0xDEFB, 0xFFFF, 0xFFFF, 0xFFFF, 0xFFFF, 0xFFFF, 0xFFFF, 0xFFFF,
  0xFFFF, 0xFFFF, 0xFFFF, 0xFFFF, 0xFFFF, 0xFFFF, 0xFFFF, 0xFFFF, 0xFFFF, 0xFFFF, 0xFFFF, 0xFFFF,
  0xFFFF, 0xFFFF, 0xFFFF, 0xFFFF, 0xFFFF, 0xFFFF, 0xFFFF, 0xFFFF, 0xFFFF, 0xFFFF, 0xFFFF, 0xFFFF,
  0xFFFF, 0xFFFF, 0xFFFF, 0xFFFF, 0xFFFF, 0xFFFF, 0xFFFF, 0xFFFF, 0xFFFF, 0xFFFF, 0xFFFF, 0xFFFF,
  0xFFFF, 0xFFFF, 0xFFFF, 0xFFFF, 0xFFFF, 0xFFFF, 0xFFFF, 0xFFFF, 0xFFFF, 0xFFFF, 0xFFFF, 0xFFFF,
  0xFFFF, 0xFFFF, 0xFFFF, 0xFFFF, 0xFFFF, 0xFFFF, 0xFFFF, 0xFFFF, 0xFFFF, 0xFFFF, 0xFFFF, 0xFFFF,
  0xFFFF, 0xFFFF, 0xFFFF, 0xFFFF, 0xFFFF, 0xFFFF, 0xFFFF, 0xFFFF, 0xFFFF, 0xFFFF, 0xFFFF, 0xFFFF,
  0xFFFF, 0xFFFF, 0xFFFF, 0xFFFF, 0xFFFF, 0xFFFF, 0xFFFF, 0xFFFF, 0xFFFF, 0xFFFF, 0xFFFF, 0xFFFF,
  0xFFFF, 0xFFFF, 0xFFFF, 0xFFFF, 0xFFFF, 0xFFFF, 0xFFFF, 0xFFFF, 0xFFFF, 0xFFFF, 0xFFFF, 0xFFFF,
  0xFFFF, 0xFFFF, 0xFFFF, 0xFFFF, 0xFFFF, 0xFFFF, 0xFFFF, 0xFFFF, 0xFFFF, 0xFFFF, 0xFFFF, 0xFFFF,
  0xFFFF, 0xFFFF, 0xFFFF, 0xFFFF, 0xFFFF, 0xFFFF, 0xFFFF, 0xFFFF, 0xFFFF, 0xFFFF, 0xFFFF, 0xFFFF,
  0xFFFF, 0xFFFF, 0xFFFF, 0xFFFF, 0xFFFF, 0xFFFF, 0xFFFF, 0xFFFF, 0xFFFF, 0xFFFF, 0xFFFF, 0xFFFF,
  0xFFFF, 0xFFFF, 0xFFFF, 0xFFFF, 0xFFFF, 0xFFFF, 0xFFFF, 0xFFFF, 0xFFFF, 0xFFFF, 0xFFFF, 0xFFFF,
  0xFFFF, 0xFFFF, 0xFFFF, 0xFFFF, 0xFFFF, 0xFFFF, 0xFFFF, 0xFFFF, 0xFFFF, 0xFFFF, 0xFFFF, 0xFFFF,
  0xFFFF, 0xFFFF, 0xFFFF, 0xFFFF, 0xFFFF, 0xFFFF, 0xFFFF, 0xFFFF, 0xFFFF, 0xFFFF, 0xFFFF, 0xFFFF,
  0xFFFF, 0xFFFF, 0xFFFF, 0xFFFF, 0xFFFF, 0xFFFF, 0xFFFF, 0xFFFF, 0xFFFF, 0xDEFB, 0x526A, 0x20E4,
  0x20E4, 0x20E4, 0x20E4, 0x20E4, 0x20E4, 0x20E4, 0x20E4, 0x20E4, 0x20E4, 0x20E4, 0x20E4, 0x20E4,
  0x20E4, 0x20E4, 0x20E4, 0x20E4, 0x20E4, 0x20E4, 0x20E4, 0x20E4, 0x20E4, 0x20E4, 0x20E4, 0x20E4,
  0x20E4, 0x20E4, 0x20E4, 0x20E4, 0x20E4, 0x20E4, 0x20E4, 0x20E4, 0x20E4, 0x20E4, 0x20E4, 0x20E4,
  0x20E4, 0x20E4, 0x20E4, 0x20E4, 0x20E4, 0x20E4, 0x20E4, 0x20E4, 0x20E4, 0x20E4, 0x20E4, 0x20E4,
  0x20E4, 0x20E4, 0x20E4, 0x2104, 0x8C51, 0xEF5D, 0xFFFF, 0xFFFF, 0xFFFF, 0xFFFF, 0xFFFF, 0xFFFF,
  0xFFFF, 0xFFFF, 0xFFFF, 0xFFFF, 0xFFFF, 0xFFFF, 0xFFFF, 0xFFFF, 0xFFFF, 0xFFFF, 0xFFFF, 0xFFFF,
  0xFFFF, 0xFFFF, 0xFFFF, 0xFFFF, 0xFFFF, 0xFFFF, 0xFFFF, 0xFFFF, 0xFFFF, 0xFFFF, 0xFFFF, 0xFFFF,
  0xFFFF, 0xFFFF, 0xFFFF, 0xFFFF, 0xFFFF, 0xFFFF, 0xFFFF, 0xFFFF, 0xFFFF, 0xFFFF, 0xFFFF, 0xFFFF,
  0xFFFF, 0xFFFF, 0xFFFF, 0xFFFF, 0xFFFF, 0xFFFF, 0xFFFF, 0xFFFF, 0xFFFF, 0xFFFF, 0xFFFF, 0xFFFF,
  0xFFFF, 0xFFFF, 0xFFFF, 0xFFFF, 0xFFFF, 0xFFFF, 0xFFFF, 0xFFFF, 0xFFFF, 0xFFFF, 0xFFFF, 0xFFFF,
  0xFFFF, 0xFFFF, 0xFFFF, 0xFFFF, 0xFFFF, 0xFFFF, 0xFFFF, 0xFFFF, 0xFFFF, 0xFFFF, 0xFFFF, 0xFFFF,
  0xFFFF, 0xFFFF, 0xFFFF, 0xFFFF, 0xFFFF, 0xFFFF, 0xFFFF, 0xFFFF, 0xFFFF, 0xFFFF, 0xFFFF, 0xFFFF,
  0xFFFF, 0xFFFF, 0xFFFF, 0xFFFF, 0xFFFF, 0xFFFF, 0xFFFF, 0xFFFF, 0xFFFF, 0xFFFF, 0xFFFF, 0xFFFF,
  0xFFFF, 0xFFFF, 0xFFFF, 0xFFFF, 0xFFFF, 0xFFFF, 0xFFFF, 0xFFFF, 0xFFFF, 0xFFFF, 0xFFFF, 0xFFFF,
  0xFFFF, 0xFFFF, 0xFFFF, 0xFFFF, 0xFFFF, 0xFFFF, 0xFFFF, 0xFFFF, 0xFFFF, 0xFFFF, 0xFFFF, 0xFFFF,
  0xFFFF, 0xFFFF, 0xFFFF, 0xFFFF, 0xFFFF, 0xFFFF, 0xFFFF, 0xFFFF, 0xFFFF, 0xFFFF, 0xFFFF, 0xFFFF,
  0xFFFF, 0xFFFF, 0xFFFF, 0xFFFF, 0xFFFF, 0xFFFF, 0xFFFF, 0xFFFF, 0xFFFF, 0xFFFF, 0xFFFF, 0xFFFF,
  0xFFFF, 0xFFFF, 0xFFFF, 0xFFFF, 0xFFFF, 0xFFFF, 0xFFFF, 0xFFFF, 0xFFFF, 0xFFFF, 0xFFFF, 0xFFFF,
  0xFFFF, 0xFFFF, 0xFFFF, 0xFFFF, 0xFFFF, 0xFFFF, 0xFFFF, 0xFFFF, 0xFFFF, 0xFFFF, 0xFFFF, 0xFFFF,
  0xFFFF, 0xFFFF, 0xFFFF, 0xFFFF, 0xFFFF, 0xFFFF, 0xFFFF, 0xFFFF, 0xFFFF, 0xEF7D, 0x5ACB, 0x20E4,
  0x20E4, 0x20E4, 0x20E4, 0x20E4, 0x20E4, 0x20E4, 0x20E4, 0x20E4, 0x20E4, 0x20E4, 0x20E4, 0x20E4,
  0x20E4, 0x20E4, 0x20E4, 0x20E4, 0x20E4, 0x20E4, 0x20E4, 0x20E4, 0x20E4, 0x20E4, 0x20E4, 0x20E4,
  0x20E4, 0x20E4, 0x20E4, 0x20E4, 0x20E4, 0x20E4, 0x20E4, 0x20E4, 0x20E4, 0x20E4, 0x20E4, 0x20E4,
  0x20E4, 0x20E4, 0x20E4, 0x20E4, 0x20E4, 0x20E4, 0x20E4, 0x20E4, 0x20E4, 0x20E4, 0x20E4, 0x20E4,
  0x20E4, 0x20E4, 0x20E4, 0x20E4, 0x3165, 0x9CF3, 0xF79E, 0xFFFF, 0xFFFF, 0xFFFF, 0xFFFF, 0xFFFF,
  0xFFFF, 0xFFFF, 0xFFFF, 0xFFFF, 0xFFFF, 0xFFFF, 0xFFFF, 0xFFFF, 0xFFFF, 0xFFFF, 0xFFFF, 0xFFFF,
  0xFFFF, 0xFFFF, 0xFFFF, 0xFFFF, 0xFFFF, 0xFFFF, 0xFFFF, 0xFFFF, 0xFFFF, 0xFFFF, 0xFFFF, 0xFFFF,
  0xFFFF, 0xFFFF, 0xFFFF, 0xFFFF, 0xFFFF, 0xFFFF, 0xFFFF, 0xFFFF, 0xFFFF, 0xFFFF, 0xFFFF, 0xFFFF,
  0xFFFF, 0xFFFF, 0xFFFF, 0xFFFF, 0xFFFF, 0xFFFF, 0xFFFF, 0xFFFF, 0xFFFF, 0xFFFF, 0xFFFF, 0xFFFF,
  0xFFFF, 0xFFFF, 0xFFFF, 0xFFFF, 0xFFFF, 0xFFFF, 0xFFFF, 0xFFFF, 0xFFFF, 0xFFFF, 0xFFFF, 0xFFFF,
  0xFFFF, 0xFFFF, 0xFFFF, 0xFFFF, 0xFFFF, 0xFFFF, 0xFFFF, 0xFFFF, 0xFFFF, 0xFFFF, 0xFFFF, 0xFFFF,
  0xFFFF, 0xFFFF, 0xFFFF, 0xFFFF, 0xFFFF, 0xFFFF, 0xFFFF, 0xFFFF, 0xFFFF, 0xFFFF, 0xFFFF, 0xFFFF,
  0xFFFF, 0xFFFF, 0xFFFF, 0xFFFF, 0xFFFF, 0xFFFF, 0xFFFF, 0xFFFF, 0xFFFF, 0xFFFF, 0xFFFF, 0xFFFF,
  0xFFFF, 0xFFFF, 0xFFFF, 0xFFFF, 0xFFFF, 0xFFFF, 0xFFFF, 0xFFFF, 0xFFFF, 0xFFFF, 0xFFFF, 0xFFFF,
  0xFFFF, 0xFFFF, 0xFFFF, 0xFFFF, 0xFFFF, 0xFFFF, 0xFFFF, 0xFFFF, 0xFFFF, 0xFFFF, 0xFFFF, 0xFFFF,
  0xFFFF, 0xFFFF, 0xFFFF, 0xFFFF, 0xFFFF, 0xFFFF, 0xFFFF, 0xFFFF, 0xFFFF, 0xFFFF, 0xFFFF, 0xFFFF,
  0xFFFF, 0xFFFF, 0xFFFF, 0xFFFF, 0xFFFF, 0xFFFF, 0xFFFF, 0xFFFF, 0xFFFF, 0xFFFF, 0xFFFF, 0xFFFF,
  0xFFFF, 0xFFFF, 0xFFFF, 0xFFFF, 0xFFFF, 0xFFFF, 0xFFFF, 0xFFFF, 0xFFFF, 0xFFFF, 0xFFFF, 0xFFFF,
  0xFFFF, 0xFFFF, 0xFFFF, 0xFFFF, 0xFFFF, 0xFFFF, 0xFFFF, 0xFFFF, 0xFFFF, 0xFFFF, 0xFFFF, 0xFFFF,
  0xFFFF, 0xFFFF, 0xFFFF, 0xFFFF, 0xFFFF, 0xFFFF, 0xFFFF, 0xFFFF, 0xFFFF, 0xFFFF, 0x738E, 0x2924,
  0x20E4, 0x20E4, 0x20E4, 0x20E4, 0x20E4, 0x20E4, 0x20E4, 0x20E4, 0x20E4, 0x20E4, 0x20E4, 0x20E4,
  0x20E4, 0x20E4, 0x20E4, 0x20E4, 0x20E4, 0x20E4, 0x20E4, 0x20E4, 0x20E4, 0x20E4, 0x20E4, 0x20E4,
  0x20E4, 0x20E4, 0x20E4, 0x20E4, 0x20E4, 0x20E4, 0x20E4, 0x20E4, 0x20E4, 0x20E4, 0x20E4, 0x20E4,
  0x20E4, 0x20E4, 0x20E4, 0x20E4, 0x20E4, 0x20E4, 0x20E4, 0x20E4, 0x20E4, 0x20E4, 0x20E4, 0x20E4,
  0x20E4, 0x20E4, 0x20E4, 0x20E4, 0x2104, 0x41E7, 0xAD75, 0xFFBE, 0xFFFF, 0xFFFF, 0xFFFF, 0xFFFF,
  0xFFFF, 0xFFFF, 0xFFFF, 0xFFFF, 0xFFFF, 0xFFFF, 0xFFFF, 0xFFFF, 0xFFFF, 0xFFFF, 0xFFFF, 0xFFFF,
  0xFFFF, 0xFFFF, 0xFFFF, 0xFFFF, 0xFFFF, 0xFFFF, 0xFFFF, 0xFFFF, 0xFFFF, 0xFFFF, 0xFFFF, 0xFFFF,
  0xFFFF, 0xFFFF, 0xFFFF, 0xFFFF, 0xFFFF, 0xFFFF, 0xFFFF, 0xFFFF, 0xFFFF, 0xFFFF, 0xFFFF, 0xFFFF,
  0xFFFF, 0xFFFF, 0xFFFF, 0xFFFF, 0xFFFF, 0xFFFF, 0xFFFF, 0xFFFF, 0xFFFF, 0xFFFF, 0xFFFF, 0xFFFF,
  0xFFFF, 0xFFFF, 0xFFFF, 0xFFFF, 0xFFFF, 0xFFFF, 0xFFFF, 0xFFFF, 0xFFFF, 0xFFFF, 0xFFFF, 0xFFFF,
  0xFFFF, 0xFFFF, 0xFFFF, 0xFFFF, 0xFFFF, 0xFFFF, 0xFFFF, 0xFFFF, 0xFFFF, 0xFFFF, 0xFFFF, 0xFFFF,
  0xFFFF, 0xFFFF, 0xFFFF, 0xFFFF, 0xFFFF, 0xFFFF, 0xFFFF, 0xFFFF, 0xFFFF, 0xFFFF, 0xFFFF, 0xFFFF,
  0xFFFF, 0xFFFF, 0xFFFF, 0xFFFF, 0xFFFF, 0xFFFF, 0xFFFF, 0xFFFF, 0xFFFF, 0xFFFF, 0xFFFF, 0xFFFF,
  0xFFFF, 0xFFFF, 0xFFFF, 0xFFFF, 0xFFFF, 0xFFFF, 0xFFFF, 0xFFFF, 0xFFFF, 0xFFFF, 0xFFFF, 0xFFFF,
  0xFFFF, 0xFFFF, 0xFFFF, 0xFFFF, 0xFFFF, 0xFFFF, 0xFFFF, 0xFFFF, 0xFFFF, 0xFFFF, 0xFFFF, 0xFFFF,
  0xFFFF, 0xFFFF, 0xFFFF, 0xFFFF, 0xFFFF, 0xFFFF, 0xFFFF, 0xFFFF, 0xFFFF, 0xFFFF, 0xFFFF, 0xFFFF,
  0xFFFF, 0xFFFF, 0xFFFF, 0xFFFF, 0xFFFF, 0xFFFF, 0xFFFF, 0xFFFF, 0xFFFF, 0xFFFF, 0xFFFF, 0xFFFF,
  0xFFFF, 0xFFFF, 0xFFFF, 0xFFFF, 0xFFFF, 0xFFFF, 0xFFFF, 0xFFFF, 0xFFFF, 0xFFFF, 0xFFFF, 0xFFFF,
  0xFFFF, 0xFFFF, 0xFFFF, 0xFFFF, 0xFFFF, 0xFFFF, 0xFFFF, 0xFFFF, 0xFFFF, 0xFFFF, 0xFFFF, 0xFFFF,
  0xFFFF, 0xFFFF, 0xFFFF, 0xFFFF, 0xFFFF, 0xFFFF, 0xFFFF, 0xFFFF, 0xFFFF, 0xFFFF, 0x94B2, 0x3186,
  0x20E4, 0x20E4, 0x20E4, 0x20E4, 0x20E4, 0x20E4, 0x20E4, 0x20E4, 0x20E4, 0x20E4, 0x20E4, 0x20E4,
  0x20E4, 0x20E4, 0x20E4, 0x20E4, 0x20E4, 0x20E4, 0x20E4, 0x20E4, 0x20E4, 0x20E4, 0x20E4, 0x20E4,
  0x20E4, 0x20E4, 0x20E4, 0x20E4, 0x20E4, 0x20E4, 0x20E4, 0x20E4, 0x20E4, 0x20E4, 0x20E4, 0x20E4,
  0x20E4, 0x20E4, 0x20E4, 0x20E4, 0x20E4, 0x20E4, 0x20E4, 0x20E4, 0x20E4, 0x20E4, 0x20E4, 0x20E4,
  0x20E4, 0x20E4, 0x20E4, 0x20E4, 0x20E4, 0x2104, 0x4A29, 0xB5B6, 0xFFFF, 0xFFFF, 0xFFFF, 0xFFFF,
  0xFFFF, 0xFFFF, 0xFFFF, 0xFFFF, 0xFFFF, 0xFFFF, 0xFFFF, 0xFFFF, 0xFFFF, 0xFFFF, 0xFFFF, 0xFFFF,
  0xFFFF, 0xFFFF, 0xFFFF, 0xFFFF, 0xFFFF, 0xFFFF, 0xFFFF, 0xFFFF, 0xFFFF, 0xFFFF, 0xFFFF, 0xFFFF,
  0xFFFF, 0xFFFF, 0xFFFF, 0xFFFF, 0xFFFF, 0xFFFF, 0xFFFF, 0xFFFF, 0xFFFF, 0xFFFF, 0xFFFF, 0xFFFF,
  0xFFFF, 0xFFFF, 0xFFFF, 0xFFFF, 0xFFFF, 0xFFFF, 0xFFFF, 0xFFFF, 0xFFFF, 0xFFFF, 0xFFFF, 0xFFFF,
  0xFFFF, 0xFFFF, 0xFFFF, 0xFFFF, 0xFFFF, 0xFFFF, 0xFFFF, 0xFFFF, 0xFFFF, 0xFFFF, 0xFFFF, 0xFFFF,
  0xFFFF, 0xFFFF, 0xFFFF, 0xFFFF, 0xFFFF, 0xFFFF, 0xFFFF, 0xFFFF, 0xFFFF, 0xFFFF, 0xFFFF, 0xFFFF,
  0xFFFF, 0xFFFF, 0xFFFF, 0xFFFF, 0xFFFF, 0xFFFF, 0xFFFF, 0xFFFF, 0xFFFF, 0xFFFF, 0xFFFF, 0xFFFF,
  0xFFFF, 0xFFFF, 0xFFFF, 0xFFFF, 0xFFFF, 0xFFFF, 0xFFFF, 0xFFFF, 0xFFFF, 0xFFFF, 0xFFFF, 0xFFFF,
  0xFFFF, 0xFFFF, 0xFFFF, 0xFFFF, 0xFFFF, 0xFFFF, 0xFFFF, 0xFFFF, 0xFFFF, 0xFFFF, 0xFFFF, 0xFFFF,
  0xFFFF, 0xFFFF, 0xFFFF, 0xFFFF, 0xFFFF, 0xFFFF, 0xFFFF, 0xFFFF, 0xFFFF, 0xFFFF, 0xFFFF, 0xFFFF,
  0xFFFF, 0xFFFF, 0xFFFF, 0xFFFF, 0xFFFF, 0xFFFF, 0xFFFF, 0xFFFF, 0xFFFF, 0xFFFF, 0xFFFF, 0xFFFF,
  0xFFFF, 0xFFFF, 0xFFFF, 0xFFFF, 0xFFFF, 0xFFFF, 0xFFFF, 0xFFFF, 0xFFFF, 0xFFFF, 0xFFFF, 0xFFFF,
  0xFFFF, 0xFFFF, 0xFFFF, 0xFFFF, 0xFFFF, 0xFFFF, 0xFFFF, 0xFFFF, 0xFFFF, 0xFFFF, 0xFFFF, 0xFFFF,
  0xFFFF, 0xFFFF, 0xFFFF, 0xFFFF, 0xFFFF, 0xFFFF, 0xFFFF, 0xFFFF, 0xFFFF, 0xFFFF, 0xFFFF, 0xFFFF,
  0xFFFF, 0xFFFF, 0xFFFF, 0xFFFF, 0xFFFF, 0xFFFF, 0xFFFF, 0xFFFF, 0xFFFF, 0xFFFF, 0xC5F8, 0x41E7,
  0x20E4, 0x20E4, 0x20E4, 0x20E4, 0x20E4, 0x20E4, 0x20E4, 0x20E4, 0x20E4, 0x20E4, 0x20E4, 0x20E4,
  0x20E4, 0x20E4, 0x20E4, 0x20E4, 0x20E4, 0x20E4, 0x20E4, 0x20E4, 0x20E4, 0x20E4, 0x20E4, 0x20E4,
  0x20E4, 0x20E4, 0x20E4, 0x20E4, 0x20E4, 0x20E4, 0x20E4, 0x20E4, 0x20E4, 0x20E4, 0x20E4, 0x20E4,
  0x20E4, 0x20E4, 0x20E4, 0x20E4, 0x20E4, 0x20E4, 0x20E4, 0x20E4, 0x20E4, 0x20E4, 0x20E4, 0x20E4,
  0x20E4, 0x20E4, 0x20E4, 0x20E4, 0x20E4, 0x20E4, 0x2104, 0x5269, 0xBDD7, 0xFFFF, 0xFFFF, 0xFFFF,
  0xFFFF, 0xFFFF, 0xFFFF, 0xFFFF, 0xFFFF, 0xFFFF, 0xFFFF, 0xFFFF, 0xFFFF, 0xFFFF, 0xFFFF, 0xFFFF,
  0xFFFF, 0xFFFF, 0xFFFF, 0xFFFF, 0xFFFF, 0xFFFF, 0xFFFF, 0xFFFF, 0xFFFF, 0xFFFF, 0xFFFF, 0xFFFF,
  0xFFFF, 0xFFFF, 0xFFFF, 0xFFFF, 0xFFFF, 0xFFFF, 0xFFFF, 0xFFFF, 0xFFFF, 0xFFFF, 0xFFFF, 0xFFFF,
  0xFFFF, 0xFFFF, 0xFFFF, 0xFFFF, 0xFFFF, 0xFFFF, 0xFFFF, 0xFFFF, 0xFFFF, 0xFFFF, 0xFFFF, 0xFFFF,
  0xFFFF, 0xFFFF, 0xFFFF, 0xFFFF, 0xFFFF, 0xFFFF, 0xFFFF, 0xFFFF, 0xFFFF, 0xFFFF, 0xFFFF, 0xFFFF,
  0xFFFF, 0xFFFF, 0xFFFF, 0xFFFF, 0xFFFF, 0xFFFF, 0xFFFF, 0xFFFF, 0xFFFF, 0xFFFF, 0xFFFF, 0xFFFF,
  0xFFFF, 0xFFFF, 0xFFFF, 0xFFFF, 0xFFFF, 0xFFFF, 0xFFFF, 0xFFFF, 0xFFFF, 0xFFFF, 0xFFFF, 0xFFFF,
  0xFFFF, 0xFFFF, 0xFFFF, 0xFFFF, 0xFFFF, 0xFFFF, 0xFFFF, 0xFFFF, 0xFFFF, 0xFFFF, 0xFFFF, 0xFFFF,
  0xFFFF, 0xFFFF, 0xFFFF, 0xFFFF, 0xFFFF, 0xFFFF, 0xFFFF, 0xFFFF, 0xFFFF, 0xFFFF, 0xFFFF, 0xFFFF,
  0xFFFF, 0xFFFF, 0xFFFF, 0xFFFF, 0xFFFF, 0xFFFF, 0xFFFF, 0xFFFF, 0xFFFF, 0xFFFF, 0xFFFF, 0xFFFF,
  0xFFFF, 0xFFFF, 0xFFFF, 0xFFFF, 0xFFFF, 0xFFFF, 0xFFFF, 0xFFFF, 0xFFFF, 0xFFFF, 0xFFFF, 0xFFFF,
  0xFFFF, 0xFFFF, 0xFFFF, 0xFFFF, 0xFFFF, 0xFFFF, 0xFFFF, 0xFFFF, 0xFFFF, 0xFFFF, 0xFFFF, 0xFFFF,
  0xFFFF, 0xFFFF, 0xFFFF, 0xFFFF, 0xFFFF, 0xFFFF, 0xFFFF, 0xFFFF, 0xFFFF, 0xFFFF, 0xFFFF, 0xFFFF,
  0xFFFF, 0xFFFF, 0xFFFF, 0xFFFF, 0xFFFF, 0xFFFF, 0xFFFF, 0xFFFF, 0xFFFF, 0xFFFF, 0xFFFF, 0xFFFF,
  0xFFFF, 0xFFFF, 0xFFFF, 0xFFFF, 0xFFFF, 0xFFFF, 0xFFFF, 0xFFFF, 0xFFFF, 0xFFFF, 0xF77D, 0x5AAB,
  0x2104, 0x20E4, 0x20E4, 0x20E4, 0x20E4, 0x20E4, 0x20E4, 0x20E4, 0x20E4, 0x20E4, 0x20E4, 0x20E4,
  0x20E4, 0x20E4, 0x20E4, 0x20E4, 0x20E4, 0x20E4, 0x20E4, 0x20E4, 0x20E4, 0x20E4, 0x20E4, 0x20E4,
  0x20E4, 0x20E4, 0x20E4, 0x20E4, 0x20E4, 0x20E4, 0x20E4, 0x20E4, 0x20E4, 0x20E4, 0x20E4, 0x20E4,
  0x20E4, 0x20E4, 0x20E4, 0x20E4, 0x20E4, 0x20E4, 0x20E4, 0x20E4, 0x20E4, 0x20E4, 0x20E4, 0x20E4,
  0x20E4, 0x20E4, 0x20E4, 0x20E4, 0x20E4, 0x20E4, 0x20E4, 0x2104, 0x528A, 0xC638, 0xFFFF, 0xFFFF,
  0xFFFF, 0xFFFF, 0xFFFF, 0xFFFF, 0xFFFF, 0xFFFF, 0xFFFF, 0xFFFF, 0xFFFF, 0xFFFF, 0xFFFF, 0xFFFF,
  0xFFFF, 0xFFFF, 0xFFFF, 0xFFFF, 0xFFFF, 0xFFFF, 0xFFFF, 0xFFFF, 0xFFFF, 0xFFFF, 0xFFFF, 0xFFFF,
  0xFFFF, 0xFFFF, 0xFFFF, 0xFFFF, 0xFFFF, 0xFFFF, 0xFFFF, 0xFFFF, 0xFFFF, 0xFFFF, 0xFFFF, 0xFFFF,
  0xFFFF, 0xFFFF, 0xFFFF, 0xFFFF, 0xFFFF, 0xFFFF, 0xFFFF, 0xFFFF, 0xFFFF, 0xFFFF, 0xFFFF, 0xFFFF,
  0xFFFF, 0xFFFF, 0xFFFF, 0xFFFF, 0xFFFF, 0xFFFF, 0xFFFF, 0xFFFF, 0xFFFF, 0xFFFF, 0xFFFF, 0xFFFF,
  0xFFFF, 0xFFFF, 0xFFFF, 0xFFFF, 0xFFFF, 0xFFFF, 0xFFFF, 0xFFFF, 0xFFFF, 0xFFFF, 0xFFFF, 0xFFFF,
  0xFFFF, 0xFFFF, 0xFFFF, 0xFFFF, 0xFFFF, 0xFFFF, 0xFFFF, 0xFFFF, 0xFFFF, 0xFFFF, 0xFFFF, 0xFFFF,
  0xFFFF, 0xFFFF, 0xFFFF, 0xFFFF, 0xFFFF, 0xFFFF, 0xFFFF, 0xFFFF, 0xFFFF, 0xFFFF, 0xFFFF, 0xFFFF,
  0xFFFF, 0xFFFF, 0xFFFF, 0xFFFF, 0xFFFF, 0xFFFF, 0xFFFF, 0xFFFF, 0xFFFF, 0xFFFF, 0xFFFF, 0xFFFF,
  0xFFFF, 0xFFFF, 0xFFFF, 0xFFFF, 0xFFFF, 0xFFFF, 0xFFFF, 0xFFFF, 0xFFFF, 0xFFFF, 0xFFFF, 0xFFFF,
  0xFFFF, 0xFFFF, 0xFFFF, 0xFFFF, 0xFFFF, 0xFFFF, 0xFFFF, 0xFFFF, 0xFFFF, 0xFFFF, 0xFFFF, 0xFFFF,
  0xFFFF, 0xFFFF, 0xFFFF, 0xFFFF, 0xFFFF, 0xFFFF, 0xFFFF, 0xFFFF, 0xFFFF, 0xFFFF, 0xFFFF, 0xFFFF,
  0xFFFF, 0xFFFF, 0xFFFF, 0xFFFF, 0xFFFF, 0xFFFF, 0xFFFF, 0xFFFF, 0xFFFF, 0xFFFF, 0xFFFF, 0xFFFF,
  0xFFFF, 0xFFFF, 0xFFFF, 0xFFFF, 0xFFFF, 0xFFFF, 0xFFFF, 0xFFFF, 0xFFFF, 0xFFFF, 0xFFFF, 0xFFFF,
  0xFFFF, 0xFFFF, 0xFFFF, 0xFFFF, 0xFFFF, 0xFFFF, 0xFFFF, 0xFFFF, 0xFFFF, 0xFFFF, 0xFFFF, 0x9471,
  0x3165, 0x20E4, 0x20E4, 0x20E4, 0x20E4, 0x20E4, 0x20E4, 0x20E4, 0x20E4, 0x20E4, 0x20E4, 0x20E4,
  0x20E4, 0x20E4, 0x20E4, 0x20E4, 0x20E4, 0x20E4, 0x20E4, 0x20E4, 0x20E4, 0x20E4, 0x20E4, 0x20E4,
  0x20E4, 0x20E4, 0x20E4, 0x20E4, 0x20E4, 0x20E4, 0x20E4, 0x20E4, 0x20E4, 0x20E4, 0x20E4, 0x20E4,
  0x20E4, 0x20E4, 0x20E4, 0x20E4, 0x20E4, 0x20E4, 0x20E4, 0x20E4, 0x20E4, 0x20E4, 0x20E4, 0x20E4,
  0x20E4, 0x20E4, 0x20E4, 0x20E4, 0x20E4, 0x20E4, 0x20E4, 0x20E4, 0x2924, 0x5AEB, 0xCE59, 0xFFFF,
  0xFFFF, 0xFFFF, 0xFFFF, 0xFFFF, 0xFFFF, 0xFFFF, 0xFFFF, 0xFFFF, 0xFFFF, 0xFFFF, 0xFFFF, 0xFFFF,
  0xFFFF, 0xFFFF, 0xFFFF, 0xFFFF, 0xFFFF, 0xFFFF, 0xFFFF, 0xFFFF, 0xFFFF, 0xFFFF, 0xFFFF, 0xFFFF,
  0xFFFF, 0xFFFF, 0xFFFF, 0xFFFF, 0xFFFF, 0xFFFF, 0xFFFF, 0xFFFF, 0xFFFF, 0xFFFF, 0xFFFF, 0xFFFF,
  0xFFFF, 0xFFFF, 0xFFFF, 0xFFFF, 0xFFFF, 0xFFFF, 0xFFFF, 0xFFFF, 0xFFFF, 0xFFFF, 0xFFFF, 0xFFFF,
  0xFFFF, 0xFFFF, 0xFFFF, 0xFFFF, 0xFFFF, 0xFFFF, 0xFFFF, 0xFFFF, 0xFFFF, 0xFFFF, 0xFFFF, 0xFFFF,
  0xFFFF, 0xFFFF, 0xFFFF, 0xFFFF, 0xFFFF, 0xFFFF, 0xFFFF, 0xFFFF, 0xFFFF, 0xFFFF, 0xFFFF, 0xFFFF,
  0xFFFF, 0xFFFF, 0xFFFF, 0xFFFF, 0xFFFF, 0xFFFF, 0xFFFF, 0xFFFF, 0xFFFF, 0xFFFF, 0xFFFF, 0xFFFF,
  0xFFFF, 0xFFFF, 0xFFFF, 0xFFFF, 0xFFFF, 0xFFFF, 0xFFFF, 0xFFFF, 0xFFFF, 0xFFFF, 0xFFFF, 0xFFFF,
  0xFFFF, 0xFFFF, 0xFFFF, 0xFFFF, 0xFFFF, 0xFFFF, 0xFFFF, 0xFFFF, 0xFFFF, 0xFFFF, 0xFFFF, 0xFFFF,
  0xFFFF, 0xFFFF, 0xFFFF, 0xFFFF, 0xFFFF, 0xFFFF, 0xFFFF, 0xFFFF, 0xFFFF, 0xFFFF, 0xFFFF, 0xFFFF,
  0xFFFF, 0xFFFF, 0xFFFF, 0xFFFF, 0xFFFF, 0xFFFF, 0xFFFF, 0xFFFF, 0xFFFF, 0xFFFF, 0xFFFF, 0xFFFF,
  0xFFFF, 0xFFFF, 0xFFFF, 0xFFFF, 0xFFFF, 0xFFFF, 0xFFFF, 0xFFFF, 0xFFFF, 0xFFFF, 0xFFFF, 0xFFFF,
  0xFFFF, 0xFFFF, 0xFFFF, 0xFFFF, 0xFFFF, 0xFFFF, 0xFFFF, 0xFFFF, 0xFFFF, 0xFFFF, 0xFFFF, 0xFFFF,
  0xFFFF, 0xFFFF, 0xFFFF, 0xFFFF, 0xFFFF, 0xFFFF, 0xFFFF, 0xFFFF, 0xFFFF, 0xFFFF, 0xFFFF, 0xFFFF,
  0xFFFF, 0xFFFF, 0xFFFF, 0xFFFF, 0xFFFF, 0xFFFF, 0xFFFF, 0xFFFF, 0xFFFF, 0xFFFF, 0xFFFF, 0xCE79,
  0x4208, 0x2104, 0x20E4, 0x20E4, 0x20E4, 0x20E4, 0x20E4, 0x20E4, 0x20E4, 0x20E4, 0x20E4, 0x20E4,
  0x20E4, 0x20E4, 0x20E4, 0x20E4, 0x20E4, 0x20E4, 0x20E4, 0x20E4, 0x20E4, 0x20E4, 0x20E4, 0x20E4,
  0x20E4, 0x20E4, 0x20E4, 0x20E4, 0x20E4, 0x20E4, 0x20E4, 0x20E4, 0x20E4, 0x20E4, 0x20E4, 0x20E4,
  0x20E4, 0x20E4, 0x20E4, 0x20E4, 0x20E4, 0x20E4, 0x20E4, 0x20E4, 0x20E4, 0x20E4, 0x20E4, 0x20E4,
  0x20E4, 0x20E4, 0x20E4, 0x20E4, 0x20E4, 0x20E4, 0x20E4, 0x20E4, 0x20E4, 0x2924, 0x632C, 0xD69A,
  0xFFDF, 0xFFFF, 0xFFFF, 0xFFFF, 0xFFFF, 0xFFFF, 0xFFFF, 0xFFFF, 0xFFFF, 0xFFFF, 0xFFFF, 0xFFFF,
  0xFFFF, 0xFFFF, 0xFFFF, 0xFFFF, 0xFFFF, 0xFFFF, 0xFFFF, 0xFFFF, 0xFFFF, 0xFFFF, 0xFFFF, 0xFFFF,
  0xFFFF, 0xFFFF, 0xFFFF, 0xFFFF, 0xFFFF, 0xFFFF, 0xFFFF, 0xFFFF, 0xFFFF, 0xFFFF, 0xFFFF, 0xFFFF,
  0xFFFF, 0xFFFF, 0xFFFF, 0xFFFF, 0xFFFF, 0xFFFF, 0xFFFF, 0xFFFF, 0xFFFF, 0xFFFF, 0xFFFF, 0xFFFF,
  0xFFFF, 0xFFFF, 0xFFFF, 0xFFFF, 0xFFFF, 0xFFFF, 0xFFFF, 0xFFFF, 0xFFFF, 0xFFFF, 0xFFFF, 0xFFFF,
  0xFFFF, 0xFFFF, 0xFFFF, 0xFFFF, 0xFFFF, 0xFFFF, 0xFFFF, 0xFFFF, 0xFFFF, 0xFFFF, 0xFFFF, 0xFFFF,
  0xFFFF, 0xFFFF, 0xFFFF, 0xFFFF, 0xFFFF, 0xFFFF, 0xFFFF, 0xFFFF, 0xFFFF, 0xFFFF, 0xFFFF, 0xFFFF,
  0xFFFF, 0xFFFF, 0xFFFF, 0xFFFF, 0xFFFF, 0xFFFF, 0xFFFF, 0xFFFF, 0xFFFF, 0xFFFF, 0xFFFF, 0xFFFF,
  0xFFFF, 0xFFFF, 0xFFFF, 0xFFFF, 0xFFFF, 0xFFFF, 0xFFFF, 0xFFFF, 0xFFFF, 0xFFFF, 0xFFFF, 0xFFFF,
  0xFFFF, 0xFFFF, 0xFFFF, 0xFFFF, 0xFFFF, 0xFFFF, 0xFFFF, 0xFFFF, 0xFFFF, 0xFFFF, 0xFFFF, 0xFFFF,
  0xFFFF, 0xFFFF, 0xFFFF, 0xFFFF, 0xFFFF, 0xFFFF, 0xFFFF, 0xFFFF, 0xFFFF, 0xFFFF, 0xFFFF, 0xFFFF,
  0xFFFF, 0xFFFF, 0xFFFF, 0xFFFF, 0xFFFF, 0xFFFF, 0xFFFF, 0xFFFF, 0xFFFF, 0xFFFF, 0xFFFF, 0xFFFF,
  0xFFFF, 0xFFFF, 0xFFFF, 0xFFFF, 0xFFFF, 0xFFFF, 0xFFFF, 0xFFFF, 0xFFFF, 0xFFFF, 0xFFFF, 0xFFFF,
  0xFFFF, 0xFFFF, 0xFFFF, 0xFFFF, 0xFFFF, 0xFFFF, 0xFFFF, 0xFFFF, 0xFFFF, 0xFFFF, 0xFFFF, 0xFFFF,
  0xFFFF, 0xFFFF, 0xFFFF, 0xFFFF, 0xFFFF, 0xFFFF, 0xFFFF, 0xFFFF, 0xFFFF, 0xFFFF, 0xFFFF, 0xF7BE,
  0x7BCF, 0x2945, 0x20E4, 0x20E4, 0x20E4, 0x20E4, 0x20E4, 0x20E4, 0x20E4, 0x20E4, 0x20E4, 0x20E4,
  0x20E4, 0x20E4, 0x20E4, 0x20E4, 0x20E4, 0x20E4, 0x20E4, 0x20E4, 0x20E4, 0x20E4, 0x20E4, 0x20E4,
  0x20E4, 0x20E4, 0x20E4, 0x20E4, 0x20E4, 0x20E4, 0x20E4, 0x20E4, 0x20E4, 0x20E4, 0x20E4, 0x20E4,
  0x20E4, 0x20E4, 0x20E4, 0x20E4, 0x20E4, 0x20E4, 0x20E4, 0x20E4, 0x20E4, 0x20E4, 0x20E4, 0x20E4,
  0x20E4, 0x20E4, 0x20E4, 0x20E4, 0x20E4, 0x20E4, 0x20E4, 0x20E4, 0x20E4, 0x20E4, 0x2924, 0x6B2C,
  0xD69A, 0xFFDF, 0xFFFF, 0xFFFF, 0xFFFF, 0xFFFF, 0xFFFF, 0xFFFF, 0xFFFF, 0xFFFF, 0xFFFF, 0xFFFF,
  0xFFFF, 0xFFFF, 0xFFFF, 0xFFFF, 0xFFFF, 0xFFFF, 0xFFFF, 0xFFFF, 0xFFFF, 0xFFFF, 0xFFFF, 0xFFFF,
  0xFFFF, 0xFFFF, 0xFFFF, 0xFFFF, 0xFFFF, 0xFFFF, 0xFFFF, 0xFFFF, 0xFFFF, 0xFFFF, 0xFFFF, 0xFFFF,
  0xFFFF, 0xFFFF, 0xFFFF, 0xFFFF, 0xFFFF, 0xFFFF, 0xFFFF, 0xFFFF, 0xFFFF, 0xFFFF, 0xFFFF, 0xFFFF,
  0xFFFF, 0xFFFF, 0xFFFF, 0xFFFF, 0xFFFF, 0xFFFF, 0xFFFF, 0xFFFF, 0xFFFF, 0xFFFF, 0xFFFF, 0xFFFF,
  0xFFFF, 0xFFFF, 0xFFFF, 0xFFFF, 0xFFFF, 0xFFFF, 0xFFFF, 0xFFFF, 0xFFFF, 0xFFFF, 0xFFFF, 0xFFFF,
  0xFFFF, 0xFFFF, 0xFFFF, 0xFFFF, 0xFFFF, 0xFFFF, 0xFFFF, 0xFFFF, 0xFFFF, 0xFFFF, 0xFFFF, 0xFFFF,
  0xFFFF, 0xFFFF, 0xFFFF, 0xFFFF, 0xFFFF, 0xFFFF, 0xFFFF, 0xFFFF, 0xFFFF, 0xFFFF, 0xFFFF, 0xFFFF,
  0xFFFF, 0xFFFF, 0xFFFF, 0xFFFF, 0xFFFF, 0xFFFF, 0xFFFF, 0xFFFF, 0xFFFF, 0xFFFF, 0xFFFF, 0xFFFF,
  0xFFFF, 0xFFFF, 0xFFFF, 0xFFFF, 0xFFFF, 0xFFFF, 0xFFFF, 0xFFFF, 0xFFFF, 0xFFFF, 0xFFFF, 0xFFFF,
  0xFFFF, 0xFFFF, 0xFFFF, 0xFFFF, 0xFFFF, 0xFFFF, 0xFFFF, 0xFFFF, 0xFFFF, 0xFFFF, 0xFFFF, 0xFFFF,
  0xFFFF, 0xFFFF, 0xFFFF, 0xFFFF, 0xFFFF, 0xFFFF, 0xFFFF, 0xFFFF, 0xFFFF, 0xFFFF, 0xFFFF, 0xFFFF,
  0xFFFF, 0xFFFF, 0xFFFF, 0xFFFF, 0xFFFF, 0xFFFF, 0xFFFF, 0xFFFF, 0xFFFF, 0xFFFF, 0xFFFF, 0xFFFF,
  0xFFFF, 0xFFFF, 0xFFFF, 0xFFFF, 0xFFFF, 0xFFFF, 0xFFFF, 0xFFFF, 0xFFFF, 0xFFFF, 0xFFFF, 0xFFFF,
  0xFFFF, 0xFFFF, 0xFFFF, 0xFFFF, 0xFFFF, 0xFFFF, 0xFFFF, 0xFFFF, 0xFFFF, 0xFFFF, 0xFFFF, 0xFFFF,
  0xCE59, 0x41E7, 0x20E4, 0x20E4, 0x20E4, 0x20E4, 0x20E4, 0x20E4, 0x20E4, 0x20E4, 0x20E4, 0x20E4,
  0x20E4, 0x20E4, 0x20E4, 0x20E4, 0x20E4, 0x20E4, 0x20E4, 0x20E4, 0x20E4, 0x20E4, 0x20E4, 0x20E4,
  0x20E4, 0x20E4, 0x20E4, 0x20E4, 0x20E4, 0x20E4, 0x20E4, 0x20E4, 0x20E4, 0x20E4, 0x20E4, 0x20E4,
  0x20E4, 0x20E4, 0x20E4, 0x20E4, 0x20E4, 0x20E4, 0x20E4, 0x20E4, 0x20E4, 0x20E4, 0x20E4, 0x20E4,
  0x20E4, 0x20E4, 0x20E4, 0x20E4, 0x20E4, 0x20E4, 0x20E4, 0x20E4, 0x20E4, 0x20E4, 0x20E4, 0x2104,
  0x630C, 0xCE79, 0xFFDF, 0xFFFF, 0xFFFF, 0xFFFF, 0xFFFF, 0xFFFF, 0xFFFF, 0xFFFF, 0xFFFF, 0xFFFF,
  0xFFFF, 0xFFFF, 0xFFFF, 0xFFFF, 0xFFFF, 0xFFFF, 0xFFFF, 0xFFFF, 0xFFFF, 0xFFFF, 0xFFFF, 0xFFFF,
  0xFFFF, 0xFFFF, 0xFFFF, 0xFFFF, 0xFFFF, 0xFFFF, 0xFFFF, 0xFFFF, 0xFFFF, 0xFFFF, 0xFFFF, 0xFFFF,
  0xFFFF, 0xFFFF, 0xFFFF, 0xFFFF, 0xFFFF, 0xFFFF, 0xFFFF, 0xFFFF, 0xFFFF, 0xFFFF, 0xFFFF, 0xFFFF,
  0xFFFF, 0xFFFF, 0xFFFF, 0xFFFF, 0xFFFF, 0xFFFF, 0xFFFF, 0xFFFF, 0xFFFF, 0xFFFF, 0xFFFF, 0xFFFF,
  0xFFFF, 0xFFFF, 0xFFFF, 0xFFFF, 0xFFFF, 0xFFFF, 0xFFFF, 0xFFFF, 0xFFFF, 0xFFFF, 0xFFFF, 0xFFFF,
  0xFFFF, 0xFFFF, 0xFFFF, 0xFFFF, 0xFFFF, 0xFFFF, 0xFFFF, 0xFFFF, 0xFFFF, 0xFFFF, 0xFFFF, 0xFFFF,
  0xFFFF, 0xFFFF, 0xFFFF, 0xFFFF, 0xFFFF, 0xFFFF, 0xFFFF, 0xFFFF, 0xFFFF, 0xFFFF, 0xFFFF, 0xFFFF,
  0xFFFF, 0xFFFF, 0xFFFF, 0xFFFF, 0xFFFF, 0xFFFF, 0xFFFF, 0xFFFF, 0xFFFF, 0xFFFF, 0xFFFF, 0xFFFF,
  0xFFFF, 0xFFFF, 0xFFFF, 0xFFFF, 0xFFFF, 0xFFFF, 0xFFFF, 0xFFFF, 0xFFFF, 0xFFFF, 0xFFFF, 0xFFFF,
  0xFFFF, 0xFFFF, 0xFFFF, 0xFFFF, 0xFFFF, 0xFFFF, 0xFFFF, 0xFFFF, 0xFFFF, 0xFFFF, 0xFFFF, 0xFFFF,
  0xFFFF, 0xFFFF, 0xFFFF, 0xFFFF, 0xFFFF, 0xFFFF, 0xFFFF, 0xFFFF, 0xFFFF, 0xFFFF, 0xFFFF, 0xFFFF,
  0xFFFF, 0xFFFF, 0xFFFF, 0xFFFF, 0xFFFF, 0xFFFF, 0xFFFF, 0xFFFF, 0xFFFF, 0xFFFF, 0xFFFF, 0xFFFF,
  0xFFFF, 0xFFFF, 0xFFFF, 0xFFFF, 0xFFFF, 0xFFFF, 0xFFFF, 0xFFFF, 0xFFFF, 0xFFFF, 0xFFFF, 0xFFFF,
  0xFFFF, 0xFFFF, 0xFFFF, 0xFFFF, 0xFFFF, 0xFFFF, 0xFFFF, 0xFFFF, 0xFFFF, 0xFFFF, 0xFFFF, 0xFFFF,
  0xF79E, 0x83EF, 0x2924, 0x20E4, 0x20E4, 0x20E4, 0x20E4, 0x20E4, 0x20E4, 0x20E4, 0x20E4, 0x20E4,
  0x20E4, 0x20E4, 0x20E4, 0x20E4, 0x20E4, 0x20E4, 0x20E4, 0x20E4, 0x20E4, 0x20E4, 0x20E4, 0x20E4,
  0x20E4, 0x20E4, 0x20E4, 0x20E4, 0x20E4, 0x20E4, 0x20E4, 0x20E4, 0x20E4, 0x20E4, 0x20E4, 0x20E4,
  0x20E4, 0x20E4, 0x20E4, 0x20E4, 0x20E4, 0x20E4, 0x20E4, 0x20E4, 0x20E4, 0x20E4, 0x20E4, 0x20E4,
  0x20E4, 0x20E4, 0x20E4, 0x20E4, 0x20E4, 0x20E4, 0x20E4, 0x20E4, 0x20E4, 0x20E4, 0x20E4, 0x20E4,
  0x20E4, 0x630C, 0xCE79, 0xFFDF, 0xFFFF, 0xFFFF, 0xFFFF, 0xFFFF, 0xFFFF, 0xFFFF, 0xFFFF, 0xFFFF,
  0xFFFF, 0xFFFF, 0xFFFF, 0xFFFF, 0xFFFF, 0xFFFF, 0xFFFF, 0xFFFF, 0xFFFF, 0xFFFF, 0xFFFF, 0xFFFF,
  0xFFFF, 0xFFFF, 0xFFFF, 0xFFFF, 0xFFFF, 0xFFFF, 0xFFFF, 0xFFFF, 0xFFFF, 0xFFFF, 0xFFFF, 0xFFFF,
  0xFFFF, 0xFFFF, 0xFFFF, 0xFFFF, 0xFFFF, 0xFFFF, 0xFFFF, 0xFFFF, 0xFFFF, 0xFFFF, 0xFFFF, 0xFFFF,
  0xFFFF, 0xFFFF, 0xFFFF, 0xFFFF, 0xFFFF, 0xFFFF, 0xFFFF, 0xFFFF, 0xFFFF, 0xFFFF, 0xFFFF, 0xFFFF,
  0xFFFF, 0xFFFF, 0xFFFF, 0xFFFF, 0xFFFF, 0xFFFF, 0xFFFF, 0xFFFF, 0xFFFF, 0xFFFF, 0xFFFF, 0xFFFF,
  0xFFFF, 0xFFFF, 0xFFFF, 0xFFFF, 0xFFFF, 0xFFFF, 0xFFFF, 0xFFFF, 0xFFFF, 0xFFFF, 0xFFFF, 0xFFFF,
  0xFFFF, 0xFFFF, 0xFFFF, 0xFFFF, 0xFFFF, 0xFFFF, 0xFFFF, 0xFFFF, 0xFFFF, 0xFFFF, 0xFFFF, 0xFFFF,
  0xFFFF, 0xFFFF, 0xFFFF, 0xFFFF, 0xFFFF, 0xFFFF, 0xFFFF, 0xFFFF, 0xFFFF, 0xFFFF, 0xFFFF, 0xFFFF,
  0xFFFF, 0xFFFF, 0xFFFF, 0xFFFF, 0xFFFF, 0xFFFF, 0xFFFF, 0xFFFF, 0xFFFF, 0xFFFF, 0xFFFF, 0xFFFF,
  0xFFFF, 0xFFFF, 0xFFFF, 0xFFFF, 0xFFFF, 0xFFFF, 0xFFFF, 0xFFFF, 0xFFFF, 0xFFFF, 0xFFFF, 0xFFFF,
  0xFFFF, 0xFFFF, 0xFFFF, 0xFFFF, 0xFFFF, 0xFFFF, 0xFFFF, 0xFFFF, 0xFFFF, 0xFFFF, 0xFFFF, 0xFFFF,
  0xFFFF, 0xFFFF, 0xFFFF, 0xFFFF, 0xFFFF, 0xFFFF, 0xFFFF, 0xFFFF, 0xFFFF, 0xFFFF, 0xFFFF, 0xFFFF,
  0xFFFF, 0xFFFF, 0xFFFF, 0xFFFF, 0xFFFF, 0xFFFF, 0xFFFF, 0xFFFF, 0xFFFF, 0xFFFF, 0xFFFF, 0xFFFF,
  0xFFFF, 0xFFFF, 0xFFFF, 0xFFFF, 0xFFFF, 0xFFFF, 0xFFFF, 0xFFFF, 0xFFFF, 0xFFFF, 0xFFFF, 0xFFFF,
  0xFFFF, 0xD69A, 0x4A49, 0x20E4, 0x20E4, 0x20E4, 0x20E4, 0x20E4, 0x20E4, 0x20E4, 0x20E4, 0x20E4,
  0x20E4, 0x20E4, 0x20E4, 0x20E4, 0x20E4, 0x20E4, 0x20E4, 0x20E4, 0x20E4, 0x20E4, 0x20E4, 0x20E4,
  0x20E4, 0x20E4, 0x20E4, 0x20E4, 0x20E4, 0x20E4, 0x20E4, 0x20E4, 0x20E4, 0x20E4, 0x20E4, 0x20E4,
  0x20E4, 0x20E4, 0x20E4, 0x20E4, 0x20E4, 0x20E4, 0x20E4, 0x20E4, 0x20E4, 0x20E4, 0x20E4, 0x20E4,
  0x20E4, 0x20E4, 0x20E4, 0x20E4, 0x20E4, 0x20E4, 0x20E4, 0x20E4, 0x20E4, 0x20E4, 0x20E4, 0x20E4,
  0x20E4, 0x2104, 0x630C, 0xCE38, 0xFFFF, 0xFFFF, 0xFFFF, 0xFFFF, 0xFFFF, 0xFFFF, 0xFFFF, 0xFFFF,
  0xFFFF, 0xFFFF, 0xFFFF, 0xFFFF, 0xFFFF, 0xFFFF, 0xFFFF, 0xFFFF, 0xFFFF, 0xFFFF, 0xFFFF, 0xFFFF,
  0xFFFF, 0xFFFF, 0xFFFF, 0xFFFF, 0xFFFF, 0xFFFF, 0xFFFF, 0xFFFF, 0xFFFF, 0xFFFF, 0xFFFF, 0xFFFF,
  0xFFFF, 0xFFFF, 0xFFFF, 0xFFFF, 0xFFFF, 0xFFFF, 0xFFFF, 0xFFFF, 0xFFFF, 0xFFFF, 0xFFFF, 0xFFFF,
  0xFFFF, 0xFFFF, 0xFFFF, 0xFFFF, 0xFFFF, 0xFFFF, 0xFFFF, 0xFFFF, 0xFFFF, 0xFFFF, 0xFFFF, 0xFFFF,
  0xFFFF, 0xFFFF, 0xFFFF, 0xFFFF, 0xFFFF, 0xFFFF, 0xFFFF, 0xFFFF, 0xFFFF, 0xFFFF, 0xFFFF, 0xFFFF,
  0xFFFF, 0xFFFF, 0xFFFF, 0xFFFF, 0xFFFF, 0xFFFF, 0xFFFF, 0xFFFF, 0xFFFF, 0xFFFF, 0xFFFF, 0xFFFF,
  0xFFFF, 0xFFFF, 0xFFFF, 0xFFFF, 0xFFFF, 0xFFFF, 0xFFFF, 0xFFFF, 0xFFFF, 0xFFFF, 0xFFFF, 0xFFFF,
  0xFFFF, 0xFFFF, 0xFFFF, 0xFFFF, 0xFFFF, 0xFFFF, 0xFFFF, 0xFFFF, 0xFFFF, 0xFFFF, 0xFFFF, 0xFFFF,
  0xFFFF, 0xFFFF, 0xFFFF, 0xFFFF, 0xFFFF, 0xFFFF, 0xFFFF, 0xFFFF, 0xFFFF, 0xFFFF, 0xFFFF, 0xFFFF,
  0xFFFF, 0xFFFF, 0xFFFF, 0xFFFF, 0xFFFF, 0xFFFF, 0xFFFF, 0xFFFF, 0xFFFF, 0xFFFF, 0xFFFF, 0xFFFF,
  0xFFFF, 0xFFFF, 0xFFFF, 0xFFFF, 0xFFFF, 0xFFFF, 0xFFFF, 0xFFFF, 0xFFFF, 0xFFFF, 0xFFFF, 0xFFFF,
  0xFFFF, 0xFFFF, 0xFFFF, 0xFFFF, 0xFFFF, 0xFFFF, 0xFFFF, 0xFFFF, 0xFFFF, 0xFFFF, 0xFFFF, 0xFFFF,
  0xFFFF, 0xFFFF, 0xFFFF, 0xFFFF, 0xFFFF, 0xFFFF, 0xFFFF, 0xFFFF, 0xFFFF, 0xFFFF, 0xFFFF, 0xFFFF,
  0xFFFF, 0xFFFF, 0xFFFF, 0xFFFF, 0xFFFF, 0xFFFF, 0xFFFF, 0xFFFF, 0xFFFF, 0xFFFF, 0xFFFF, 0xFFFF,
  0xFFFF, 0xF7BE, 0xA4F3, 0x2924, 0x20E4, 0x20E4, 0x20E4, 0x20E4, 0x20E4, 0x20E4, 0x20E4, 0x20E4,
  0x20E4, 0x20E4, 0x20E4, 0x20E4, 0x20E4, 0x20E4, 0x20E4, 0x20E4, 0x20E4, 0x20E4, 0x20E4, 0x20E4,
  0x20E4, 0x20E4, 0x20E4, 0x20E4, 0x20E4, 0x20E4, 0x20E4, 0x20E4, 0x20E4, 0x20E4, 0x20E4, 0x20E4,
  0x20E4, 0x20E4, 0x20E4, 0x20E4, 0x20E4, 0x20E4, 0x20E4, 0x20E4, 0x20E4, 0x20E4, 0x20E4, 0x20E4,
  0x20E4, 0x20E4, 0x20E4, 0x20E4, 0x20E4, 0x20E4, 0x20E4, 0x20E4, 0x20E4, 0x20E4, 0x20E4, 0x20E4,
  0x20E4, 0x20E4, 0x2924, 0x5ACB, 0xBDF7, 0xFFFF, 0xFFFF, 0xFFFF, 0xFFFF, 0xFFFF, 0xFFFF, 0xFFFF,
  0xFFFF, 0xFFFF, 0xFFFF, 0xFFFF, 0xFFFF, 0xFFFF, 0xFFFF, 0xFFFF, 0xFFFF, 0xFFFF, 0xFFFF, 0xFFFF,
  0xFFFF, 0xFFFF, 0xFFFF, 0xFFFF, 0xFFFF, 0xFFFF, 0xFFFF, 0xFFFF, 0xFFFF, 0xFFFF, 0xFFFF, 0xFFFF,
  0xFFFF, 0xFFFF, 0xFFFF, 0xFFFF, 0xFFFF, 0xFFFF, 0xFFFF, 0xFFFF, 0xFFFF, 0xFFFF, 0xFFFF, 0xFFFF,
  0xFFFF, 0xFFFF, 0xFFFF, 0xFFFF, 0xFFFF, 0xFFFF, 0xFFFF, 0xFFFF, 0xFFFF, 0xFFFF, 0xFFFF, 0xFFFF,
  0xFFFF, 0xFFFF, 0xFFFF, 0xFFFF, 0xFFFF, 0xFFFF, 0xFFFF, 0xFFFF, 0xFFFF, 0xFFFF, 0xFFFF, 0xFFFF,
  0xFFFF, 0xFFFF, 0xFFFF, 0xFFFF, 0xFFFF, 0xFFFF, 0xFFFF, 0xFFFF, 0xFFFF, 0xFFFF, 0xFFFF, 0xFFFF,
  0xFFFF, 0xFFFF, 0xFFFF, 0xFFFF, 0xFFFF, 0xFFFF, 0xFFFF, 0xFFFF, 0xFFFF, 0xFFFF, 0xFFFF, 0xFFFF,
  0xFFFF, 0xFFFF, 0xFFFF, 0xFFFF, 0xFFFF, 0xFFFF, 0xFFFF, 0xFFFF, 0xFFFF, 0xFFFF, 0xFFFF, 0xFFFF,
  0xFFFF, 0xFFFF, 0xFFFF, 0xFFFF, 0xFFFF, 0xFFFF, 0xFFFF, 0xFFFF, 0xFFFF, 0xFFFF, 0xFFFF, 0xFFFF,
  0xFFFF, 0xFFFF, 0xFFFF, 0xFFFF, 0xFFFF, 0xFFFF, 0xFFFF, 0xFFFF, 0xFFFF, 0xFFFF, 0xFFFF, 0xFFFF,
  0xFFFF, 0xFFFF, 0xFFFF, 0xFFFF, 0xFFFF, 0xFFFF, 0xFFFF, 0xFFFF, 0xFFFF, 0xFFFF, 0xFFFF, 0xFFFF,
  0xFFFF, 0xFFFF, 0xFFFF, 0xFFFF, 0xFFFF, 0xFFFF, 0xFFFF, 0xFFFF, 0xFFFF, 0xFFFF, 0xFFFF, 0xFFFF,
  0xFFFF, 0xFFFF, 0xFFFF, 0xFFFF, 0xFFFF, 0xFFFF, 0xFFFF, 0xFFFF, 0xFFFF, 0xFFFF, 0xFFFF, 0xFFFF,
  0xFFFF, 0xFFFF, 0xFFFF, 0xFFFF, 0xFFFF, 0xFFFF, 0xFFFF, 0xFFFF, 0xFFFF, 0xFFFF, 0xFFFF, 0xFFFF,
  0xFFFF, 0xFFFF, 0xE71C, 0x6B4D, 0x20E4, 0x20E4, 0x20E4, 0x20E4, 0x20E4, 0x20E4, 0x20E4, 0x20E4,
  0x20E4, 0x20E4, 0x20E4, 0x20E4, 0x20E4, 0x20E4, 0x20E4, 0x20E4, 0x20E4, 0x20E4, 0x20E4, 0x20E4,
  0x20E4, 0x20E4, 0x20E4, 0x20E4, 0x20E4, 0x20E4, 0x20E4, 0x20E4, 0x20E4, 0x20E4, 0x20E4, 0x20E4,
  0x20E4, 0x20E4, 0x20E4, 0x20E4, 0x20E4, 0x20E4, 0x20E4, 0x20E4, 0x20E4, 0x20E4, 0x20E4, 0x20E4,
  0x20E4, 0x20E4, 0x20E4, 0x20E4, 0x20E4, 0x20E4, 0x20E4, 0x20E4, 0x20E4, 0x20E4, 0x20E4, 0x20E4,
  0x20E4, 0x20E4, 0x20E4, 0x2104, 0x4A69, 0xAD75, 0xFFDF, 0xFFFF, 0xFFFF, 0xFFFF, 0xFFFF, 0xFFFF,
  0xFFFF, 0xFFFF, 0xFFFF, 0xFFFF, 0xFFFF, 0xFFFF, 0xFFFF, 0xFFFF, 0xFFFF, 0xFFFF, 0xFFFF, 0xFFFF,
  0xFFFF, 0xFFFF, 0xFFFF, 0xFFFF, 0xFFFF, 0xFFFF, 0xFFFF, 0xFFFF, 0xFFFF, 0xFFFF, 0xFFFF, 0xFFFF,
  0xFFFF, 0xFFFF, 0xFFFF, 0xFFFF, 0xFFFF, 0xFFFF, 0xFFFF, 0xFFFF, 0xFFFF, 0xFFFF, 0xFFFF, 0xFFFF,
  0xFFFF, 0xFFFF, 0xFFFF, 0xFFFF, 0xFFFF, 0xFFFF, 0xFFFF, 0xFFFF, 0xFFFF, 0xFFFF, 0xFFFF, 0xFFFF,
  0xFFFF, 0xFFFF, 0xFFFF, 0xFFFF, 0xFFFF, 0xFFFF, 0xFFFF, 0xFFFF, 0xFFFF, 0xFFFF, 0xFFFF, 0xFFFF,
  0xFFFF, 0xFFFF, 0xFFFF, 0xFFFF, 0xFFFF, 0xFFFF, 0xFFFF, 0xFFFF, 0xFFFF, 0xFFFF, 0xFFFF, 0xFFFF,
  0xFFFF, 0xFFFF, 0xFFFF, 0xFFFF, 0xFFFF, 0xFFFF, 0xFFFF, 0xFFFF, 0xFFFF, 0xFFFF, 0xFFFF, 0xFFFF,
  0xFFFF, 0xFFFF, 0xFFFF, 0xFFFF, 0xFFFF, 0xFFFF, 0xFFFF, 0xFFFF, 0xFFFF, 0xFFFF, 0xFFFF, 0xFFFF,
  0xFFFF, 0xFFFF, 0xFFFF, 0xFFFF, 0xFFFF, 0xFFFF, 0xFFFF, 0xFFFF, 0xFFFF, 0xFFFF, 0xFFFF, 0xFFFF,
  0xFFFF, 0xFFFF, 0xFFFF, 0xFFFF, 0xFFFF, 0xFFFF, 0xFFFF, 0xFFFF, 0xFFFF, 0xFFFF, 0xFFFF, 0xFFFF,
  0xFFFF, 0xFFFF, 0xFFFF, 0xFFFF, 0xFFFF, 0xFFFF, 0xFFFF, 0xFFFF, 0xFFFF, 0xFFFF, 0xFFFF, 0xFFFF,
  0xFFFF, 0xFFFF, 0xFFFF, 0xFFFF, 0xFFFF, 0xFFFF, 0xFFFF, 0xFFFF, 0xFFFF, 0xFFFF, 0xFFFF, 0xFFFF,
  0xFFFF, 0xFFFF, 0xFFFF, 0xFFFF, 0xFFFF, 0xFFFF, 0xFFFF, 0xFFFF, 0xFFFF, 0xFFFF, 0xFFFF, 0xFFFF,
  0xFFFF, 0xFFFF, 0xFFFF, 0xFFFF, 0xFFFF, 0xFFFF, 0xFFFF, 0xFFFF, 0xFFFF, 0xFFFF, 0xFFFF, 0xFFFF,
  0xFFFF, 0xFFFF, 0xFFDF, 0xC638, 0x4228, 0x20E4, 0x20E4, 0x20E4, 0x20E4, 0x20E4, 0x20E4, 0x20E4,
  0x20E4, 0x20E4, 0x20E4, 0x20E4, 0x20E4, 0x20E4, 0x20E4, 0x20E4, 0x20E4, 0x20E4, 0x20E4, 0x20E4,
  0x20E4, 0x20E4, 0x20E4, 0x20E4, 0x20E4, 0x20E4, 0x20E4, 0x20E4, 0x20E4, 0x20E4, 0x20E4, 0x20E4,
  0x20E4, 0x20E4, 0x20E4, 0x20E4, 0x20E4, 0x20E4, 0x20E4, 0x20E4, 0x20E4, 0x20E4, 0x20E4, 0x20E4,
  0x20E4, 0x20E4, 0x20E4, 0x20E4, 0x20E4, 0x20E4, 0x20E4, 0x20E4, 0x20E4, 0x20E4, 0x20E4, 0x20E4,
  0x20E4, 0x20E4, 0x20E4, 0x20E4, 0x2104, 0x4208, 0xA514, 0xF7BE, 0xFFFF, 0xFFFF, 0xFFFF, 0xFFFF,
  0xFFFF, 0xFFFF, 0xFFFF, 0xFFFF, 0xFFFF, 0xFFFF, 0xFFFF, 0xFFFF, 0xFFFF, 0xFFFF, 0xFFFF, 0xFFFF,
  0xFFFF, 0xFFFF, 0xFFFF, 0xFFFF, 0xFFFF, 0xFFFF, 0xFFFF, 0xFFFF, 0xFFFF, 0xFFFF, 0xFFFF, 0xFFFF,
  0xFFFF, 0xFFFF, 0xFFFF, 0xFFFF, 0xFFFF, 0xFFFF, 0xFFFF, 0xFFFF, 0xFFFF, 0xFFFF, 0xFFFF, 0xFFFF,
  0xFFFF, 0xFFFF, 0xFFFF, 0xFFFF, 0xFFFF, 0xFFFF, 0xFFFF, 0xFFFF, 0xFFFF, 0xFFFF, 0xFFFF, 0xFFFF,
  0xFFFF, 0xFFFF, 0xFFFF, 0xFFFF, 0xFFFF, 0xFFFF, 0xFFFF, 0xFFFF, 0xFFFF, 0xFFFF, 0xFFFF, 0xFFFF,
  0xFFFF, 0xFFFF, 0xFFFF, 0xFFFF, 0xFFFF, 0xFFFF, 0xFFFF, 0xFFFF, 0xFFFF, 0xFFFF, 0xFFFF, 0xFFFF,
  0xFFFF, 0xFFFF, 0xFFFF, 0xFFFF, 0xFFFF, 0xFFFF, 0xFFFF, 0xFFFF, 0xFFFF, 0xFFFF, 0xFFFF, 0xFFFF,
  0xFFFF, 0xFFFF, 0xFFFF, 0xFFFF, 0xFFFF, 0xFFFF, 0xFFFF, 0xFFFF, 0xFFFF, 0xFFFF, 0xFFFF, 0xFFFF,
  0xFFFF, 0xFFFF, 0xFFFF, 0xFFFF, 0xFFFF, 0xFFFF, 0xFFFF, 0xFFFF, 0xFFFF, 0xFFFF, 0xFFFF, 0xFFFF,
  0xFFFF, 0xFFFF, 0xFFFF, 0xFFFF, 0xFFFF, 0xFFFF, 0xFFFF, 0xFFFF, 0xFFFF, 0xFFFF, 0xFFFF, 0xFFFF,
  0xFFFF, 0xFFFF, 0xFFFF, 0xFFFF, 0xFFFF, 0xFFFF, 0xFFFF, 0xFFFF, 0xFFFF, 0xFFFF, 0xFFFF, 0xFFFF,
  0xFFFF, 0xFFFF, 0xFFFF, 0xFFFF, 0xFFFF, 0xFFFF, 0xFFFF, 0xFFFF, 0xFFFF, 0xFFFF, 0xFFFF, 0xFFFF,
  0xFFFF, 0xFFFF, 0xFFFF, 0xFFFF, 0xFFFF, 0xFFFF, 0xFFFF, 0xFFFF, 0xFFFF, 0xFFFF, 0xFFFF, 0xFFFF,
  0xFFFF, 0xFFFF, 0xFFFF, 0xFFFF, 0xFFFF, 0xFFFF, 0xFFFF, 0xFFFF, 0xFFFF, 0xFFFF, 0xFFFF, 0xFFFF,
  0xFFFF, 0xFFFF, 0xFFFF, 0xF79E, 0x9CD3, 0x3165, 0x20E4, 0x20E4, 0x20E4, 0x20E4, 0x20E4, 0x20E4,
  0x20E4, 0x20E4, 0x20E4, 0x20E4, 0x20E4, 0x20E4, 0x20E4, 0x20E4, 0x20E4, 0x20E4, 0x20E4, 0x20E4,
  0x20E4, 0x20E4, 0x20E4, 0x20E4, 0x20E4, 0x20E4, 0x20E4, 0x20E4, 0x20E4, 0x20E4, 0x20E4, 0x20E4,
  0x20E4, 0x20E4, 0x20E4, 0x20E4, 0x20E4, 0x20E4, 0x20E4, 0x20E4, 0x20E4, 0x20E4, 0x20E4, 0x20E4,
  0x20E4, 0x20E4, 0x20E4, 0x20E4, 0x20E4, 0x20E4, 0x20E4, 0x20E4, 0x20E4, 0x20E4, 0x20E4, 0x20E4,
  0x20E4, 0x20E4, 0x20E4, 0x20E4, 0x20E4, 0x2104, 0x39C7, 0x94B2, 0xEF5D, 0xFFFF, 0xFFFF, 0xFFFF,
  0xFFFF, 0xFFFF, 0xFFFF, 0xFFFF, 0xFFFF, 0xFFFF, 0xFFFF, 0xFFFF, 0xFFFF, 0xFFFF, 0xFFFF, 0xFFFF,
  0xFFFF, 0xFFFF, 0xFFFF, 0xFFFF, 0xFFFF, 0xFFFF, 0xFFFF, 0xFFFF, 0xFFFF, 0xFFFF, 0xFFFF, 0xFFFF,
  0xFFFF, 0xFFFF, 0xFFFF, 0xFFFF, 0xFFFF, 0xFFFF, 0xFFFF, 0xFFFF, 0xFFFF, 0xFFFF, 0xFFFF, 0xFFFF,
  0xFFFF, 0xFFFF, 0xFFFF, 0xFFFF, 0xFFFF, 0xFFFF, 0xFFFF, 0xFFFF, 0xFFFF, 0xFFFF, 0xFFFF, 0xFFFF,
  0xFFFF, 0xFFFF, 0xFFFF, 0xFFFF, 0xFFFF, 0xFFFF, 0xFFFF, 0xFFFF, 0xFFFF, 0xFFFF, 0xFFFF, 0xFFFF,
  0xFFFF, 0xFFFF, 0xFFFF, 0xFFFF, 0xFFFF, 0xFFFF, 0xFFFF, 0xFFFF, 0xFFFF, 0xFFFF, 0xFFFF, 0xFFFF,
  0xFFFF, 0xFFFF, 0xFFFF, 0xFFFF, 0xFFFF, 0xFFFF, 0xFFFF, 0xFFFF, 0xFFFF, 0xFFFF, 0xFFFF, 0xFFFF,
  0xFFFF, 0xFFFF, 0xFFFF, 0xFFFF, 0xFFFF, 0xFFFF, 0xFFFF, 0xFFFF, 0xFFFF, 0xFFFF, 0xFFFF, 0xFFFF,
  0xFFFF, 0xFFFF, 0xFFFF, 0xFFFF, 0xFFFF, 0xFFFF, 0xFFFF, 0xFFFF, 0xFFFF, 0xFFFF, 0xFFFF, 0xFFFF,
  0xFFFF, 0xFFFF, 0xFFFF, 0xFFFF, 0xFFFF, 0xFFFF, 0xFFFF, 0xFFFF, 0xFFFF, 0xFFFF, 0xFFFF, 0xFFFF,
  0xFFFF, 0xFFFF, 0xFFFF, 0xFFFF, 0xFFFF, 0xFFFF, 0xFFFF, 0xFFFF, 0xFFFF, 0xFFFF, 0xFFFF, 0xFFFF,
  0xFFFF, 0xFFFF, 0xFFFF, 0xFFFF, 0xFFFF, 0xFFFF, 0xFFFF, 0xFFFF, 0xFFFF, 0xFFFF, 0xFFFF, 0xFFFF,
  0xFFFF, 0xFFFF, 0xFFFF, 0xFFFF, 0xFFFF, 0xFFFF, 0xFFFF, 0xFFFF, 0xFFFF, 0xFFFF, 0xFFFF, 0xFFFF,
  0xFFFF, 0xFFFF, 0xFFFF, 0xFFFF, 0xFFFF, 0xFFFF, 0xFFFF, 0xFFFF, 0xFFFF, 0xFFFF, 0xFFFF, 0xFFFF,
  0xFFFF, 0xFFFF, 0xFFFF, 0xFFFF, 0xE71C, 0x738E, 0x2924, 0x20E4, 0x20E4, 0x20E4, 0x20E4, 0x20E4,
  0x20E4, 0x20E4, 0x20E4, 0x20E4, 0x20E4, 0x20E4, 0x20E4, 0x20E4, 0x20E4, 0x20E4, 0x20E4, 0x20E4,
  0x20E4, 0x20E4, 0x20E4, 0x20E4, 0x20E4, 0x20E4, 0x20E4, 0x20E4, 0x20E4, 0x20E4, 0x20E4, 0x20E4,
  0x20E4, 0x20E4, 0x20E4, 0x20E4, 0x20E4, 0x20E4, 0x20E4, 0x20E4, 0x20E4, 0x20E4, 0x20E4, 0x20E4,
  0x20E4, 0x20E4, 0x20E4, 0x20E4, 0x20E4, 0x20E4, 0x20E4, 0x20E4, 0x20E4, 0x20E4, 0x20E4, 0x20E4,
  0x20E4, 0x20E4, 0x20E4, 0x20E4, 0x20E4, 0x20E4, 0x2104, 0x3186, 0x8C51, 0xE71C, 0xFFFF, 0xFFFF,
  0xFFFF, 0xFFFF, 0xFFFF, 0xFFFF, 0xFFFF, 0xFFFF, 0xFFFF, 0xFFFF, 0xFFFF, 0xFFFF, 0xFFFF, 0xFFFF,
  0xFFFF, 0xFFFF, 0xFFFF, 0xFFFF, 0xFFFF, 0xFFFF, 0xFFFF, 0xFFFF, 0xFFFF, 0xFFFF, 0xFFFF, 0xFFFF,
  0xFFFF, 0xFFFF, 0xFFFF, 0xFFFF, 0xFFFF, 0xFFFF, 0xFFFF, 0xFFFF, 0xFFFF, 0xFFFF, 0xFFFF, 0xFFFF,
  0xFFFF, 0xFFFF, 0xFFFF, 0xFFFF, 0xFFFF, 0xFFFF, 0xFFFF, 0xFFFF, 0xFFFF, 0xFFFF, 0xFFFF, 0xFFFF,
  0xFFFF, 0xFFFF, 0xFFFF, 0xFFFF, 0xFFFF, 0xFFFF, 0xFFFF, 0xFFFF, 0xFFFF, 0xFFFF, 0xFFFF, 0xFFFF,
  0xFFFF, 0xFFFF, 0xFFFF, 0xFFFF, 0xFFFF, 0xFFFF, 0xFFFF, 0xFFFF, 0xFFFF, 0xFFFF, 0xFFFF, 0xFFFF,
  0xFFFF, 0xFFFF, 0xFFFF, 0xFFFF, 0xFFFF, 0xFFFF, 0xFFFF, 0xFFFF, 0xFFFF, 0xFFFF, 0xFFFF, 0xFFFF,
  0xFFFF, 0xFFFF, 0xFFFF, 0xFFFF, 0xFFFF, 0xFFFF, 0xFFFF, 0xFFFF, 0xFFFF, 0xFFFF, 0xFFFF, 0xFFFF,
  0xFFFF, 0xFFFF, 0xFFFF, 0xFFFF, 0xFFFF, 0xFFFF, 0xFFFF, 0xFFFF, 0xFFFF, 0xFFFF, 0xFFFF, 0xFFFF,
  0xFFFF, 0xFFFF, 0xFFFF, 0xFFFF, 0xFFFF, 0xFFFF, 0xFFFF, 0xFFFF, 0xFFFF, 0xFFFF, 0xFFFF, 0xFFFF,
  0xFFFF, 0xFFFF, 0xFFFF, 0xFFFF, 0xFFFF, 0xFFFF, 0xFFFF, 0xFFFF, 0xFFFF, 0xFFFF, 0xFFFF, 0xFFFF,
  0xFFFF, 0xFFFF, 0xFFFF, 0xFFFF, 0xFFFF, 0xFFFF, 0xFFFF, 0xFFFF, 0xFFFF, 0xFFFF, 0xFFFF, 0xFFFF,
  0xFFFF, 0xFFFF, 0xFFFF, 0xFFFF, 0xFFFF, 0xFFFF, 0xFFFF, 0xFFFF, 0xFFFF, 0xFFFF, 0xFFFF, 0xFFFF,
  0xFFFF, 0xFFFF, 0xFFFF, 0xFFFF, 0xFFFF, 0xFFFF, 0xFFFF, 0xFFFF, 0xFFFF, 0xFFFF, 0xFFFF, 0xFFFF,
  0xFFFF, 0xFFFF, 0xFFFF, 0xFFFF, 0xFFFF, 0xC638, 0x528A, 0x2104, 0x20E4, 0x20E4, 0x20E4, 0x20E4,
  0x20E4, 0x20E4, 0x20E4, 0x20E4, 0x20E4, 0x20E4, 0x20E4, 0x20E4, 0x20E4, 0x20E4, 0x20E4, 0x20E4,
  0x20E4, 0x20E4, 0x20E4, 0x20E4, 0x20E4, 0x20E4, 0x20E4, 0x20E4, 0x20E4, 0x20E4, 0x20E4, 0x20E4,
  0x20E4, 0x20E4, 0x20E4, 0x20E4, 0x20E4, 0x20E4, 0x20E4, 0x20E4, 0x20E4, 0x20E4, 0x20E4, 0x20E4,
  0x20E4, 0x20E4, 0x20E4, 0x20E4, 0x20E4, 0x20E4, 0x20E4, 0x20E4, 0x20E4, 0x20E4, 0x20E4, 0x20E4,
  0x20E4, 0x20E4, 0x20E4, 0x20E4, 0x20E4, 0x20E4, 0x20E4, 0x20E4, 0x2945, 0x738E, 0xD69A, 0xFFDF,
  0xFFFF, 0xFFFF, 0xFFFF, 0xFFFF, 0xFFFF, 0xFFFF, 0xFFFF, 0xFFFF, 0xFFFF, 0xFFFF, 0xFFFF, 0xFFFF,
  0xFFFF, 0xFFFF, 0xFFFF, 0xFFFF, 0xFFFF, 0xFFFF, 0xFFFF, 0xFFFF, 0xFFFF, 0xFFFF, 0xFFFF, 0xFFFF,
  0xFFFF, 0xFFFF, 0xFFFF, 0xFFFF, 0xFFFF, 0xFFFF, 0xFFFF, 0xFFFF, 0xFFFF, 0xFFFF, 0xFFFF, 0xFFFF,
  0xFFFF, 0xFFFF, 0xFFFF, 0xFFFF, 0xFFFF, 0xFFFF, 0xFFFF, 0xFFFF, 0xFFFF, 0xFFFF, 0xFFFF, 0xFFFF,
  0xFFFF, 0xFFFF, 0xFFFF, 0xFFFF, 0xFFFF, 0xFFFF, 0xFFFF, 0xFFFF, 0xFFFF, 0xFFFF, 0xFFFF, 0xFFFF,
  0xFFFF, 0xFFFF, 0xFFFF, 0xFFFF, 0xFFFF, 0xFFFF, 0xFFFF, 0xFFFF, 0xFFFF, 0xFFFF, 0xFFFF, 0xFFFF,
  0xFFFF, 0xFFFF, 0xFFFF, 0xFFFF, 0xFFFF, 0xFFFF, 0xFFFF, 0xFFFF, 0xFFFF, 0xFFFF, 0xFFFF, 0xFFFF,
  0xFFFF, 0xFFFF, 0xFFFF, 0xFFFF, 0xFFFF, 0xFFFF, 0xFFFF, 0xFFFF, 0xFFFF, 0xFFFF, 0xFFFF, 0xFFFF,
  0xFFFF, 0xFFFF, 0xFFFF, 0xFFFF, 0xFFFF, 0xFFFF, 0xFFFF, 0xFFFF, 0xFFFF, 0xFFFF, 0xFFFF, 0xFFFF,
  0xFFFF, 0xFFFF, 0xFFFF, 0xFFFF, 0xFFFF, 0xFFFF, 0xFFFF, 0xFFFF, 0xFFFF, 0xFFFF, 0xFFFF, 0xFFFF,
  0xFFFF, 0xFFFF, 0xFFFF, 0xFFFF, 0xFFFF, 0xFFFF, 0xFFFF, 0xFFFF, 0xFFFF, 0xFFFF, 0xFFFF, 0xFFFF,
  0xFFFF, 0xFFFF, 0xFFFF, 0xFFFF, 0xFFFF, 0xFFFF, 0xFFFF, 0xFFFF, 0xFFFF, 0xFFFF, 0xFFFF, 0xFFFF,
  0xFFFF, 0xFFFF, 0xFFFF, 0xFFFF, 0xFFFF, 0xFFFF, 0xFFFF, 0xFFFF, 0xFFFF, 0xFFFF, 0xFFFF, 0xFFFF,
  0xFFFF, 0xFFFF, 0xFFFF, 0xFFFF, 0xFFFF, 0xFFFF, 0xFFFF, 0xFFFF, 0xFFFF, 0xFFFF, 0xFFFF, 0xFFFF,
  0xFFFF, 0xFFFF, 0xFFFF, 0xFFFF, 0xFFFF, 0xFFDF, 0xA514, 0x39A6, 0x20E4, 0x20E4, 0x20E4, 0x20E4,
  0x20E4, 0x20E4, 0x20E4, 0x20E4, 0x20E4, 0x20E4, 0x20E4, 0x20E4, 0x20E4, 0x20E4, 0x20E4, 0x20E4,
  0x20E4, 0x20E4, 0x20E4, 0x20E4, 0x20E4, 0x20E4, 0x20E4, 0x20E4, 0x20E4, 0x20E4, 0x20E4, 0x20E4,
  0x20E4, 0x20E4, 0x20E4, 0x20E4, 0x20E4, 0x20E4, 0x20E4, 0x20E4, 0x20E4, 0x20E4, 0x20E4, 0x20E4,
  0x20E4, 0x20E4, 0x20E4, 0x20E4, 0x20E4, 0x20E4, 0x20E4, 0x20E4, 0x20E4, 0x20E4, 0x20E4, 0x20E4,
  0x20E4, 0x20E4, 0x20E4, 0x20E4, 0x20E4, 0x20E4, 0x20E4, 0x20E4, 0x20E4, 0x2104, 0x528A, 0xBDD7,
  0xF79E, 0xFFFF, 0xFFFF, 0xFFFF, 0xFFFF, 0xFFFF, 0xFFFF, 0xFFFF, 0xFFFF, 0xFFFF, 0xFFFF, 0xFFFF,
  0xFFFF, 0xFFFF, 0xFFFF, 0xFFFF, 0xFFFF, 0xFFFF, 0xFFFF, 0xFFFF, 0xFFFF, 0xFFFF, 0xFFFF, 0xFFFF,
  0xFFFF, 0xFFFF, 0xFFFF, 0xFFFF, 0xFFFF, 0xFFFF, 0xFFFF, 0xFFFF, 0xFFFF, 0xFFFF, 0xFFFF, 0xFFFF,
  0xFFFF, 0xFFFF, 0xFFFF, 0xFFFF, 0xFFFF, 0xFFFF, 0xFFFF, 0xFFFF, 0xFFFF, 0xFFFF, 0xFFFF, 0xFFFF,
  0xFFFF, 0xFFFF, 0xFFFF, 0xFFFF, 0xFFFF, 0xFFFF, 0xFFFF, 0xFFFF, 0xFFFF, 0xFFFF, 0xFFFF, 0xFFFF,
  0xFFFF, 0xFFFF, 0xFFFF, 0xFFFF, 0xFFFF, 0xFFFF, 0xFFFF, 0xFFFF, 0xFFFF, 0xFFFF, 0xFFFF, 0xFFFF,
  0xFFFF, 0xFFFF, 0xFFFF, 0xFFFF, 0xFFFF, 0xFFFF, 0xFFFF, 0xFFFF, 0xFFFF, 0xFFFF, 0xFFFF, 0xFFFF,
  0xFFFF, 0xFFFF, 0xFFFF, 0xFFFF, 0xFFFF, 0xFFFF, 0xFFFF, 0xFFFF, 0xFFFF, 0xFFFF, 0xFFFF, 0xFFFF,
  0xFFFF, 0xFFFF, 0xFFFF, 0xFFFF, 0xFFFF, 0xFFFF, 0xFFFF, 0xFFFF, 0xFFFF, 0xFFFF, 0xFFFF, 0xFFFF,
  0xFFFF, 0xFFFF, 0xFFFF, 0xFFFF, 0xFFFF, 0xFFFF, 0xFFFF, 0xFFFF, 0xFFFF, 0xFFFF, 0xFFFF, 0xFFFF,
  0xFFFF, 0xFFFF, 0xFFFF, 0xFFFF, 0xFFFF, 0xFFFF, 0xFFFF, 0xFFFF, 0xFFFF, 0xFFFF, 0xFFFF, 0xFFFF,
  0xFFFF, 0xFFFF, 0xFFFF, 0xFFFF, 0xFFFF, 0xFFFF, 0xFFFF, 0xFFFF, 0xFFFF, 0xFFFF, 0xFFFF, 0xFFFF,
  0xFFFF, 0xFFFF, 0xFFFF, 0xFFFF, 0xFFFF, 0xFFFF, 0xFFFF, 0xFFFF, 0xFFFF, 0xFFFF, 0xFFFF, 0xFFFF,
  0xFFFF, 0xFFFF, 0xFFFF, 0xFFFF, 0xFFFF, 0xFFFF, 0xFFFF, 0xFFFF, 0xFFFF, 0xFFFF, 0xFFFF, 0xFFFF,
  0xFFFF, 0xFFFF, 0xFFFF, 0xFFFF, 0xFFFF, 0xFFFF, 0xF79E, 0x7BEF, 0x2945, 0x20E4, 0x20E4, 0x20E4,
  0x20E4, 0x20E4, 0x20E4, 0x20E4, 0x20E4, 0x20E4, 0x20E4, 0x20E4, 0x20E4, 0x20E4, 0x20E4, 0x20E4,
  0x20E4, 0x20E4, 0x20E4, 0x20E4, 0x20E4, 0x20E4, 0x20E4, 0x20E4, 0x20E4, 0x20E4, 0x20E4, 0x20E4,
  0x20E4, 0x20E4, 0x20E4, 0x20E4, 0x20E4, 0x20E4, 0x20E4, 0x20E4, 0x20E4, 0x20E4, 0x20E4, 0x20E4,
  0x20E4, 0x20E4, 0x20E4, 0x20E4, 0x20E4, 0x20E4, 0x20E4, 0x20E4, 0x20E4, 0x20E4, 0x20E4, 0x20E4,
  0x20E4, 0x20E4, 0x20E4, 0x20E4, 0x20E4, 0x20E4, 0x20E4, 0x20E4, 0x20E4, 0x20E4, 0x2104, 0x41E7,
  0xA514, 0xEF5D, 0xFFFF, 0xFFFF, 0xFFFF, 0xFFFF, 0xFFFF, 0xFFFF, 0xFFFF, 0xFFFF, 0xFFFF, 0xFFFF,
  0xFFFF, 0xFFFF, 0xFFFF, 0xFFFF, 0xFFFF, 0xFFFF, 0xFFFF, 0xFFFF, 0xFFFF, 0xFFFF, 0xFFFF, 0xFFFF,
  0xFFFF, 0xFFFF, 0xFFFF, 0xFFFF, 0xFFFF, 0xFFFF, 0xFFFF, 0xFFFF, 0xFFFF, 0xFFFF, 0xFFFF, 0xFFFF,
  0xFFFF, 0xFFFF, 0xFFFF, 0xFFFF, 0xFFFF, 0xFFFF, 0xFFFF, 0xFFFF, 0xFFFF, 0xFFFF, 0xFFFF, 0xFFFF,
  0xFFFF, 0xFFFF, 0xFFFF, 0xFFFF, 0xFFFF, 0xFFFF, 0xFFFF, 0xFFFF, 0xFFFF, 0xFFFF, 0xFFFF, 0xFFFF,
  0xFFFF, 0xFFFF, 0xFFFF, 0xFFFF, 0xFFFF, 0xFFFF, 0xFFFF, 0xFFFF, 0xFFFF, 0xFFFF, 0xFFFF, 0xFFFF,
  0xFFFF, 0xFFFF, 0xFFFF, 0xFFFF, 0xFFFF, 0xFFFF, 0xFFFF, 0xFFFF, 0xFFFF, 0xFFFF, 0xFFFF, 0xFFFF,
  0xFFFF, 0xFFFF, 0xFFFF, 0xFFFF, 0xFFFF, 0xFFFF, 0xFFFF, 0xFFFF, 0xFFFF, 0xFFFF, 0xFFFF, 0xFFFF,
  0xFFFF, 0xFFFF, 0xFFFF, 0xFFFF, 0xFFFF, 0xFFFF, 0xFFFF, 0xFFFF, 0xFFFF, 0xFFFF, 0xFFFF, 0xFFFF,
  0xFFFF, 0xFFFF, 0xFFFF, 0xFFFF, 0xFFFF, 0xFFFF, 0xFFFF, 0xFFFF, 0xFFFF, 0xFFFF, 0xFFFF, 0xFFFF,
  0xFFFF, 0xFFFF, 0xFFFF, 0xFFFF, 0xFFFF, 0xFFFF, 0xFFFF, 0xFFFF, 0xFFFF, 0xFFFF, 0xFFFF, 0xFFFF,
  0xFFFF, 0xFFFF, 0xFFFF, 0xFFFF, 0xFFFF, 0xFFFF, 0xFFFF, 0xFFFF, 0xFFFF, 0xFFFF, 0xFFFF, 0xFFFF,
  0xFFFF, 0xFFFF, 0xFFFF, 0xFFFF, 0xFFFF, 0xFFFF, 0xFFFF, 0xFFFF, 0xFFFF, 0xFFFF, 0xFFFF, 0xFFFF,
  0xFFFF, 0xFFFF, 0xFFFF, 0xFFFF, 0xFFFF, 0xFFFF, 0xFFFF, 0xFFFF, 0xFFFF, 0xFFFF, 0xFFFF, 0xFFFF,
  0xFFFF, 0xFFFF, 0xFFFF, 0xFFFF, 0xFFFF, 0xFFFF, 0xFFFF, 0xDEFB, 0x62EC, 0x2924, 0x20E4, 0x20E4,
  0x20E4, 0x20E4, 0x20E4, 0x20E4, 0x20E4, 0x20E4, 0x20E4, 0x20E4, 0x20E4, 0x20E4, 0x20E4, 0x20E4,
  0x20E4, 0x20E4, 0x20E4, 0x20E4, 0x20E4, 0x20E4, 0x20E4, 0x20E4, 0x20E4, 0x20E4, 0x20E4, 0x20E4,
  0x20E4, 0x20E4, 0x20E4, 0x20E4, 0x20E4, 0x20E4, 0x20E4, 0x20E4, 0x20E4, 0x20E4, 0x20E4, 0x20E4,
  0x20E4, 0x20E4, 0x20E4, 0x20E4, 0x20E4, 0x20E4, 0x20E4, 0x20E4, 0x20E4, 0x20E4, 0x20E4, 0x20E4,
  0x20E4, 0x20E4, 0x20E4, 0x20E4, 0x20E4, 0x20E4, 0x20E4, 0x20E4, 0x20E4, 0x20E4, 0x20E4, 0x20E4,
  0x3186, 0x8430, 0xD6BA, 0xFFFF, 0xFFFF, 0xFFFF, 0xFFFF, 0xFFFF, 0xFFFF, 0xFFFF, 0xFFFF, 0xFFFF,
  0xFFFF, 0xFFFF, 0xFFFF, 0xFFFF, 0xFFFF, 0xFFFF, 0xFFFF, 0xFFFF, 0xFFFF, 0xFFFF, 0xFFFF, 0xFFFF,
  0xFFFF, 0xFFFF, 0xFFFF, 0xFFFF, 0xFFFF, 0xFFFF, 0xFFFF, 0xFFFF, 0xFFFF, 0xFFFF, 0xFFFF, 0xFFFF,
  0xFFFF, 0xFFFF, 0xFFFF, 0xFFFF, 0xFFFF, 0xFFFF, 0xFFFF, 0xFFFF, 0xFFFF, 0xFFFF, 0xFFFF, 0xFFFF,
  0xFFFF, 0xFFFF, 0xFFFF, 0xFFFF, 0xFFFF, 0xFFFF, 0xFFFF, 0xFFFF, 0xFFFF, 0xFFFF, 0xFFFF, 0xFFFF,
  0xFFFF, 0xFFFF, 0xFFFF, 0xFFFF, 0xFFFF, 0xFFFF, 0xFFFF, 0xFFFF, 0xFFFF, 0xFFFF, 0xFFFF, 0xFFFF,
  0xFFFF, 0xFFFF, 0xFFFF, 0xFFFF, 0xFFFF, 0xFFFF, 0xFFFF, 0xFFFF, 0xFFFF, 0xFFFF, 0xFFFF, 0xFFFF,
  0xFFFF, 0xFFFF, 0xFFFF, 0xFFFF, 0xFFFF, 0xFFFF, 0xFFFF, 0xFFFF, 0xFFFF, 0xFFFF, 0xFFFF, 0xFFFF,
  0xFFFF, 0xFFFF, 0xFFFF, 0xFFFF, 0xFFFF, 0xFFFF, 0xFFFF, 0xFFFF, 0xFFFF, 0xFFFF, 0xFFFF, 0xFFFF,
  0xFFFF, 0xFFFF, 0xFFFF, 0xFFFF, 0xFFFF, 0xFFFF, 0xFFFF, 0xFFFF, 0xFFFF, 0xFFFF, 0xFFFF, 0xFFFF,
  0xFFFF, 0xFFFF, 0xFFFF, 0xFFFF, 0xFFFF, 0xFFFF, 0xFFFF, 0xFFFF, 0xFFFF, 0xFFFF, 0xFFFF, 0xFFFF,
  0xFFFF, 0xFFFF, 0xFFFF, 0xFFFF, 0xFFFF, 0xFFFF, 0xFFFF, 0xFFFF, 0xFFFF, 0xFFFF, 0xFFFF, 0xFFFF,
  0xFFFF, 0xFFFF, 0xFFFF, 0xFFFF, 0xFFFF, 0xFFFF, 0xFFFF, 0xFFFF, 0xFFFF, 0xFFFF, 0xFFFF, 0xFFFF,
  0xFFFF, 0xFFFF, 0xFFFF, 0xFFFF, 0xFFFF, 0xFFFF, 0xFFFF, 0xFFFF, 0xFFFF, 0xFFFF, 0xFFFF, 0xFFFF,
  0xFFFF, 0xFFFF, 0xFFFF, 0xFFFF, 0xFFFF, 0xFFFF, 0xFFFF, 0xFFFF, 0xC618, 0x4228, 0x2104, 0x20E4,
  0x20E4, 0x20E4, 0x20E4, 0x20E4, 0x20E4, 0x20E4, 0x20E4, 0x20E4, 0x20E4, 0x20E4, 0x20E4, 0x20E4,
  0x20E4, 0x20E4, 0x20E4, 0x20E4, 0x20E4, 0x20E4, 0x20E4, 0x20E4, 0x20E4, 0x20E4, 0x20E4, 0x20E4,
  0x20E4, 0x20E4, 0x20E4, 0x20E4, 0x20E4, 0x20E4, 0x20E4, 0x20E4, 0x20E4, 0x20E4, 0x20E4, 0x20E4,
  0x20E4, 0x20E4, 0x20E4, 0x20E4, 0x20E4, 0x20E4, 0x20E4, 0x20E4, 0x20E4, 0x20E4, 0x20E4, 0x20E4,
  0x20E4, 0x20E4, 0x20E4, 0x20E4, 0x20E4, 0x20E4, 0x20E4, 0x20E4, 0x20E4, 0x20E4, 0x20E4, 0x20E4,
  0x20E4, 0x2945, 0x630C, 0xBDB6, 0xF79E, 0xFFFF, 0xFFFF, 0xFFFF, 0xFFFF, 0xFFFF, 0xFFFF, 0xFFFF,
  0xFFFF, 0xFFFF, 0xFFFF, 0xFFFF, 0xFFFF, 0xFFFF, 0xFFFF, 0xFFFF, 0xFFFF, 0xFFFF, 0xFFFF, 0xFFFF,
  0xFFFF, 0xFFFF, 0xFFFF, 0xFFFF, 0xFFFF, 0xFFFF, 0xFFFF, 0xFFFF, 0xFFFF, 0xFFFF, 0xFFFF, 0xFFFF,
  0xFFFF, 0xFFFF, 0xFFFF, 0xFFFF, 0xFFFF, 0xFFFF, 0xFFFF, 0xFFFF, 0xFFFF, 0xFFFF, 0xFFFF, 0xFFFF,
  0xFFFF, 0xFFFF, 0xFFFF, 0xFFFF, 0xFFFF, 0xFFFF, 0xFFFF, 0xFFFF, 0xFFFF, 0xFFFF, 0xFFFF, 0xFFFF,
  0xFFFF, 0xFFFF, 0xFFFF, 0xFFFF, 0xFFFF, 0xFFFF, 0xFFFF, 0xFFFF, 0xFFFF, 0xFFFF, 0xFFFF, 0xFFFF,
  0xFFFF, 0xFFFF, 0xFFFF, 0xFFFF, 0xFFFF, 0xFFFF, 0xFFFF, 0xFFFF, 0xFFFF, 0xFFFF, 0xFFFF, 0xFFFF,
  0xFFFF, 0xFFFF, 0xFFFF, 0xFFFF, 0xFFFF, 0xFFFF, 0xFFFF, 0xFFFF, 0xFFFF, 0xFFFF, 0xFFFF, 0xFFFF,
  0xFFFF, 0xFFFF, 0xFFFF, 0xFFFF, 0xFFFF, 0xFFFF, 0xFFFF, 0xFFFF, 0xFFFF, 0xFFFF, 0xFFFF, 0xFFFF,
  0xFFFF, 0xFFFF, 0xFFFF, 0xFFFF, 0xFFFF, 0xFFFF, 0xFFFF, 0xFFFF, 0xFFFF, 0xFFFF, 0xFFFF, 0xFFFF,
  0xFFFF, 0xFFFF, 0xFFFF, 0xFFFF, 0xFFFF, 0xFFFF, 0xFFFF, 0xFFFF, 0xFFFF, 0xFFFF, 0xFFFF, 0xFFFF,
  0xFFFF, 0xFFFF, 0xFFFF, 0xFFFF, 0xFFFF, 0xFFFF, 0xFFFF, 0xFFFF, 0xFFFF, 0xFFFF, 0xFFFF, 0xFFFF,
  0xFFFF, 0xFFFF, 0xFFFF, 0xFFFF, 0xFFFF, 0xFFFF, 0xFFFF, 0xFFFF, 0xFFFF, 0xFFFF, 0xFFFF, 0xFFFF,
  0xFFFF, 0xFFFF, 0xFFFF, 0xFFFF, 0xFFFF, 0xFFFF, 0xFFFF, 0xFFFF, 0xFFFF, 0xFFFF, 0xFFFF, 0xFFFF,
  0xFFFF, 0xFFFF, 0xFFFF, 0xFFFF, 0xFFFF, 0xFFFF, 0xFFFF, 0xFFFF, 0xDEDB, 0x4A49, 0x2104, 0x20E4,
  0x20E4, 0x20E4, 0x20E4, 0x20E4, 0x20E4, 0x20E4, 0x20E4, 0x20E4, 0x20E4, 0x20E4, 0x20E4, 0x20E4,
  0x20E4, 0x20E4, 0x20E4, 0x20E4, 0x20E4, 0x20E4, 0x20E4, 0x20E4, 0x20E4, 0x20E4, 0x20E4, 0x20E4,
  0x20E4, 0x20E4, 0x20E4, 0x20E4, 0x20E4, 0x20E4, 0x20E4, 0x20E4, 0x20E4, 0x20E4, 0x20E4, 0x20E4,
  0x20E4, 0x20E4, 0x20E4, 0x20E4, 0x20E4, 0x20E4, 0x20E4, 0x20E4, 0x20E4, 0x20E4, 0x20E4, 0x20E4,
  0x20E4, 0x20E4, 0x20E4, 0x20E4, 0x20E4, 0x20E4, 0x20E4, 0x20E4, 0x20E4, 0x20E4, 0x20E4, 0x20E4,
  0x20E4, 0x20E4, 0x2104, 0x4208, 0x9472, 0xE73C, 0xFFFF, 0xFFFF, 0xFFFF, 0xFFFF, 0xFFFF, 0xFFFF,
  0xFFFF, 0xFFFF, 0xFFFF, 0xFFFF, 0xFFFF, 0xFFFF, 0xFFFF, 0xFFFF, 0xFFFF, 0xFFFF, 0xFFFF, 0xFFFF,
  0xFFFF, 0xFFFF, 0xFFFF, 0xFFFF, 0xFFFF, 0xFFFF, 0xFFFF, 0xFFFF, 0xFFFF, 0xFFFF, 0xFFFF, 0xFFFF,
  0xFFFF, 0xFFFF, 0xFFFF, 0xFFFF, 0xFFFF, 0xFFFF, 0xFFFF, 0xFFFF, 0xFFFF, 0xFFFF, 0xFFFF, 0xFFFF,
  0xFFFF, 0xFFFF, 0xFFFF, 0xFFFF, 0xFFFF, 0xFFFF, 0xFFFF, 0xFFFF, 0xFFFF, 0xFFFF, 0xFFFF, 0xFFFF,
  0xFFFF, 0xFFFF, 0xFFFF, 0xFFFF, 0xFFFF, 0xFFFF, 0xFFFF, 0xFFFF, 0xFFFF, 0xFFFF, 0xFFFF, 0xFFFF,
  0xFFFF, 0xFFFF, 0xFFFF, 0xFFFF, 0xFFFF, 0xFFFF, 0xFFFF, 0xFFFF, 0xFFFF, 0xFFFF, 0xFFFF, 0xFFFF,
  0xFFFF, 0xFFFF, 0xFFFF, 0xFFFF, 0xFFFF, 0xFFFF, 0xFFFF, 0xFFFF, 0xFFFF, 0xFFFF, 0xFFFF, 0xFFFF,
  0xFFFF, 0xFFFF, 0xFFFF, 0xFFFF, 0xFFFF, 0xFFFF, 0xFFFF, 0xFFFF, 0xFFFF, 0xFFFF, 0xFFFF, 0xFFFF,
  0xFFFF, 0xFFFF, 0xFFFF, 0xFFFF, 0xFFFF, 0xFFFF, 0xFFFF, 0xFFFF, 0xFFFF, 0xFFFF, 0xFFFF, 0xFFFF,
  0xFFFF, 0xFFFF, 0xFFFF, 0xFFFF, 0xFFFF, 0xFFFF, 0xFFFF, 0xFFFF, 0xFFFF, 0xFFFF, 0xFFFF, 0xFFFF,
  0xFFFF, 0xFFFF, 0xFFFF, 0xFFFF, 0xFFFF, 0xFFFF, 0xFFFF, 0xFFFF, 0xFFFF, 0xFFFF, 0xFFFF, 0xFFFF,
  0xFFFF, 0xFFFF, 0xFFFF, 0xFFFF, 0xFFFF, 0xFFFF, 0xFFFF, 0xFFFF, 0xFFFF, 0xFFFF, 0xFFFF, 0xFFFF,
  0xFFFF, 0xFFFF, 0xFFFF, 0xFFFF, 0xFFFF, 0xFFFF, 0xFFFF, 0xFFFF, 0xFFFF, 0xFFFF, 0xFFFF, 0xFFFF,
  0xFFFF, 0xFFFF, 0xFFFF, 0xFFFF, 0xFFFF, 0xFFFF, 0xFFFF, 0xEF5D, 0x73AE, 0x2945, 0x20E4, 0x20E4,
  0x20E4, 0x20E4, 0x20E4, 0x20E4, 0x20E4, 0x20E4, 0x20E4, 0x20E4, 0x20E4, 0x20E4, 0x20E4, 0x20E4,
  0x20E4, 0x20E4, 0x20E4, 0x20E4, 0x20E4, 0x20E4, 0x20E4, 0x20E4, 0x20E4, 0x20E4, 0x20E4, 0x20E4,
  0x20E4, 0x20E4, 0x20E4, 0x20E4, 0x20E4, 0x20E4, 0x20E4, 0x20E4, 0x20E4, 0x20E4, 0x20E4, 0x20E4,
  0x20E4, 0x20E4, 0x20E4, 0x20E4, 0x20E4, 0x20E4, 0x20E4, 0x20E4, 0x20E4, 0x20E4, 0x20E4, 0x20E4,
  0x20E4, 0x20E4, 0x20E4, 0x20E4, 0x20E4, 0x20E4, 0x20E4, 0x20E4, 0x20E4, 0x20E4, 0x20E4, 0x20E4,
  0x20E4, 0x20E4, 0x20E4, 0x20E4, 0x3166, 0x6B2C, 0xCE59, 0xFFDF, 0xFFFF, 0xFFFF, 0xFFFF, 0xFFFF,
  0xFFFF, 0xFFFF, 0xFFFF, 0xFFFF, 0xFFFF, 0xFFFF, 0xFFFF, 0xFFFF, 0xFFFF, 0xFFFF, 0xFFFF, 0xFFFF,
  0xFFFF, 0xFFFF, 0xFFFF, 0xFFFF, 0xFFFF, 0xFFFF, 0xFFFF, 0xFFFF, 0xFFFF, 0xFFFF, 0xFFFF, 0xFFFF,
  0xFFFF, 0xFFFF, 0xFFFF, 0xFFFF, 0xFFFF, 0xFFFF, 0xFFFF, 0xFFFF, 0xFFFF, 0xFFFF, 0xFFFF, 0xFFFF,
  0xFFFF, 0xFFFF, 0xFFFF, 0xFFFF, 0xFFFF, 0xFFFF, 0xFFFF, 0xFFFF, 0xFFFF, 0xFFFF, 0xFFFF, 0xFFFF,
  0xFFFF, 0xFFFF, 0xFFFF, 0xFFFF, 0xFFFF, 0xFFFF, 0xFFFF, 0xFFFF, 0xFFFF, 0xFFFF, 0xFFFF, 0xFFFF,
  0xFFFF, 0xFFFF, 0xFFFF, 0xFFFF, 0xFFFF, 0xFFFF, 0xFFFF, 0xFFFF, 0xFFFF, 0xFFFF, 0xFFFF, 0xFFFF,
  0xFFFF, 0xFFFF, 0xFFFF, 0xFFFF, 0xFFFF, 0xFFFF, 0xFFFF, 0xFFFF, 0xFFFF, 0xFFFF, 0xFFFF, 0xFFFF,
  0xFFFF, 0xFFFF, 0xFFFF, 0xFFFF, 0xFFFF, 0xFFFF, 0xFFFF, 0xFFFF, 0xFFFF, 0xFFFF, 0xFFFF, 0xFFFF,
  0xFFFF, 0xFFFF, 0xFFFF, 0xFFFF, 0xFFFF, 0xFFFF, 0xFFFF, 0xFFFF, 0xFFFF, 0xFFFF, 0xFFFF, 0xFFFF,
  0xFFFF, 0xFFFF, 0xFFFF, 0xFFFF, 0xFFFF, 0xFFFF, 0xFFFF, 0xFFFF, 0xFFFF, 0xFFFF, 0xFFFF, 0xFFFF,
  0xFFFF, 0xFFFF, 0xFFFF, 0xFFFF, 0xFFFF, 0xFFFF, 0xFFFF, 0xFFFF, 0xFFFF, 0xFFFF, 0xFFFF, 0xFFFF,
  0xFFFF, 0xFFFF, 0xFFFF, 0xFFFF, 0xFFFF, 0xFFFF, 0xFFFF, 0xFFFF, 0xFFFF, 0xFFFF, 0xFFFF, 0xFFFF,
  0xFFFF, 0xFFFF, 0xFFFF, 0xFFFF, 0xFFFF, 0xFFFF, 0xFFFF, 0xFFFF, 0xFFFF, 0xFFFF, 0xFFFF, 0xFFFF,
  0xFFFF, 0xFFFF, 0xFFFF, 0xFFFF, 0xFFFF, 0xFFFF, 0xEF7D, 0x83F0, 0x3165, 0x20E4, 0x20E4, 0x20E4,
  0x20E4, 0x20E4, 0x20E4, 0x20E4, 0x20E4, 0x20E4, 0x20E4, 0x20E4, 0x20E4, 0x20E4, 0x20E4, 0x20E4,
  0x20E4, 0x20E4, 0x20E4, 0x20E4, 0x20E4, 0x20E4, 0x20E4, 0x20E4, 0x20E4, 0x20E4, 0x20E4, 0x20E4,
  0x20E4, 0x20E4, 0x20E4, 0x20E4, 0x20E4, 0x20E4, 0x20E4, 0x20E4, 0x20E4, 0x20E4, 0x20E4, 0x20E4,
  0x20E4, 0x20E4, 0x20E4, 0x20E4, 0x20E4, 0x20E4, 0x20E4, 0x20E4, 0x20E4, 0x20E4, 0x20E4, 0x20E4,
  0x20E4, 0x20E4, 0x20E4, 0x20E4, 0x20E4, 0x20E4, 0x20E4, 0x20E4, 0x20E4, 0x20E4, 0x20E4, 0x20E4,
  0x20E4, 0x20E4, 0x20E4, 0x20E4, 0x20E4, 0x2924, 0x4A28, 0xA4F4, 0xEF5D, 0xFFFF, 0xFFFF, 0xFFFF,
  0xFFFF, 0xFFFF, 0xFFFF, 0xFFFF, 0xFFFF, 0xFFFF, 0xFFFF, 0xFFFF, 0xFFFF, 0xFFFF, 0xFFFF, 0xFFFF,
  0xFFFF, 0xFFFF, 0xFFFF, 0xFFFF, 0xFFFF, 0xFFFF, 0xFFFF, 0xFFFF, 0xFFFF, 0xFFFF, 0xFFFF, 0xFFFF,
  0xFFFF, 0xFFFF, 0xFFFF, 0xFFFF, 0xFFFF, 0xFFFF, 0xFFFF, 0xFFFF, 0xFFFF, 0xFFFF, 0xFFFF, 0xFFFF,
  0xFFFF, 0xFFFF, 0xFFFF, 0xFFFF, 0xFFFF, 0xFFFF, 0xFFFF, 0xFFFF, 0xFFFF, 0xFFFF, 0xFFFF, 0xFFFF,
  0xFFFF, 0xFFFF, 0xFFFF, 0xFFFF, 0xFFFF, 0xFFFF, 0xFFFF, 0xFFFF, 0xFFFF, 0xFFFF, 0xFFFF, 0xFFFF,
  0xFFFF, 0xFFFF, 0xFFFF, 0xFFFF, 0xFFFF, 0xFFFF, 0xFFFF, 0xFFFF, 0xFFFF, 0xFFFF, 0xFFFF, 0xFFFF,
  0xFFFF, 0xFFFF, 0xFFFF, 0xFFFF, 0xFFFF, 0xFFFF, 0xFFFF, 0xFFFF, 0xFFFF, 0xFFFF, 0xFFFF, 0xFFFF,
  0xFFFF, 0xFFFF, 0xFFFF, 0xFFFF, 0xFFFF, 0xFFFF, 0xFFFF, 0xFFFF, 0xFFFF, 0xFFFF, 0xFFFF, 0xFFFF,
  0xFFFF, 0xFFFF, 0xFFFF, 0xFFFF, 0xFFFF, 0xFFFF, 0xFFFF, 0xFFFF, 0xFFFF, 0xFFFF, 0xFFFF, 0xFFFF,
  0xFFFF, 0xFFFF, 0xFFFF, 0xFFFF, 0xFFFF, 0xFFFF, 0xFFFF, 0xFFFF, 0xFFFF, 0xFFFF, 0xFFFF, 0xFFFF,
  0xFFFF, 0xFFFF, 0xFFFF, 0xFFFF, 0xFFFF, 0xFFFF, 0xFFFF, 0xFFFF, 0xFFFF, 0xFFFF, 0xFFFF, 0xFFFF,
  0xFFFF, 0xFFFF, 0xFFFF, 0xFFFF, 0xFFFF, 0xFFFF, 0xFFFF, 0xFFFF, 0xFFFF, 0xFFFF, 0xFFFF, 0xFFFF,
  0xFFFF, 0xFFFF, 0xFFFF, 0xFFFF, 0xFFFF, 0xFFFF, 0xFFFF, 0xFFFF, 0xFFFF, 0xFFFF, 0xFFFF, 0xFFFF,
  0xFFFF, 0xFFFF, 0xFFFF, 0xFFFF, 0xFFFF, 0xEF7D, 0x9471, 0x3186, 0x2104, 0x20E4, 0x20E4, 0x20E4,
  0x20E4, 0x20E4, 0x20E4, 0x20E4, 0x20E4, 0x20E4, 0x20E4, 0x20E4, 0x20E4, 0x20E4, 0x20E4, 0x20E4,
  0x20E4, 0x20E4, 0x20E4, 0x20E4, 0x20E4, 0x20E4, 0x20E4, 0x20E4, 0x20E4, 0x20E4, 0x20E4, 0x20E4,
  0x20E4, 0x20E4, 0x20E4, 0x20E4, 0x20E4, 0x20E4, 0x20E4, 0x20E4, 0x20E4, 0x20E4, 0x20E4, 0x20E4,
  0x20E4, 0x20E4, 0x20E4, 0x20E4, 0x20E4, 0x20E4, 0x20E4, 0x20E4, 0x20E4, 0x20E4, 0x20E4, 0x20E4,
  0x20E4, 0x20E4, 0x20E4, 0x20E4, 0x20E4, 0x20E4, 0x20E4, 0x20E4, 0x20E4, 0x20E4, 0x20E4, 0x20E4,
  0x20E4, 0x20E4, 0x20E4, 0x20E4, 0x20E4, 0x20E4, 0x2104, 0x3186, 0x736D, 0xCE59, 0xF79E, 0xFFFF,
  0xFFFF, 0xFFFF, 0xFFFF, 0xFFFF, 0xFFFF, 0xFFFF, 0xFFFF, 0xFFFF, 0xFFFF, 0xFFFF, 0xFFFF, 0xFFFF,
  0xFFFF, 0xFFFF, 0xFFFF, 0xFFFF, 0xFFFF, 0xFFFF, 0xFFFF, 0xFFFF, 0xFFFF, 0xFFFF, 0xFFFF, 0xFFFF,
  0xFFFF, 0xFFFF, 0xFFFF, 0xFFFF, 0xFFFF, 0xFFFF, 0xFFFF, 0xFFFF, 0xFFFF, 0xFFFF, 0xFFFF, 0xFFFF,
  0xFFFF, 0xFFFF, 0xFFFF, 0xFFFF, 0xFFFF, 0xFFFF, 0xFFFF, 0xFFFF, 0xFFFF, 0xFFFF, 0xFFFF, 0xFFFF,
  0xFFFF, 0xFFFF, 0xFFFF, 0xFFFF, 0xFFFF, 0xFFFF, 0xFFFF, 0xFFFF, 0xFFFF, 0xFFFF, 0xFFFF, 0xFFFF,
  0xFFFF, 0xFFFF, 0xFFFF, 0xFFFF, 0xFFFF, 0xFFFF, 0xFFFF, 0xFFFF, 0xFFFF, 0xFFFF, 0xFFFF, 0xFFFF,
  0xFFFF, 0xFFFF, 0xFFFF, 0xFFFF, 0xFFFF, 0xFFFF, 0xFFFF, 0xFFFF, 0xFFFF, 0xFFFF, 0xFFFF, 0xFFFF,
  0xFFFF, 0xFFFF, 0xFFFF, 0xFFFF, 0xFFFF, 0xFFFF, 0xFFFF, 0xFFFF, 0xFFFF, 0xFFFF, 0xFFFF, 0xFFFF,
  0xFFFF, 0xFFFF, 0xFFFF, 0xFFFF, 0xFFFF, 0xFFFF, 0xFFFF, 0xFFFF, 0xFFFF, 0xFFFF, 0xFFFF, 0xFFFF,
  0xFFFF, 0xFFFF, 0xFFFF, 0xFFFF, 0xFFFF, 0xFFFF, 0xFFFF, 0xFFFF, 0xFFFF, 0xFFFF, 0xFFFF, 0xFFFF,
  0xFFFF, 0xFFFF, 0xFFFF, 0xFFFF, 0xFFFF, 0xFFFF, 0xFFFF, 0xFFFF, 0xFFFF, 0xFFFF, 0xFFFF, 0xFFFF,
  0xFFFF, 0xFFFF, 0xFFFF, 0xFFFF, 0xFFFF, 0xFFFF, 0xFFFF, 0xFFFF, 0xFFFF, 0xFFFF, 0xFFFF, 0xFFFF,
  0xFFFF, 0xFFFF, 0xFFFF, 0xFFFF, 0xFFFF, 0xFFFF, 0xFFFF, 0xFFFF, 0xFFFF, 0xFFFF, 0xFFFF, 0xFFFF,
  0xFFFF, 0xFFFF, 0xFFFF, 0xFFFF, 0xF79E, 0x9CF3, 0x39C7, 0x2104, 0x20E4, 0x20E4, 0x20E4, 0x20E4,
  0x20E4, 0x20E4, 0x20E4, 0x20E4, 0x20E4, 0x20E4, 0x20E4, 0x20E4, 0x20E4, 0x20E4, 0x20E4, 0x20E4,
  0x20E4, 0x20E4, 0x20E4, 0x20E4, 0x20E4, 0x20E4, 0x20E4, 0x20E4, 0x20E4, 0x20E4, 0x20E4, 0x20E4,
  0x20E4, 0x20E4, 0x20E4, 0x20E4, 0x20E4, 0x20E4, 0x20E4, 0x20E4, 0x20E4, 0x20E4, 0x20E4, 0x20E4,
  0x20E4, 0x20E4, 0x20E4, 0x20E4, 0x20E4, 0x20E4, 0x20E4, 0x20E4, 0x20E4, 0x20E4, 0x20E4, 0x20E4,
  0x20E4, 0x20E4, 0x20E4, 0x20E4, 0x20E4, 0x20E4, 0x20E4, 0x20E4, 0x20E4, 0x20E4, 0x20E4, 0x20E4,
  0x20E4, 0x20E4, 0x20E4, 0x20E4, 0x20E4, 0x20E4, 0x20E4, 0x20E4, 0x2924, 0x4208, 0x94B2, 0xE71C,
  0xFFDF, 0xFFFF, 0xFFFF, 0xFFFF, 0xFFFF, 0xFFFF, 0xFFFF, 0xFFFF, 0xFFFF, 0xFFFF, 0xFFFF, 0xFFFF,
  0xFFFF, 0xFFFF, 0xFFFF, 0xFFFF, 0xFFFF, 0xFFFF, 0xFFFF, 0xFFFF, 0xFFFF, 0xFFFF, 0xFFFF, 0xFFFF,
  0xFFFF, 0xFFFF, 0xFFFF, 0xFFFF, 0xFFFF, 0xFFFF, 0xFFFF, 0xFFFF, 0xFFFF, 0xFFFF, 0xFFFF, 0xFFFF,
  0xFFFF, 0xFFFF, 0xFFFF, 0xFFFF, 0xFFFF, 0xFFFF, 0xFFFF, 0xFFFF, 0xFFFF, 0xFFFF, 0xFFFF, 0xFFFF,
  0xFFFF, 0xFFFF, 0xFFFF, 0xFFFF, 0xFFFF, 0xFFFF, 0xFFFF, 0xFFFF, 0xFFFF, 0xFFFF, 0xFFFF, 0xFFFF,
  0xFFFF, 0xFFFF, 0xFFFF, 0xFFFF, 0xFFFF, 0xFFFF, 0xFFFF, 0xFFFF, 0xFFFF, 0xFFFF, 0xFFFF, 0xFFFF,
  0xFFFF, 0xFFFF, 0xFFFF, 0xFFFF, 0xFFFF, 0xFFFF, 0xFFFF, 0xFFFF, 0xFFFF, 0xFFFF, 0xFFFF, 0xFFFF,
  0xFFFF, 0xFFFF, 0xFFFF, 0xFFFF, 0xFFFF, 0xFFFF, 0xFFFF, 0xFFFF, 0xFFFF, 0xFFFF, 0xFFFF, 0xFFFF,
  0xFFFF, 0xFFFF, 0xFFFF, 0xFFFF, 0xFFFF, 0xFFFF, 0xFFFF, 0xFFFF, 0xFFFF, 0xFFFF, 0xFFFF, 0xFFFF,
  0xFFFF, 0xFFFF, 0xFFFF, 0xFFFF, 0xFFFF, 0xFFFF, 0xFFFF, 0xFFFF, 0xFFFF, 0xFFFF, 0xFFFF, 0xFFFF,
  0xFFFF, 0xFFFF, 0xFFFF, 0xFFFF, 0xFFFF, 0xFFFF, 0xFFFF, 0xFFFF, 0xFFFF, 0xFFFF, 0xFFFF, 0xFFFF,
  0xFFFF, 0xFFFF, 0xFFFF, 0xFFFF, 0xFFFF, 0xFFFF, 0xFFFF, 0xFFFF, 0xFFFF, 0xFFFF, 0xFFFF, 0xFFFF,
  0xFFFF, 0xFFFF, 0xFFFF, 0xFFFF, 0xFFFF, 0xFFFF, 0xFFFF, 0xFFFF, 0xFFFF, 0xFFFF, 0xFFFF, 0xFFFF,
  0xFFFF, 0xFFFF, 0xFFFF, 0xF7BE, 0xB596, 0x41E8, 0x20E4, 0x20E4, 0x20E4, 0x20E4, 0x20E4, 0x20E4,
  0x20E4, 0x20E3, 0x20E3, 0x20E4, 0x20E4, 0x20E4, 0x20E4, 0x20E4, 0x20E4, 0x20E4, 0x20E4, 0x20E4,
  0x20E4, 0x20E4, 0x20E4, 0x20E4, 0x20E4, 0x20E4, 0x20E4, 0x20E4, 0x20E4, 0x20E4, 0x20E4, 0x20E4,
  0x20E4, 0x20E4, 0x20E4, 0x20E4, 0x20E4, 0x20E4, 0x20E4, 0x20E4, 0x20E4, 0x20E4, 0x20E4, 0x20E4,
  0x20E4, 0x20E4, 0x20E4, 0x20E4, 0x20E4, 0x20E4, 0x20E4, 0x20E4, 0x20E4, 0x20E4, 0x20E4, 0x20E4,
  0x20E4, 0x20E4, 0x20E4, 0x20E4, 0x20E4, 0x20E4, 0x20E4, 0x20E4, 0x20E4, 0x20E4, 0x20E4, 0x20E4,
  0x20E4, 0x20E4, 0x20E4, 0x20E4, 0x20E4, 0x20E4, 0x20E4, 0x20E4, 0x20E4, 0x20E4, 0x2945, 0x62EB,
  0xBDD7, 0xEF7D, 0xFFFF, 0xFFFF, 0xFFFF, 0xFFFF, 0xFFFF, 0xFFFF, 0xFFFF, 0xFFFF, 0xFFFF, 0xFFFF,
  0xFFFF, 0xFFFF, 0xFFFF, 0xFFFF, 0xFFFF, 0xFFFF, 0xFFFF, 0xFFFF, 0xFFFF, 0xFFFF, 0xFFFF, 0xFFFF,
  0xFFFF, 0xFFFF, 0xFFFF, 0xFFFF, 0xFFFF, 0xFFFF, 0xFFFF, 0xFFFF, 0xFFFF, 0xFFFF, 0xFFFF, 0xFFFF,
  0xFFFF, 0xFFFF, 0xFFFF, 0xFFFF, 0xFFFF, 0xFFFF, 0xFFFF, 0xFFFF, 0xFFFF, 0xFFFF, 0xFFFF, 0xFFFF,
  0xFFFF, 0xFFFF, 0xFFFF, 0xFFFF, 0xFFFF, 0xFFFF, 0xFFFF, 0xFFFF, 0xFFFF, 0xFFFF, 0xFFFF, 0xFFFF,
  0xFFFF, 0xFFFF, 0xFFFF, 0xFFFF, 0xFFFF, 0xFFFF, 0xFFFF, 0xFFFF, 0xFFFF, 0xFFFF, 0xFFFF, 0xFFFF,
  0xFFFF, 0xFFFF, 0xFFFF, 0xFFFF, 0xFFFF, 0xFFFF, 0xFFFF, 0xFFFF, 0xFFFF, 0xFFFF, 0xFFFF, 0xFFFF,
  0xFFFF, 0xFFFF, 0xFFFF, 0xFFFF, 0xFFFF, 0xFFFF, 0xFFFF, 0xFFFF, 0xFFFF, 0xFFFF, 0xFFFF, 0xFFFF,
  0xFFFF, 0xFFFF, 0xFFFF, 0xFFFF, 0xFFFF, 0xFFFF, 0xFFFF, 0xFFFF, 0xFFFF, 0xFFFF, 0xFFFF, 0xFFFF,
  0xFFFF, 0xFFFF, 0xFFFF, 0xFFFF, 0xFFFF, 0xFFFF, 0xFFFF, 0xFFFF, 0xFFFF, 0xFFFF, 0xFFFF, 0xFFFF,
  0xFFFF, 0xFFFF, 0xFFFF, 0xFFFF, 0xFFFF, 0xFFFF, 0xFFFF, 0xFFFF, 0xFFFF, 0xFFFF, 0xFFFF, 0xFFFF,
  0xFFFF, 0xFFFF, 0xFFFF, 0xFFFF, 0xFFFF, 0xFFFF, 0xFFFF, 0xFFFF, 0xFFFF, 0xFFFF, 0xFFFF, 0xFFFF,
  0xFFFF, 0xFFFF, 0xFFFF, 0xFFFF, 0xFFFF, 0xFFFF, 0xFFFF, 0xFFFF, 0xFFFF, 0xFFFF, 0xFFFF, 0xFFFF,
  0xFFFF, 0xFFFF, 0xFFDF, 0xCE59, 0x526A, 0x20E4, 0x20E4, 0x20E4, 0x20E4, 0x20E4, 0x20E4, 0x20E4,
  0x20E4, 0x20E4, 0x20E4, 0x20E4, 0x20E4, 0x20E4, 0x20E4, 0x20E4, 0x20E4, 0x20E4, 0x20E4, 0x20E4,
  0x20E4, 0x20E4, 0x20E4, 0x20E4, 0x20E4, 0x20E4, 0x20E4, 0x20E4, 0x20E4, 0x20E4, 0x20E4, 0x20E4,
  0x20E4, 0x20E4, 0x20E4, 0x20E4, 0x20E4, 0x20E4, 0x20E4, 0x20E4, 0x20E4, 0x20E4, 0x20E4, 0x20E4,
  0x20E4, 0x20E4, 0x20E4, 0x20E4, 0x20E4, 0x20E4, 0x20E4, 0x20E4, 0x20E4, 0x20E4, 0x20E4, 0x20E4,
  0x20E4, 0x20E4, 0x20E4, 0x20E4, 0x20E4, 0x20E4, 0x20E4, 0x20E4, 0x20E4, 0x20E4, 0x20E4, 0x20E4,
  0x20E4, 0x20E4, 0x20E4, 0x20E4, 0x20E4, 0x20E4, 0x20E4, 0x20E4, 0x20E4, 0x20E4, 0x20E4, 0x20E4,
  0x39A7, 0x8430, 0xCE59, 0xF7BE, 0xFFFF, 0xFFFF, 0xFFFF, 0xFFFF, 0xFFFF, 0xFFFF, 0xFFFF, 0xFFFF,
  0xFFFF, 0xFFFF, 0xFFFF, 0xFFFF, 0xFFFF, 0xFFFF, 0xFFFF, 0xFFFF, 0xFFFF, 0xFFFF, 0xFFFF, 0xFFFF,
  0xFFFF, 0xFFFF, 0xFFFF, 0xFFFF, 0xFFFF, 0xFFFF, 0xFFFF, 0xFFFF, 0xFFFF, 0xFFFF, 0xFFFF, 0xFFFF,
  0xFFFF, 0xFFFF, 0xFFFF, 0xFFFF, 0xFFFF, 0xFFFF, 0xFFFF, 0xFFFF, 0xFFFF, 0xFFFF, 0xFFFF, 0xFFFF,
  0xFFFF, 0xFFFF, 0xFFFF, 0xFFFF, 0xFFFF, 0xFFFF, 0xFFFF, 0xFFFF, 0xFFFF, 0xFFFF, 0xFFFF, 0xFFFF,
  0xFFFF, 0xFFFF, 0xFFFF, 0xFFFF, 0xFFFF, 0xFFFF, 0xFFFF, 0xFFFF, 0xFFFF, 0xFFFF, 0xFFFF, 0xFFFF,
  0xFFFF, 0xFFFF, 0xFFFF, 0xFFFF, 0xFFFF, 0xFFFF, 0xFFFF, 0xFFFF, 0xFFFF, 0xFFFF, 0xFFFF, 0xFFFF,
  0xFFFF, 0xFFFF, 0xFFFF, 0xFFFF, 0xFFFF, 0xFFFF, 0xFFFF, 0xFFFF, 0xFFFF, 0xFFFF, 0xFFFF, 0xFFFF,
  0xFFFF, 0xFFFF, 0xFFFF, 0xFFFF, 0xFFFF, 0xFFFF, 0xFFFF, 0xFFFF, 0xFFFF, 0xFFFF, 0xFFFF, 0xFFFF,
  0xFFFF, 0xFFFF, 0xFFFF, 0xFFFF, 0xFFFF, 0xFFFF, 0xFFFF, 0xFFFF, 0xFFFF, 0xFFFF, 0xFFFF, 0xFFFF,
  0xFFFF, 0xFFFF, 0xFFFF, 0xFFFF, 0xFFFF, 0xFFFF, 0xFFFF, 0xFFFF, 0xFFFF, 0xFFFF, 0xFFFF, 0xFFFF,
  0xFFFF, 0xFFFF, 0xFFFF, 0xFFFF, 0xFFFF, 0xFFFF, 0xFFFF, 0xFFFF, 0xFFFF, 0xFFFF, 0xFFFF, 0xFFFF,
  0xFFFF, 0xFFFF, 0xFFFF, 0xFFFF, 0xFFFF, 0xFFFF, 0xFFFF, 0xFFFF, 0xFFFF, 0xFFFF, 0xFFFF, 0xFFFF,
  0xFFFF, 0xFFFF, 0xD6BA, 0x630C, 0x2104, 0x20E4, 0x20E4, 0x20E4, 0x20E4, 0x20E4, 0x20E4, 0x20E4,
  0x20E4, 0x20E4, 0x20E4, 0x20E4, 0x20E4, 0x20E4, 0x20E4, 0x20E4, 0x20E4, 0x20E4, 0x20E4, 0x20E4,
  0x20E4, 0x20E4, 0x20E4, 0x20E4, 0x20E4, 0x20E4, 0x20E4, 0x20E4, 0x20E4, 0x20E4, 0x20E4, 0x20E4,
  0x20E4, 0x20E4, 0x20E4, 0x20E4, 0x20E4, 0x20E4, 0x20E4, 0x20E4, 0x20E4, 0x20E4, 0x20E4, 0x20E4,
  0x20E4, 0x20E4, 0x20E4, 0x20E4, 0x20E4, 0x20E4, 0x20E4, 0x20E4, 0x20E4, 0x20E4, 0x20E4, 0x20E4,
  0x20E4, 0x20E4, 0x20E4, 0x20E4, 0x20E4, 0x20E4, 0x20E4, 0x20E4, 0x20E4, 0x20E4, 0x20E4, 0x20E4,
  0x20E4, 0x20E4, 0x20E4, 0x20E4, 0x20E4, 0x20E4, 0x20E4, 0x20E4, 0x20E4, 0x20E4, 0x20E4, 0x20E4,
  0x20E4, 0x2104, 0x4A69, 0x9492, 0xD69A, 0xFFDF, 0xFFFF, 0xFFFF, 0xFFFF, 0xFFFF, 0xFFFF, 0xFFFF,
  0xFFFF, 0xFFFF, 0xFFFF, 0xFFFF, 0xFFFF, 0xFFFF, 0xFFFF, 0xFFFF, 0xFFFF, 0xFFFF, 0xFFFF, 0xFFFF,
  0xFFFF, 0xFFFF, 0xFFFF, 0xFFFF, 0xFFFF, 0xFFFF, 0xFFFF, 0xFFFF, 0xFFFF, 0xFFFF, 0xFFFF, 0xFFFF,
  0xFFFF, 0xFFFF, 0xFFFF, 0xFFFF, 0xFFFF, 0xFFFF, 0xFFFF, 0xFFFF, 0xFFFF, 0xFFFF, 0xFFFF, 0xFFFF,
  0xFFFF, 0xFFFF, 0xFFFF, 0xFFFF, 0xFFFF, 0xFFFF, 0xFFFF, 0xFFFF, 0xFFFF, 0xFFFF, 0xFFFF, 0xFFFF,
  0xFFFF, 0xFFFF, 0xFFFF, 0xFFFF, 0xFFFF, 0xFFFF, 0xFFFF, 0xFFFF, 0xFFFF, 0xFFFF, 0xFFFF, 0xFFFF,
  0xFFFF, 0xFFFF, 0xFFFF, 0xFFFF, 0xFFFF, 0xFFFF, 0xFFFF, 0xFFFF, 0xFFFF, 0xFFFF, 0xFFFF, 0xFFFF,
  0xFFFF, 0xFFFF, 0xFFFF, 0xFFFF, 0xFFFF, 0xFFFF, 0xFFFF, 0xFFFF, 0xFFFF, 0xFFFF, 0xFFFF, 0xFFFF,
  0xFFFF, 0xFFFF, 0xFFFF, 0xFFFF, 0xFFFF, 0xFFFF, 0xFFFF, 0xFFFF, 0xFFFF, 0xFFFF, 0xFFFF, 0xFFFF,
  0xFFFF, 0xFFFF, 0xFFFF, 0xFFFF, 0xFFFF, 0xFFFF, 0xFFFF, 0xFFFF, 0xFFFF, 0xFFFF, 0xFFFF, 0xFFFF,
  0xFFFF, 0xFFFF, 0xFFFF, 0xFFFF, 0xFFFF, 0xFFFF, 0xFFFF, 0xFFFF, 0xFFFF, 0xFFFF, 0xFFFF, 0xFFFF,
  0xFFFF, 0xFFFF, 0xFFFF, 0xFFFF, 0xFFFF, 0xFFFF, 0xFFFF, 0xFFFF, 0xFFFF, 0xFFFF, 0xFFFF, 0xFFFF,
  0xFFFF, 0xFFFF, 0xFFFF, 0xFFFF, 0xFFFF, 0xFFFF, 0xFFFF, 0xFFFF, 0xFFFF, 0xFFFF, 0xFFFF, 0xFFFF,
  0xFFFF, 0xE73C, 0x7BCF, 0x2104, 0x20E4, 0x20E4, 0x20E4, 0x20E4, 0x20E4, 0x20E4, 0x20E4, 0x20E4,
  0x20E4, 0x20E4, 0x20E4, 0x20E4, 0x20E4, 0x20E4, 0x20E4, 0x20E4, 0x20E4, 0x20E4, 0x20E4, 0x20E4,
  0x20E4, 0x20E4, 0x20E4, 0x20E4, 0x20E4, 0x20E4, 0x20E4, 0x20E4, 0x20E4, 0x20E4, 0x20E4, 0x20E4,
  0x20E4, 0x20E4, 0x20E4, 0x20E4, 0x20E4, 0x20E4, 0x20E4, 0x20E4, 0x20E4, 0x20E4, 0x20E4, 0x20E4,
  0x20E4, 0x20E4, 0x20E4, 0x20E4, 0x20E4, 0x20E4, 0x20E4, 0x20E4, 0x20E4, 0x20E4, 0x20E4, 0x20E4,
  0x20E4, 0x20E4, 0x20E4, 0x20E4, 0x20E4, 0x20E4, 0x20E4, 0x20E4, 0x20E4, 0x20E4, 0x20E4, 0x20E4,
  0x20E4, 0x20E4, 0x20E4, 0x20E4, 0x20E4, 0x20E4, 0x20E4, 0x20E4, 0x20E4, 0x20E4, 0x20E4, 0x20E4,
  0x20E4, 0x20E4, 0x20E4, 0x2925, 0x5ACB, 0x9CD3, 0xDEFB, 0xFFFF, 0xFFFF, 0xFFFF, 0xFFFF, 0xFFFF,
  0xFFFF, 0xFFFF, 0xFFFF, 0xFFFF, 0xFFFF, 0xFFFF, 0xFFFF, 0xFFFF, 0xFFFF, 0xFFFF, 0xFFFF, 0xFFFF,
  0xFFFF, 0xFFFF, 0xFFFF, 0xFFFF, 0xFFFF, 0xFFFF, 0xFFFF, 0xFFFF, 0xFFFF, 0xFFFF, 0xFFFF, 0xFFFF,
  0xFFFF, 0xFFFF, 0xFFFF, 0xFFFF, 0xFFFF, 0xFFFF, 0xFFFF, 0xFFFF, 0xFFFF, 0xFFFF, 0xFFFF, 0xFFFF,
  0xFFFF, 0xFFFF, 0xFFFF, 0xFFFF, 0xFFFF, 0xFFFF, 0xFFFF, 0xFFFF, 0xFFFF, 0xFFFF, 0xFFFF, 0xFFFF,
  0xFFFF, 0xFFFF, 0xFFFF, 0xFFFF, 0xFFFF, 0xFFFF, 0xFFFF, 0xFFFF, 0xFFFF, 0xFFFF, 0xFFFF, 0xFFFF,
  0xFFFF, 0xFFFF, 0xFFFF, 0xFFFF, 0xFFFF, 0xFFFF, 0xFFFF, 0xFFFF, 0xFFFF, 0xFFFF, 0xFFFF, 0xFFFF,
  0xFFFF, 0xFFFF, 0xFFFF, 0xFFFF, 0xFFFF, 0xFFFF, 0xFFFF, 0xFFFF, 0xFFFF, 0xFFFF, 0xFFFF, 0xFFFF,
  0xFFFF, 0xFFFF, 0xFFFF, 0xFFFF, 0xFFFF, 0xFFFF, 0xFFFF, 0xFFFF, 0xFFFF, 0xFFFF, 0xFFFF, 0xFFFF,
  0xFFFF, 0xFFFF, 0xFFFF, 0xFFFF, 0xFFFF, 0xFFFF, 0xFFFF, 0xFFFF, 0xFFFF, 0xFFFF, 0xFFFF, 0xFFFF,
  0xFFFF, 0xFFFF, 0xFFFF, 0xFFFF, 0xFFFF, 0xFFFF, 0xFFFF, 0xFFFF, 0xFFFF, 0xFFFF, 0xFFFF, 0xFFFF,
  0xFFFF, 0xFFFF, 0xFFFF, 0xFFFF, 0xFFFF, 0xFFFF, 0xFFFF, 0xFFFF, 0xFFFF, 0xFFFF, 0xFFFF, 0xFFFF,
  0xFFFF, 0xFFFF, 0xFFFF, 0xFFFF, 0xFFFF, 0xFFFF, 0xFFFF, 0xFFFF, 0xFFFF, 0xFFFF, 0xFFFF, 0xFFFF,
  0xF79E, 0x9492, 0x3165, 0x20E4, 0x20E4, 0x20E4, 0x20E4, 0x20E4, 0x20E4, 0x20E4, 0x20E4, 0x20E4,
  0x20E4, 0x20E4, 0x20E4, 0x20E4, 0x4A29, 0x3186, 0x2104, 0x20E4, 0x20E4, 0x20E4, 0x20E4, 0x20E4,
  0x20E4, 0x20E4, 0x20E4, 0x20E4, 0x20E4, 0x20E4, 0x20E4, 0x20E4, 0x20E4, 0x20E4, 0x20E4, 0x20E4,
  0x20E4, 0x20E4, 0x20E4, 0x20E4, 0x20E4, 0x20E4, 0x20E4, 0x20E4, 0x20E4, 0x20E4, 0x20E4, 0x20E4,
  0x20E4, 0x20E4, 0x20E4, 0x20E4, 0x20E4, 0x20E4, 0x20E4, 0x20E4, 0x20E4, 0x20E4, 0x20E4, 0x20E4,
  0x20E4, 0x20E4, 0x20E4, 0x20E4, 0x20E4, 0x20E4, 0x20E4, 0x20E4, 0x20E4, 0x20E4, 0x20E4, 0x20E4,
  0x20E4, 0x20E4, 0x20E4, 0x20E4, 0x20E4, 0x20E4, 0x20E4, 0x20E4, 0x20E4, 0x20E4, 0x20E4, 0x20E4,
  0x20E4, 0x20E4, 0x20E4, 0x20E4, 0x2104, 0x3166, 0x62EB, 0xA4F3, 0xE71C, 0xFFFF, 0xFFFF, 0xFFFF,
  0xFFFF, 0xFFFF, 0xFFFF, 0xFFFF, 0xFFFF, 0xFFFF, 0xFFFF, 0xFFFF, 0xFFFF, 0xFFFF, 0xFFFF, 0xFFFF,
  0xFFFF, 0xFFFF, 0xFFFF, 0xFFFF, 0xFFFF, 0xFFFF, 0xFFFF, 0xFFFF, 0xFFFF, 0xFFFF, 0xFFFF, 0xFFFF,
  0xFFFF, 0xFFFF, 0xFFFF, 0xFFFF, 0xFFFF, 0xFFFF, 0xFFFF, 0xFFFF, 0xFFFF, 0xFFFF, 0xFFFF, 0xFFFF,
  0xFFFF, 0xFFFF, 0xFFFF, 0xFFFF, 0xFFFF, 0xFFFF, 0xFFFF, 0xFFFF, 0xFFFF, 0xFFFF, 0xFFFF, 0xFFFF,
  0xFFFF, 0xFFFF, 0xFFFF, 0xFFFF, 0xFFFF, 0xFFFF, 0xFFFF, 0xFFFF, 0xFFFF, 0xFFFF, 0xFFFF, 0xFFFF,
  0xFFFF, 0xFFFF, 0xFFFF, 0xFFFF, 0xFFFF, 0xFFFF, 0xFFFF, 0xFFFF, 0xFFFF, 0xFFFF, 0xFFFF, 0xFFFF,
  0xFFFF, 0xFFFF, 0xFFFF, 0xFFFF, 0xFFFF, 0xFFFF, 0xFFFF, 0xFFFF, 0xFFFF, 0xFFFF, 0xFFFF, 0xFFFF,
  0xFFFF, 0xFFFF, 0xFFFF, 0xFFFF, 0xFFFF, 0xFFFF, 0xFFFF, 0xFFFF, 0xFFFF, 0xFFFF, 0xFFFF, 0xFFFF,
  0xFFFF, 0xFFFF, 0xFFFF, 0xFFFF, 0xFFFF, 0xFFFF, 0xFFFF, 0xFFFF, 0xFFFF, 0xFFFF, 0xFFFF, 0xFFFF,
  0xFFFF, 0xFFFF, 0xFFFF, 0xFFFF, 0xFFFF, 0xFFFF, 0xFFFF, 0xFFFF, 0xFFFF, 0xFFFF, 0xFFFF, 0xFFFF,
  0xFFFF, 0xFFFF, 0xFFFF, 0xFFFF, 0xFFFF, 0xFFFF, 0xFFFF, 0xFFFF, 0xFFFF, 0xFFFF, 0xFFFF, 0xFFFF,
  0xFFFF, 0xFFFF, 0xFFFF, 0xFFFF, 0xFFFF, 0xFFFF, 0xFFFF, 0xFFFF, 0xFFFF, 0xFFFF, 0xFFFF, 0xFFDF,
  0xB596, 0x41E7, 0x2104, 0x20E4, 0x20E4, 0x20E4, 0x20E4, 0x20E4, 0x20E4, 0x20E4, 0x20E4, 0x20E4,
  0x20E4, 0x20E4, 0x20E4, 0x4A49, 0xBDD7, 0xA4F3, 0x39A6, 0x20E4, 0x20E4, 0x20E4, 0x20E4, 0x20E4,
  0x20E4, 0x20E4, 0x20E4, 0x20E4, 0x20E4, 0x20E4, 0x20E4, 0x20E4, 0x20E4, 0x20E4, 0x20E4, 0x20E4,
  0x20E4, 0x20E4, 0x20E4, 0x20E4, 0x20E4, 0x20E4, 0x20E4, 0x20E4, 0x20E4, 0x20E4, 0x20E4, 0x20E4,
  0x20E4, 0x20E4, 0x20E4, 0x20E4, 0x20E4, 0x20E4, 0x20E4, 0x20E4, 0x20E4, 0x20E4, 0x20E4, 0x20E4,
  0x20E4, 0x20E4, 0x20E4, 0x20E4, 0x20E4, 0x20E4, 0x20E4, 0x20E4, 0x20E4, 0x20E4, 0x20E4, 0x20E4,
  0x20E4, 0x20E4, 0x20E4, 0x20E4, 0x20E4, 0x20E4, 0x20E4, 0x20E4, 0x20E4, 0x20E4, 0x20E4, 0x20E4,
  0x20E4, 0x20E4, 0x20E4, 0x20E4, 0x20E4, 0x20E4, 0x2104, 0x3186, 0x5ACB, 0x9CD3, 0xE73C, 0xFFFF,
  0xFFFF, 0xFFFF, 0xFFFF, 0xFFFF, 0xFFFF, 0xFFFF, 0xFFFF, 0xFFFF, 0xFFFF, 0xFFFF, 0xFFFF, 0xFFFF,
  0xFFFF, 0xFFFF, 0xFFFF, 0xFFFF, 0xFFFF, 0xFFFF, 0xFFFF, 0xFFFF, 0xFFFF, 0xFFFF, 0xFFFF, 0xFFFF,
  0xFFFF, 0xFFFF, 0xFFFF, 0xFFFF, 0xFFFF, 0xFFFF, 0xFFFF, 0xFFFF, 0xFFFF, 0xFFFF, 0xFFFF, 0xFFFF,
  0xFFFF, 0xFFFF, 0xFFFF, 0xFFFF, 0xFFFF, 0xFFFF, 0xFFFF, 0xFFFF, 0xFFFF, 0xFFFF, 0xFFFF, 0xFFFF,
  0xFFFF, 0xFFFF, 0xFFFF, 0xFFFF, 0xFFFF, 0xFFFF, 0xFFFF, 0xFFFF, 0xFFFF, 0xFFFF, 0xFFFF, 0xFFFF,
  0xFFFF, 0xFFFF, 0xFFFF, 0xFFFF, 0xFFFF, 0xFFFF, 0xFFFF, 0xFFFF, 0xFFFF, 0xFFFF, 0xFFFF, 0xFFFF,
  0xFFFF, 0xFFFF, 0xFFFF, 0xFFFF, 0xFFFF, 0xFFFF, 0xFFFF, 0xFFFF, 0xFFFF, 0xFFFF, 0xFFFF, 0xFFFF,
  0xFFFF, 0xFFFF, 0xFFFF, 0xFFFF, 0xFFFF, 0xFFFF, 0xFFFF, 0xFFFF, 0xFFFF, 0xFFFF, 0xFFFF, 0xFFFF,
  0xFFFF, 0xFFFF, 0xFFFF, 0xFFFF, 0xFFFF, 0xFFFF, 0xFFFF, 0xFFFF, 0xFFFF, 0xFFFF, 0xFFFF, 0xFFFF,
  0xFFFF, 0xFFFF, 0xFFFF, 0xFFFF, 0xFFFF, 0xFFFF, 0xFFFF, 0xFFFF, 0xFFFF, 0xFFFF, 0xFFFF, 0xFFFF,
  0xFFFF, 0xFFFF, 0xFFFF, 0xFFFF, 0xFFFF, 0xFFFF, 0xFFFF, 0xFFFF, 0xFFFF, 0xFFFF, 0xFFFF, 0xFFFF,
  0xFFFF, 0xFFFF, 0xFFFF, 0xFFFF, 0xFFFF, 0xFFFF, 0xFFFF, 0xFFFF, 0xFFFF, 0xFFFF, 0xFFFF, 0xD6BA,
  0x528A, 0x2104, 0x20E4, 0x20E4, 0x20E4, 0x20E4, 0x20E4, 0x20E4, 0x20E4, 0x20E4, 0x20E4, 0x20E4,
  0x20E4, 0x2104, 0x4208, 0xB596, 0xF7BE, 0xEF7D, 0x94B2, 0x3186, 0x20E4, 0x20E4, 0x20E4, 0x20E4,
  0x20E4, 0x20E4, 0x20E4, 0x20E4, 0x20E4, 0x20E4, 0x20E4, 0x20E4, 0x20E4, 0x20E4, 0x20E4, 0x20E4,
  0x20E4, 0x20E4, 0x20E4, 0x20E4, 0x20E4, 0x20E4, 0x20E4, 0x20E4, 0x20E4, 0x20E4, 0x20E4, 0x20E4,
  0x20E4, 0x20E4, 0x20E4, 0x20E4, 0x20E4, 0x20E4, 0x20E4, 0x20E4, 0x20E4, 0x20E4, 0x20E4, 0x20E4,
  0x20E4, 0x20E4, 0x20E4, 0x20E4, 0x20E4, 0x20E4, 0x20E4, 0x20E4, 0x20E4, 0x20E4, 0x20E4, 0x20E4,
  0x20E4, 0x20E4, 0x20E4, 0x20E4, 0x20E4, 0x20E4, 0x20E4, 0x20E4, 0x20E4, 0x20E4, 0x20E4, 0x20E4,
  0x20E4, 0x20E4, 0x20E4, 0x20E4, 0x20E4, 0x20E4, 0x20E4, 0x20E4, 0x2104, 0x3186, 0x5ACB, 0xA534,
  0xE73C, 0xF7BE, 0xFFFF, 0xFFFF, 0xFFFF, 0xFFFF, 0xFFFF, 0xFFFF, 0xFFFF, 0xFFFF, 0xFFFF, 0xFFFF,
  0xFFFF, 0xFFFF, 0xFFFF, 0xFFFF, 0xFFFF, 0xFFFF, 0xFFFF, 0xFFFF, 0xFFFF, 0xFFFF, 0xFFFF, 0xFFFF,
  0xFFFF, 0xFFFF, 0xFFFF, 0xFFFF, 0xFFFF, 0xFFFF, 0xFFFF, 0xFFFF, 0xFFFF, 0xFFFF, 0xFFFF, 0xFFFF,
  0xFFFF, 0xFFFF, 0xFFFF, 0xFFFF, 0xFFFF, 0xFFFF, 0xFFFF, 0xFFFF, 0xFFFF, 0xFFFF, 0xFFFF, 0xFFFF,
  0xFFFF, 0xFFFF, 0xFFFF, 0xFFFF, 0xFFFF, 0xFFFF, 0xFFFF, 0xFFFF, 0xFFFF, 0xFFFF, 0xFFFF, 0xFFFF,
  0xFFFF, 0xFFFF, 0xFFFF, 0xFFFF, 0xFFFF, 0xFFFF, 0xFFFF, 0xFFFF, 0xFFFF, 0xFFFF, 0xFFFF, 0xFFFF,
  0xFFFF, 0xFFFF, 0xFFFF, 0xFFFF, 0xFFFF, 0xFFFF, 0xFFFF, 0xFFFF, 0xFFFF, 0xFFFF, 0xFFFF, 0xFFFF,
  0xFFFF, 0xFFFF, 0xFFFF, 0xFFFF, 0xFFFF, 0xFFFF, 0xFFFF, 0xFFFF, 0xFFFF, 0xFFFF, 0xFFFF, 0xFFFF,
  0xFFFF, 0xFFFF, 0xFFFF, 0xFFFF, 0xFFFF, 0xFFFF, 0xFFFF, 0xFFFF, 0xFFFF, 0xFFFF, 0xFFFF, 0xFFFF,
  0xFFFF, 0xFFFF, 0xFFFF, 0xFFFF, 0xFFFF, 0xFFFF, 0xFFFF, 0xFFFF, 0xFFFF, 0xFFFF, 0xFFFF, 0xFFFF,
  0xFFFF, 0xFFFF, 0xFFFF, 0xFFFF, 0xFFFF, 0xFFFF, 0xFFFF, 0xFFFF, 0xFFFF, 0xFFFF, 0xFFFF, 0xFFFF,
  0xFFFF, 0xFFFF, 0xFFFF, 0xFFFF, 0xFFFF, 0xFFFF, 0xFFFF, 0xFFFF, 0xFFFF, 0xFFFF, 0xEF7D, 0x738E,
  0x2945, 0x20E4, 0x20E4, 0x20E4, 0x20E4, 0x20E4, 0x20E4, 0x20E4, 0x20E4, 0x20E4, 0x20E4, 0x20E4,
  0x2104, 0x39C7, 0xA514, 0xF79E, 0xFFFF, 0xFFFF, 0xE73C, 0x8430, 0x2945, 0x20E4, 0x20E4, 0x20E4,
  0x20E4, 0x20E4, 0x20E4, 0x20E4, 0x20E4, 0x20E4, 0x20E4, 0x20E4, 0x20E4, 0x20E4, 0x20E4, 0x20E4,
  0x20E4, 0x20E4, 0x20E4, 0x20E4, 0x20E4, 0x20E4, 0x20E4, 0x20E4, 0x20E4, 0x20E4, 0x20E4, 0x20E4,
  0x20E4, 0x20E4, 0x20E4, 0x20E4, 0x20E4, 0x20E4, 0x20E4, 0x20E4, 0x20E4, 0x20E4, 0x20E4, 0x20E4,
  0x20E4, 0x20E4, 0x20E4, 0x20E4, 0x20E4, 0x20E4, 0x20E4, 0x20E4, 0x20E4, 0x20E4, 0x20E4, 0x20E4,
  0x20E4, 0x20E4, 0x20E4, 0x20E4, 0x20E4, 0x20E4, 0x20E4, 0x20E4, 0x20E4, 0x20E4, 0x20E4, 0x20E4,
  0x20E4, 0x20E4, 0x20E4, 0x20E4, 0x20E4, 0x20E4, 0x20E4, 0x20E4, 0x20E4, 0x20E4, 0x2104, 0x3186,
  0x528A, 0x9CB2, 0xD6BA, 0xF79E, 0xFFDF, 0xFFFF, 0xFFFF, 0xFFFF, 0xFFFF, 0xFFFF, 0xFFFF, 0xFFFF,
  0xFFFF, 0xFFFF, 0xFFFF, 0xFFFF, 0xFFFF, 0xFFFF, 0xFFFF, 0xFFFF, 0xFFFF, 0xFFFF, 0xFFFF, 0xFFFF,
  0xFFFF, 0xFFFF, 0xFFFF, 0xFFFF, 0xFFFF, 0xFFFF, 0xFFFF, 0xFFFF, 0xFFFF, 0xFFFF, 0xFFFF, 0xFFFF,
  0xFFFF, 0xFFFF, 0xFFFF, 0xFFFF, 0xFFFF, 0xFFFF, 0xFFFF, 0xFFFF, 0xFFFF, 0xFFFF, 0xFFFF, 0xFFFF,
  0xFFFF, 0xFFFF, 0xFFFF, 0xFFFF, 0xFFFF, 0xFFFF, 0xFFFF, 0xFFFF, 0xFFFF, 0xFFFF, 0xFFFF, 0xFFFF,
  0xFFFF, 0xFFFF, 0xFFFF, 0xFFFF, 0xFFFF, 0xFFFF, 0xFFFF, 0xFFFF, 0xFFFF, 0xFFFF, 0xFFFF, 0xFFFF,
  0xFFFF, 0xFFFF, 0xFFFF, 0xFFFF, 0xFFFF, 0xFFFF, 0xFFFF, 0xFFFF, 0xFFFF, 0xFFFF, 0xFFFF, 0xFFFF,
  0xFFFF, 0xFFFF, 0xFFFF, 0xFFFF, 0xFFFF, 0xFFFF, 0xFFFF, 0xFFFF, 0xFFFF, 0xFFFF, 0xFFFF, 0xFFFF,
  0xFFFF, 0xFFFF, 0xFFFF, 0xFFFF, 0xFFFF, 0xFFFF, 0xFFFF, 0xFFFF, 0xFFFF, 0xFFFF, 0xFFFF, 0xFFFF,
  0xFFFF, 0xFFFF, 0xFFFF, 0xFFFF, 0xFFFF, 0xFFFF, 0xFFFF, 0xFFFF, 0xFFFF, 0xFFFF, 0xFFFF, 0xFFFF,
  0xFFFF, 0xFFFF, 0xFFFF, 0xFFFF, 0xFFFF, 0xFFFF, 0xFFFF, 0xFFFF, 0xFFFF, 0xFFFF, 0xFFFF, 0xFFFF,
  0xFFFF, 0xFFFF, 0xFFFF, 0xFFFF, 0xFFFF, 0xFFFF, 0xFFFF, 0xFFFF, 0xFFFF, 0xF7BE, 0x9CD3, 0x39A6,
  0x20E4, 0x20E4, 0x20E4, 0x20E4, 0x20E4, 0x20E4, 0x20E4, 0x20E4, 0x20E4, 0x20E4, 0x20E4, 0x20E4,
  0x3186, 0x8C71, 0xF79E, 0xFFFF, 0xFFFF, 0xFFFF, 0xFFFF, 0xE71C, 0x73AE, 0x2925, 0x20E4, 0x20E4,
  0x20E4, 0x20E4, 0x20E4, 0x20E4, 0x20E4, 0x20E4, 0x20E4, 0x20E4, 0x20E4, 0x20E4, 0x20E4, 0x20E4,
  0x20E4, 0x20E4, 0x20E4, 0x20E4, 0x20E4, 0x20E4, 0x20E4, 0x20E4, 0x20E4, 0x20E4, 0x20E4, 0x20E4,
  0x20E4, 0x20E4, 0x20E4, 0x20E4, 0x20E4, 0x20E4, 0x20E4, 0x20E4, 0x20E4, 0x20E4, 0x20E4, 0x20E4,
  0x20E4, 0x20E4, 0x20E4, 0x20E4, 0x20E4, 0x20E4, 0x20E4, 0x20E4, 0x20E4, 0x20E4, 0x20E4, 0x20E4,
  0x20E4, 0x20E4, 0x20E4, 0x20E4, 0x20E4, 0x20E4, 0x20E4, 0x20E4, 0x20E4, 0x20E4, 0x20E4, 0x20E4,
  0x20E4, 0x20E4, 0x20E4, 0x20E4, 0x20E4, 0x20E4, 0x20E4, 0x20E4, 0x20E4, 0x20E4, 0x20E4, 0x20E4,
  0x2104, 0x2945, 0x4A28, 0x8C51, 0xCE39, 0xEF5D, 0xFFDF, 0xFFFF, 0xFFFF, 0xFFFF, 0xFFFF, 0xFFFF,
  0xFFFF, 0xFFFF, 0xFFFF, 0xFFFF, 0xFFFF, 0xFFFF, 0xFFFF, 0xFFFF, 0xFFFF, 0xFFFF, 0xFFFF, 0xFFFF,
  0xFFFF, 0xFFFF, 0xFFFF, 0xFFFF, 0xFFFF, 0xFFFF, 0xFFFF, 0xFFFF, 0xFFFF, 0xFFFF, 0xFFFF, 0xFFFF,
  0xFFFF, 0xFFFF, 0xFFFF, 0xFFFF, 0xFFFF, 0xFFFF, 0xFFFF, 0xFFFF, 0xFFFF, 0xFFFF, 0xFFFF, 0xFFFF,
  0xFFFF, 0xFFFF, 0xFFFF, 0xFFFF, 0xFFFF, 0xFFFF, 0xFFFF, 0xFFFF, 0xFFFF, 0xFFFF, 0xFFFF, 0xFFFF,
  0xFFFF, 0xFFFF, 0xFFFF, 0xFFFF, 0xFFFF, 0xFFFF, 0xFFFF, 0xFFFF, 0xFFFF, 0xFFFF, 0xFFFF, 0xFFFF,
  0xFFFF, 0xFFFF, 0xFFFF, 0xFFFF, 0xFFFF, 0xFFFF, 0xFFFF, 0xFFFF, 0xFFFF, 0xFFFF, 0xFFFF, 0xFFFF,
  0xFFFF, 0xFFFF, 0xFFFF, 0xFFFF, 0xFFFF, 0xFFFF, 0xFFFF, 0xFFFF, 0xFFFF, 0xFFFF, 0xFFFF, 0xFFFF,
  0xFFFF, 0xFFFF, 0xFFFF, 0xFFFF, 0xFFFF, 0xFFFF, 0xFFFF, 0xFFFF, 0xFFFF, 0xFFFF, 0xFFFF, 0xFFFF,
  0xFFFF, 0xFFFF, 0xFFFF, 0xFFFF, 0xFFFF, 0xFFFF, 0xFFFF, 0xFFFF, 0xFFFF, 0xFFFF, 0xFFFF, 0xFFFF,
  0xFFFF, 0xFFFF, 0xFFFF, 0xFFFF, 0xFFFF, 0xFFFF, 0xFFFF, 0xFFFF, 0xFFFF, 0xFFFF, 0xFFFF, 0xFFFF,
  0xFFFF, 0xFFFF, 0xFFFF, 0xFFFF, 0xFFFF, 0xFFFF, 0xFFFF, 0xFFFF, 0xFFFF, 0xC618, 0x4A28, 0x20E4,
  0x20E4, 0x20E4, 0x20E4, 0x20E4, 0x20E4, 0x20E4, 0x20E4, 0x20E4, 0x20E4, 0x20E4, 0x20E4, 0x2945,
  0x738E, 0xEF5D, 0xFFFF, 0xFFFF, 0xFFFF, 0xFFFF, 0xFFFF, 0xFFFF, 0xDEDB, 0x6B2C, 0x2924, 0x20E4,
  0x20E4, 0x20E4, 0x20E4, 0x20E4, 0x20E4, 0x20E4, 0x20E4, 0x20E4, 0x20E4, 0x20E4, 0x20E4, 0x20E4,
  0x20E4, 0x20E4, 0x20E4, 0x20E4, 0x20E4, 0x20E4, 0x20E4, 0x20E4, 0x20E4, 0x20E4, 0x20E4, 0x20E4,
  0x20E4, 0x20E4, 0x20E4, 0x20E4, 0x20E4, 0x20E4, 0x20E4, 0x20E4, 0x20E4, 0x20E4, 0x20E4, 0x20E4,
  0x20E4, 0x20E4, 0x20E4, 0x20E4, 0x20E4, 0x20E4, 0x20E4, 0x20E4, 0x20E4, 0x20E4, 0x20E4, 0x20E4,
  0x20E4, 0x20E4, 0x20E4, 0x20E4, 0x20E4, 0x20E4, 0x20E4, 0x20E4, 0x20E4, 0x20E4, 0x20E4, 0x20E4,
  0x20E4, 0x20E4, 0x20E4, 0x20E4, 0x20E4, 0x20E4, 0x20E4, 0x20E4, 0x20E4, 0x20E4, 0x20E4, 0x20E4,
  0x20E4, 0x20E4, 0x2104, 0x2104, 0x39A6, 0x738E, 0xB5B6, 0xDEDB, 0xF79E, 0xFFFF, 0xFFFF, 0xFFFF,
  0xFFFF, 0xFFFF, 0xFFFF, 0xFFFF, 0xFFFF, 0xFFFF, 0xFFFF, 0xFFFF, 0xFFFF, 0xFFFF, 0xFFFF, 0xFFFF,
  0xFFFF, 0xFFFF, 0xFFFF, 0xFFFF, 0xFFFF, 0xFFFF, 0xFFFF, 0xFFFF, 0xFFFF, 0xFFFF, 0xFFFF, 0xFFFF,
  0xFFFF, 0xFFFF, 0xFFFF, 0xFFFF, 0xFFFF, 0xFFFF, 0xFFFF, 0xFFFF, 0xFFFF, 0xFFFF, 0xFFFF, 0xFFFF,
  0xFFFF, 0xFFFF, 0xFFFF, 0xFFFF, 0xFFFF, 0xFFFF, 0xFFFF, 0xFFFF, 0xFFFF, 0xFFFF, 0xFFFF, 0xFFFF,
  0xFFFF, 0xFFFF, 0xFFFF, 0xFFFF, 0xFFFF, 0xFFFF, 0xFFFF, 0xFFFF, 0xFFFF, 0xFFFF, 0xFFFF, 0xFFFF,
  0xFFFF, 0xFFFF, 0xFFFF, 0xFFFF, 0xFFFF, 0xFFFF, 0xFFFF, 0xFFFF, 0xFFFF, 0xFFFF, 0xFFFF, 0xFFFF,
  0xFFFF, 0xFFFF, 0xFFFF, 0xFFFF, 0xFFFF, 0xFFFF, 0xFFFF, 0xFFFF, 0xFFFF, 0xFFFF, 0xFFFF, 0xFFFF,
  0xFFFF, 0xFFFF, 0xFFFF, 0xFFFF, 0xFFFF, 0xFFFF, 0xFFFF, 0xFFFF, 0xFFFF, 0xFFFF, 0xFFFF, 0xFFFF,
  0xFFFF, 0xFFFF, 0xFFFF, 0xFFFF, 0xFFFF, 0xFFFF, 0xFFFF, 0xFFFF, 0xFFFF, 0xFFFF, 0xFFFF, 0xFFFF,
  0xFFFF, 0xFFFF, 0xFFFF, 0xFFFF, 0xFFFF, 0xFFFF, 0xFFFF, 0xFFFF, 0xFFFF, 0xFFFF, 0xFFFF, 0xFFFF,
  0xFFFF, 0xFFFF, 0xFFFF, 0xFFFF, 0xFFFF, 0xFFFF, 0xFFFF, 0xFFFF, 0xE73C, 0x736D, 0x2104, 0x20E4,
  0x20E4, 0x20E4, 0x20E4, 0x20E4, 0x20E4, 0x20E4, 0x20E4, 0x20E4, 0x20E4, 0x20E4, 0x2924, 0x5AEB,
  0xDEDB, 0xFFFF, 0xFFFF, 0xFFFF, 0xFFFF, 0xFFFF, 0xFFFF, 0xFFFF, 0xFFFF, 0xD69A, 0x62EB, 0x2924,
  0x20E4, 0x20E4, 0x20E4, 0x20E4, 0x20E4, 0x20E4, 0x20E4, 0x20E4, 0x20E4, 0x20E4, 0x20E4, 0x20E4,
  0x20E4, 0x20E4, 0x20E4, 0x20E4, 0x20E4, 0x20E4, 0x20E4, 0x20E4, 0x20E4, 0x20E4, 0x20E4, 0x20E4,
  0x20E4, 0x20E4, 0x20E4, 0x20E4, 0x20E4, 0x20E4, 0x20E4, 0x20E4, 0x20E4, 0x20E4, 0x20E4, 0x20E4,
  0x20E4, 0x20E4, 0x20E4, 0x20E4, 0x20E4, 0x20E4, 0x20E4, 0x20E4, 0x20E4, 0x20E4, 0x20E4, 0x20E4,
  0x20E4, 0x20E4, 0x20E4, 0x20E4, 0x20E4, 0x20E4, 0x20E4, 0x20E4, 0x20E4, 0x20E4, 0x20E4, 0x20E4,
  0x20E4, 0x20E4, 0x20E4, 0x20E4, 0x20E4, 0x20E4, 0x20E4, 0x20E4, 0x20E4, 0x20E4, 0x20E4, 0x20E4,
  0x20E4, 0x20E4, 0x20E4, 0x20E4, 0x20E4, 0x20E4, 0x2925, 0x528A, 0x9492, 0xC618, 0xE71C, 0xFFDF,
  0xFFFF, 0xFFFF, 0xFFFF, 0xFFFF, 0xFFFF, 0xFFFF, 0xFFFF, 0xFFFF, 0xFFFF, 0xFFFF, 0xFFFF, 0xFFFF,
  0xFFFF, 0xFFFF, 0xFFFF, 0xFFFF, 0xFFFF, 0xFFFF, 0xFFFF, 0xFFFF, 0xFFFF, 0xFFFF, 0xFFFF, 0xFFFF,
  0xFFFF, 0xFFFF, 0xFFFF, 0xFFFF, 0xFFFF, 0xFFFF, 0xFFFF, 0xFFFF, 0xFFFF, 0xFFFF, 0xFFFF, 0xFFFF,
  0xFFFF, 0xFFFF, 0xFFFF, 0xFFFF, 0xFFFF, 0xFFFF, 0xFFFF, 0xFFFF, 0xFFFF, 0xFFFF, 0xFFFF, 0xFFFF,
  0xFFFF, 0xFFFF, 0xFFFF, 0xFFFF, 0xFFFF, 0xFFFF, 0xFFFF, 0xFFFF, 0xFFFF, 0xFFFF, 0xFFFF, 0xFFFF,
  0xFFFF, 0xFFFF, 0xFFFF, 0xFFFF, 0xFFFF, 0xFFFF, 0xFFFF, 0xFFFF, 0xFFFF, 0xFFFF, 0xFFFF, 0xFFFF,
  0xFFFF, 0xFFFF, 0xFFFF, 0xFFFF, 0xFFFF, 0xFFFF, 0xFFFF, 0xFFFF, 0xFFFF, 0xFFFF, 0xFFFF, 0xFFFF,
  0xFFFF, 0xFFFF, 0xFFFF, 0xFFFF, 0xFFFF, 0xFFFF, 0xFFFF, 0xFFFF, 0xFFFF, 0xFFFF, 0xFFFF, 0xFFFF,
  0xFFFF, 0xFFFF, 0xFFFF, 0xFFFF, 0xFFFF, 0xFFFF, 0xFFFF, 0xFFFF, 0xFFFF, 0xFFFF, 0xFFFF, 0xFFFF,
  0xFFFF, 0xFFFF, 0xFFFF, 0xFFFF, 0xFFFF, 0xFFFF, 0xFFFF, 0xFFFF, 0xFFFF, 0xFFFF, 0xFFFF, 0xFFFF,
  0xFFFF, 0xFFFF, 0xFFFF, 0xFFFF, 0xFFFF, 0xFFFF, 0xFFFF, 0xF7BE, 0xA4F4, 0x31A6, 0x20E4, 0x20E4,
  0x20E4, 0x20E4, 0x20E4, 0x20E4, 0x20E4, 0x20E4, 0x20E4, 0x20E4, 0x20E4, 0x2104, 0x4A69, 0xC618,
  0xFFFF, 0xFFFF, 0xFFFF, 0xFFFF, 0xFFFF, 0xFFFF, 0xFFFF, 0xFFFF, 0xFFFF, 0xFFFF, 0xCE59, 0x5AEB,
  0x2924, 0x20E4, 0x20E4, 0x20E4, 0x20E4, 0x20E4, 0x20E4, 0x20E4, 0x20E4, 0x20E4, 0x20E4, 0x20E4,
  0x20E4, 0x20E4, 0x20E4, 0x20E4, 0x20E4, 0x20E4, 0x20E4, 0x20E4, 0x20E4, 0x20E4, 0x20E4, 0x20E4,
  0x20E4, 0x20E4, 0x20E4, 0x20E4, 0x20E4, 0x20E4, 0x20E4, 0x20E4, 0x20E4, 0x20E4, 0x20E4, 0x20E4,
  0x20E4, 0x20E4, 0x20E4, 0x20E4, 0x20E4, 0x20E4, 0x20E4, 0x20E4, 0x20E4, 0x20E4, 0x20E4, 0x20E4,
  0x20E4, 0x20E4, 0x20E4, 0x20E4, 0x20E4, 0x20E4, 0x20E4, 0x20E3, 0x20E4, 0x20E4, 0x20E4, 0x20E4,
  0x20E4, 0x20E4, 0x20E4, 0x20E4, 0x20E4, 0x20E4, 0x20E4, 0x20E4, 0x20E4, 0x20E4, 0x20E4, 0x20E4,
  0x20E4, 0x20E4, 0x20E4, 0x20E4, 0x20E4, 0x20E4, 0x20E4, 0x20E4, 0x20E4, 0x39A7, 0x6B4D, 0x9CD3,
  0xC638, 0xEF3D, 0xFFFF, 0xFFFF, 0xFFFF, 0xFFFF, 0xFFFF, 0xFFFF, 0xFFFF, 0xFFFF, 0xFFFF, 0xFFFF,
  0xFFFF, 0xFFFF, 0xFFFF, 0xFFFF, 0xFFFF, 0xFFFF, 0xFFFF, 0xFFFF, 0xFFFF, 0xFFFF, 0xFFFF, 0xFFFF,
  0xFFFF, 0xFFFF, 0xFFFF, 0xFFFF, 0xFFFF, 0xFFFF, 0xFFFF, 0xFFFF, 0xFFFF, 0xFFFF, 0xFFFF, 0xFFFF,
  0xFFFF, 0xFFFF, 0xFFFF, 0xFFFF, 0xFFFF, 0xFFFF, 0xFFFF, 0xFFFF, 0xFFFF, 0xFFFF, 0xFFFF, 0xFFFF,
  0xFFFF, 0xFFFF, 0xFFFF, 0xFFFF, 0xFFFF, 0xFFFF, 0xFFFF, 0xFFFF, 0xFFFF, 0xFFFF, 0xFFFF, 0xFFFF,
  0xFFFF, 0xFFFF, 0xFFFF, 0xFFFF, 0xFFFF, 0xFFFF, 0xFFFF, 0xFFFF, 0xFFFF, 0xFFFF, 0xFFFF, 0xFFFF,
  0xFFFF, 0xFFFF, 0xFFFF, 0xFFFF, 0xFFFF, 0xFFFF, 0xFFFF, 0xFFFF, 0xFFFF, 0xFFFF, 0xFFFF, 0xFFFF,
  0xFFFF, 0xFFFF, 0xFFFF, 0xFFFF, 0xFFFF, 0xFFFF, 0xFFFF, 0xFFFF, 0xFFFF, 0xFFFF, 0xFFFF, 0xFFFF,
  0xFFFF, 0xFFFF, 0xFFFF, 0xFFFF, 0xFFFF, 0xFFFF, 0xFFFF, 0xFFFF, 0xFFFF, 0xFFFF, 0xFFFF, 0xFFFF,
  0xFFFF, 0xFFFF, 0xFFFF, 0xFFFF, 0xFFFF, 0xFFFF, 0xFFFF, 0xFFFF, 0xFFFF, 0xFFFF, 0xFFFF, 0xFFFF,
  0xFFFF, 0xFFFF, 0xFFFF, 0xFFFF, 0xFFFF, 0xFFFF, 0xFFFF, 0xCE59, 0x526A, 0x20E4, 0x20E4, 0x20E4,
  0x20E4, 0x20E4, 0x20E4, 0x20E4, 0x20E4, 0x20E4, 0x20E4, 0x20E4, 0x20E4, 0x39A7, 0xAD55, 0xFFDF,
  0xFFFF, 0xFFFF, 0xFFFF, 0xFFFF, 0xFFFF, 0xFFFF, 0xFFFF, 0xFFFF, 0xFFFF, 0xFFFF, 0xFFDF, 0xC638,
  0x5AAA, 0x2104, 0x20E4, 0x20E4, 0x20E4, 0x20E4, 0x20E4, 0x20E4, 0x20E4, 0x20E4, 0x20E4, 0x20E4,
  0x20E4, 0x20E4, 0x20E4, 0x20E4, 0x20E4, 0x20E4, 0x20E4, 0x20E4, 0x20E4, 0x20E4, 0x20E4, 0x20E4,
  0x20E4, 0x20E4, 0x20E4, 0x20E4, 0x20E4, 0x20E4, 0x20E4, 0x20E4, 0x20E4, 0x20E4, 0x20E4, 0x20E4,
  0x20E4, 0x20E4, 0x20E4, 0x20E4, 0x20E4, 0x20E4, 0x20E4, 0x20E4, 0x20E4, 0x20E4, 0x20E4, 0x20E4,
  0x20E4, 0x20E4, 0x20E4, 0x20E4, 0x20E4, 0x20E4, 0x20E4, 0x20E4, 0x20E4, 0x20E4, 0x20E4, 0x20E4,
  0x20E4, 0x20E4, 0x20E4, 0x20E4, 0x20E4, 0x20E4, 0x20E4, 0x20E4, 0x20E4, 0x20E4, 0x20E4, 0x20E4,
  0x20E4, 0x20E4, 0x20E4, 0x20E4, 0x20E4, 0x20E4, 0x20E4, 0x20E4, 0x20E4, 0x20E4, 0x20E4, 0x2924,
  0x4A29, 0x736E, 0x9CD3, 0xC618, 0xEF5D, 0xFFFF, 0xFFFF, 0xFFFF, 0xFFFF, 0xFFFF, 0xFFFF, 0xFFFF,
  0xFFFF, 0xFFFF, 0xFFFF, 0xFFFF, 0xFFFF, 0xFFFF, 0xFFFF, 0xFFFF, 0xFFFF, 0xFFFF, 0xFFFF, 0xFFFF,
  0xFFFF, 0xFFFF, 0xFFFF, 0xFFFF, 0xFFFF, 0xFFFF, 0xFFFF, 0xFFFF, 0xFFFF, 0xFFFF, 0xFFFF, 0xFFFF,
  0xFFFF, 0xFFFF, 0xFFFF, 0xFFFF, 0xFFFF, 0xFFFF, 0xFFFF, 0xFFFF, 0xFFFF, 0xFFFF, 0xFFFF, 0xFFFF,
  0xFFFF, 0xFFFF, 0xFFFF, 0xFFFF, 0xFFFF, 0xFFFF, 0xFFFF, 0xFFFF, 0xFFFF, 0xFFFF, 0xFFFF, 0xFFFF,
  0xFFFF, 0xFFFF, 0xFFFF, 0xFFFF, 0xFFFF, 0xFFFF, 0xFFFF, 0xFFFF, 0xFFFF, 0xFFFF, 0xFFFF, 0xFFFF,
  0xFFFF, 0xFFFF, 0xFFFF, 0xFFFF, 0xFFFF, 0xFFFF, 0xFFFF, 0xFFFF, 0xFFFF, 0xFFFF, 0xFFFF, 0xFFFF,
  0xFFFF, 0xFFFF, 0xFFFF, 0xFFFF, 0xFFFF, 0xFFFF, 0xFFFF, 0xFFFF, 0xFFFF, 0xFFFF, 0xFFFF, 0xFFFF,
  0xFFFF, 0xFFFF, 0xFFFF, 0xFFFF, 0xFFFF, 0xFFFF, 0xFFFF, 0xFFFF, 0xFFFF, 0xFFFF, 0xFFFF, 0xFFFF,
  0xFFFF, 0xFFFF, 0xFFFF, 0xFFFF, 0xFFFF, 0xFFFF, 0xFFFF, 0xFFFF, 0xFFFF, 0xFFFF, 0xFFFF, 0xFFFF,
  0xFFFF, 0xFFFF, 0xFFFF, 0xFFFF, 0xFFFF, 0xFFFF, 0xEF5D, 0x83EF, 0x2924, 0x20E4, 0x20E4, 0x20E4,
  0x20E4, 0x20E4, 0x20E4, 0x20E4, 0x20E4, 0x20E4, 0x20E4, 0x20E4, 0x2924, 0x8C51, 0xEF7D, 0xFFFF,
  0xFFFF, 0xFFFF, 0xFFFF, 0xFFFF, 0xFFFF, 0xFFFF, 0xFFFF, 0xFFFF, 0xFFFF, 0xFFFF, 0xFFFF, 0xFFDF,
  0xC638, 0x528A, 0x2104, 0x20E4, 0x20E4, 0x20E4, 0x20E4, 0x20E4, 0x20E4, 0x20E4, 0x20E4, 0x20E4,
  0x20E4, 0x20E4, 0x20E4, 0x20E4, 0x20E4, 0x20E4, 0x20E4, 0x20E4, 0x20E4, 0x20E4, 0x20E4, 0x20E4,
  0x20E4, 0x20E4, 0x20E4, 0x20E4, 0x20E4, 0x20E4, 0x20E4, 0x20E4, 0x20E4, 0x20E4, 0x20E4, 0x20E4,
  0x20E4, 0x20E4, 0x20E4, 0x20E4, 0x20E4, 0x20E4, 0x20E4, 0x20E4, 0x20E4, 0x20E4, 0x20E4, 0x20E4,
  0x20E4, 0x20E4, 0x20E4, 0x20E4, 0x20E4, 0x20E4, 0x20E4, 0x20E4, 0x20E4, 0x20E4, 0x20E3, 0x20E4,
  0x20E4, 0x20E4, 0x20E4, 0x20E4, 0x20E4, 0x20E4, 0x20E4, 0x20E4, 0x20E4, 0x20E4, 0x20E4, 0x20E4,
  0x20E4, 0x20E4, 0x20E4, 0x20E4, 0x20E4, 0x20E4, 0x20E4, 0x20E4, 0x20E4, 0x20E4, 0x20E4, 0x20E4,
  0x20E4, 0x2104, 0x2945, 0x4A28, 0x630C, 0x8430, 0xB5B6, 0xE71C, 0xFFFF, 0xFFFF, 0xFFFF, 0xFFFF,
  0xFFFF, 0xFFFF, 0xFFFF, 0xFFFF, 0xFFFF, 0xFFFF, 0xFFFF, 0xFFFF, 0xFFFF, 0xFFFF, 0xFFFF, 0xFFFF,
  0xFFFF, 0xFFFF, 0xFFFF, 0xFFFF, 0xFFFF, 0xFFFF, 0xFFFF, 0xFFFF, 0xFFFF, 0xFFFF, 0xFFFF, 0xFFFF,
  0xFFFF, 0xFFFF, 0xFFFF, 0xFFFF, 0xFFFF, 0xFFFF, 0xFFFF, 0xFFFF, 0xFFFF, 0xFFFF, 0xFFFF, 0xFFFF,
  0xFFFF, 0xFFFF, 0xFFFF, 0xFFFF, 0xFFFF, 0xFFFF, 0xFFFF, 0xFFFF, 0xFFFF, 0xFFFF, 0xFFFF, 0xFFFF,
  0xFFFF, 0xFFFF, 0xFFFF, 0xFFFF, 0xFFFF, 0xFFFF, 0xFFFF, 0xFFFF, 0xFFFF, 0xFFFF, 0xFFFF, 0xFFFF,
  0xFFFF, 0xFFFF, 0xFFFF, 0xFFFF, 0xFFFF, 0xFFFF, 0xFFFF, 0xFFFF, 0xFFFF, 0xFFFF, 0xFFFF, 0xFFFF,
  0xFFFF, 0xFFFF, 0xFFFF, 0xFFFF, 0xFFFF, 0xFFFF, 0xFFFF, 0xFFFF, 0xFFFF, 0xFFFF, 0xFFFF, 0xFFFF,
  0xFFFF, 0xFFFF, 0xFFFF, 0xFFFF, 0xFFFF, 0xFFFF, 0xFFFF, 0xFFFF, 0xFFFF, 0xFFFF, 0xFFFF, 0xFFFF,
  0xFFFF, 0xFFFF, 0xFFFF, 0xFFFF, 0xFFFF, 0xFFFF, 0xFFFF, 0xFFFF, 0xFFFF, 0xFFFF, 0xFFFF, 0xFFFF,
  0xFFFF, 0xFFFF, 0xFFFF, 0xFFFF, 0xFFFF, 0xFFDF, 0xB5B6, 0x3186, 0x20E4, 0x20E4, 0x20E4, 0x20E4,
  0x20E4, 0x20E4, 0x20E4, 0x20E4, 0x20E4, 0x20E4, 0x20E4, 0x20E4, 0x630C, 0xDEDB, 0xFFFF, 0xFFFF,
  0xFFFF, 0xFFFF, 0xFFFF, 0xFFFF, 0xFFFF, 0xFFFF, 0xFFFF, 0xFFFF, 0xFFFF, 0xFFFF, 0xFFFF, 0xFFFF,
  0xFFDF, 0xC638, 0x5269, 0x2104, 0x20E4, 0x20E4, 0x20E4, 0x20E4, 0x20E4, 0x20E4, 0x20E4, 0x20E4,
  0x20E4, 0x20E4, 0x20E4, 0x20E4, 0x20E4, 0x20E4, 0x20E4, 0x20E4, 0x20E4, 0x20E4, 0x20E4, 0x20E4,
  0x20E4, 0x20E4, 0x20E4, 0x20E4, 0x20E4, 0x20E4, 0x20E4, 0x20E4, 0x20E4, 0x20E4, 0x20E4, 0x20E4,
  0x20E4, 0x20E4, 0x20E4, 0x20E4, 0x20E4, 0x20E4, 0x20E4, 0x20E4, 0x20E4, 0x20E4, 0x20E4, 0x20E4,
  0x20E4, 0x20E4, 0x20E4, 0x20E4, 0x20E4, 0x20E4, 0x20E4, 0x20E4, 0x20E4, 0x20E4, 0x20E4, 0x20E4,
  0x20E4, 0x20E4, 0x20E4, 0x20E4, 0x20E4, 0x20E4, 0x20E4, 0x20E4, 0x20E4, 0x20E4, 0x20E4, 0x20E4,
  0x20E4, 0x20E4, 0x20E4, 0x20E4, 0x20E4, 0x20E4, 0x20E4, 0x20E4, 0x20E4, 0x20E4, 0x20E4, 0x20E4,
  0x20E4, 0x20E4, 0x20E4, 0x20E4, 0x20E4, 0x2945, 0x39C7, 0x526A, 0x6B4D, 0x9CB2, 0xC638, 0xEF7D,
  0xFFFF, 0xFFFF, 0xFFFF, 0xFFFF, 0xFFFF, 0xFFFF, 0xFFFF, 0xFFFF, 0xFFFF, 0xFFFF, 0xFFFF, 0xFFFF,
  0xFFFF, 0xFFFF, 0xFFFF, 0xFFFF, 0xFFFF, 0xFFFF, 0xFFFF, 0xFFFF, 0xFFFF, 0xFFFF, 0xFFFF, 0xFFFF,
  0xFFFF, 0xFFFF, 0xFFFF, 0xFFFF, 0xFFFF, 0xFFFF, 0xFFFF, 0xFFFF, 0xFFFF, 0xFFFF, 0xFFFF, 0xFFFF,
  0xFFFF, 0xFFFF, 0xFFFF, 0xFFFF, 0xFFFF, 0xFFFF, 0xFFFF, 0xFFFF, 0xFFFF, 0xFFFF, 0xFFFF, 0xFFFF,
  0xFFFF, 0xFFFF, 0xFFFF, 0xFFFF, 0xFFFF, 0xFFFF, 0xFFFF, 0xFFFF, 0xFFFF, 0xFFFF, 0xFFFF, 0xFFFF,
  0xFFFF, 0xFFFF, 0xFFFF, 0xFFFF, 0xFFFF, 0xFFFF, 0xFFFF, 0xFFFF, 0xFFFF, 0xFFFF, 0xFFFF, 0xFFFF,
  0xFFFF, 0xFFFF, 0xFFFF, 0xFFFF, 0xFFFF, 0xFFFF, 0xFFFF, 0xFFFF, 0xFFFF, 0xFFFF, 0xFFFF, 0xFFFF,
  0xFFFF, 0xFFFF, 0xFFFF, 0xFFFF, 0xFFFF, 0xFFFF, 0xFFFF, 0xFFFF, 0xFFFF, 0xFFFF, 0xFFFF, 0xFFFF,
  0xFFFF, 0xFFFF, 0xFFFF, 0xFFFF, 0xFFFF, 0xFFFF, 0xFFFF, 0xFFFF, 0xFFFF, 0xFFFF, 0xFFFF, 0xFFFF,
  0xFFFF, 0xFFFF, 0xFFFF, 0xFFFF, 0xFFFF, 0xDEFB, 0x5AEB, 0x20E4, 0x20E4, 0x20E4, 0x20E4, 0x20E4,
  0x20E4, 0x20E4, 0x20E4, 0x20E4, 0x20E4, 0x20E4, 0x20E4, 0x41E7, 0xC618, 0xFFDF, 0xFFFF, 0xFFFF,
  0xFFFF, 0xFFFF, 0xFFFF, 0xFFFF, 0xFFFF, 0xFFFF, 0xFFFF, 0xFFFF, 0xFFFF, 0xFFFF, 0xFFFF, 0xFFFF,
  0xFFFF, 0xFFDF, 0xC618, 0x5269, 0x2104, 0x20E4, 0x20E4, 0x20E4, 0x20E4, 0x20E4, 0x20E4, 0x20E4,
  0x20E4, 0x20E4, 0x20E4, 0x20E4, 0x20E4, 0x20E4, 0x20E4, 0x20E4, 0x20E4, 0x20E4, 0x20E4, 0x20E4,
  0x20E4, 0x20E4, 0x20E4, 0x20E4, 0x20E4, 0x20E4, 0x20E4, 0x20E4, 0x20E4, 0x20E4, 0x20E4, 0x20E4,
  0x20E4, 0x20E4, 0x20E4, 0x20E4, 0x20E4, 0x20E4, 0x20E4, 0x20E4, 0x20E4, 0x20E4, 0x20E4, 0x20E4,
  0x20E4, 0x20E4, 0x20E4, 0x20E4, 0x20E4, 0x20E4, 0x20E4, 0x20E4, 0x20E4, 0x20E4, 0x20E4, 0x20E4,
  0x20E4, 0x20E4, 0x20E4, 0x20E4, 0x20E4, 0x20E4, 0x20E4, 0x20E4, 0x20E4, 0x20E4, 0x20E4, 0x20E4,
  0x20E4, 0x20E4, 0x20E4, 0x20E4, 0x20E4, 0x20E4, 0x20E4, 0x20E4, 0x20E4, 0x20E4, 0x20E4, 0x20E4,
  0x20E4, 0x20E4, 0x20E4, 0x20E4, 0x20E4, 0x20E4, 0x20E4, 0x20E4, 0x2924, 0x3186, 0x41E7, 0x5269,
  0x738E, 0x9CF3, 0xC638, 0xE73C, 0xF79E, 0xF7BE, 0xFFDF, 0xFFFF, 0xFFFF, 0xFFFF, 0xFFFF, 0xFFFF,
  0xFFFF, 0xFFFF, 0xFFFF, 0xFFFF, 0xFFFF, 0xFFFF, 0xFFFF, 0xFFFF, 0xFFFF, 0xFFFF, 0xFFFF, 0xFFFF,
  0xFFFF, 0xFFFF, 0xFFFF, 0xFFFF, 0xFFFF, 0xFFFF, 0xFFFF, 0xFFFF, 0xFFFF, 0xFFFF, 0xFFFF, 0xFFFF,
  0xFFFF, 0xFFFF, 0xFFFF, 0xFFFF, 0xFFFF, 0xFFFF, 0xFFFF, 0xFFFF, 0xFFFF, 0xFFFF, 0xFFFF, 0xFFFF,
  0xFFFF, 0xFFFF, 0xFFFF, 0xFFFF, 0xFFDF, 0xF7BE, 0xF7BE, 0xF79E, 0xEF5D, 0xDEFB, 0xD6BA, 0xD679,
  0xD69A, 0xDEDB, 0xE73C, 0xF79E, 0xF7BE, 0xFFDF, 0xFFFF, 0xFFFF, 0xFFFF, 0xFFFF, 0xFFFF, 0xFFFF,
  0xFFFF, 0xFFFF, 0xFFFF, 0xFFFF, 0xFFFF, 0xFFFF, 0xFFFF, 0xFFFF, 0xFFFF, 0xFFFF, 0xFFFF, 0xFFFF,
  0xFFFF, 0xFFFF, 0xFFFF, 0xFFFF, 0xFFFF, 0xFFFF, 0xFFFF, 0xFFFF, 0xFFFF, 0xFFFF, 0xFFFF, 0xFFFF,
  0xFFFF, 0xFFFF, 0xFFFF, 0xFFFF, 0xFFFF, 0xFFFF, 0xFFFF, 0xFFFF, 0xFFFF, 0xFFFF, 0xFFFF, 0xFFFF,
  0xFFFF, 0xFFFF, 0xFFFF, 0xFFFF, 0xF7BE, 0xA4F4, 0x2925, 0x20E4, 0x20E4, 0x20E4, 0x20E4, 0x20E4,
  0x20E4, 0x20E4, 0x20E4, 0x20E4, 0x20E4, 0x20E4, 0x2945, 0x9CF3, 0xF79E, 0xFFFF, 0xFFFF, 0xFFFF,
  0xFFFF, 0xFFFF, 0xFFFF, 0xFFFF, 0xFFFF, 0xFFFF, 0xFFFF, 0xFFFF, 0xFFFF, 0xFFFF, 0xFFFF, 0xFFFF,
  0xFFFF, 0xFFFF, 0xFFBE, 0xC638, 0x528A, 0x2924, 0x20E4, 0x20E4, 0x20E4, 0x20E4, 0x20E4, 0x20E4,
  0x20E4, 0x20E4, 0x20E4, 0x20E4, 0x20E4, 0x20E4, 0x20E4, 0x20E4, 0x20E4, 0x20E4, 0x20E4, 0x20E4,
  0x20E4, 0x20E4, 0x20E4, 0x20E4, 0x20E4, 0x20E4, 0x20E4, 0x20E4, 0x20E4, 0x20E4, 0x20E4, 0x20E4,
  0x20E4, 0x20E4, 0x20E4, 0x20E4, 0x20E4, 0x20E4, 0x20E4, 0x20E4, 0x20E4, 0x20E4, 0x20E4, 0x20E4,
  0x20E4, 0x20E4, 0x20E4, 0x20E4, 0x20E4, 0x20E4, 0x20E4, 0x20E4, 0x20E4, 0x20E4, 0x20E4, 0x20E4,
  0x20E4, 0x20E4, 0x20E4, 0x20E4, 0x20E4, 0x20E4, 0x20E4, 0x20E4, 0x20E4, 0x20E4, 0x20E4, 0x20E4,
  0x20E4, 0x20E4, 0x20E4, 0x20E4, 0x20E4, 0x20E4, 0x20E4, 0x20E4, 0x20E4, 0x20E4, 0x20E4, 0x20E4,
  0x20E4, 0x20E4, 0x20E4, 0x20E4, 0x20E4, 0x20E4, 0x20E4, 0x20E4, 0x20E4, 0x20E4, 0x20E4, 0x2104,
  0x2924, 0x3186, 0x39C7, 0x4208, 0x62EC, 0x8410, 0xAD34, 0xCE59, 0xE71C, 0xEF5D, 0xEF7D, 0xF79E,
  0xF7BE, 0xFFDF, 0xFFFF, 0xFFFF, 0xFFFF, 0xFFFF, 0xFFFF, 0xFFFF, 0xFFFF, 0xFFFF, 0xFFFF, 0xFFFF,
  0xFFFF, 0xFFFF, 0xFFFF, 0xFFFF, 0xFFFF, 0xFFFF, 0xFFFF, 0xFFFF, 0xFFFF, 0xFFFF, 0xFFFF, 0xFFFF,
  0xFFFF, 0xFFFF, 0xFFFF, 0xFFFF, 0xFFFF, 0xFFFF, 0xFFFF, 0xFFFF, 0xFFFF, 0xFFFF, 0xFFDF, 0xF7BE,
  0xF79E, 0xEF5D, 0xE73C, 0xD6BA, 0xB5B6, 0x94B2, 0x7BAE, 0x5ACB, 0x4A28, 0x41E7, 0x39C7, 0x39C7,
  0x39C7, 0x41E7, 0x4208, 0x52AA, 0x738E, 0x9CD3, 0xCE59, 0xE73C, 0xF7BE, 0xFFFF, 0xFFFF, 0xFFFF,
  0xFFFF, 0xFFFF, 0xFFFF, 0xFFFF, 0xFFFF, 0xFFFF, 0xFFFF, 0xFFFF, 0xFFFF, 0xFFFF, 0xFFFF, 0xFFFF,
  0xFFFF, 0xFFFF, 0xFFFF, 0xFFFF, 0xFFFF, 0xFFFF, 0xFFFF, 0xFFFF, 0xFFFF, 0xFFFF, 0xFFFF, 0xFFFF,
  0xFFFF, 0xFFFF, 0xFFFF, 0xFFFF, 0xFFFF, 0xFFFF, 0xFFFF, 0xFFFF, 0xFFFF, 0xFFFF, 0xFFFF, 0xFFFF,
  0xFFFF, 0xFFFF, 0xFFFF, 0xFFFF, 0xD6BA, 0x4A49, 0x20E4, 0x20E4, 0x20E4, 0x20E4, 0x20E4, 0x20E4,
  0x20E4, 0x20E4, 0x20E4, 0x20E4, 0x20E4, 0x2104, 0x6B6D, 0xE71C, 0xFFFF, 0xFFFF, 0xFFFF, 0xFFFF,
  0xFFFF, 0xFFFF, 0xFFFF, 0xFFFF, 0xFFFF, 0xFFFF, 0xFFFF, 0xFFFF, 0xFFFF, 0xFFFF, 0xFFFF, 0xFFFF,
  0xFFFF, 0xFFFF, 0xFFFF, 0xFFDF, 0xCE59, 0x5AAA, 0x2924, 0x20E4, 0x20E4, 0x20E4, 0x20E4, 0x20E4,
  0x20E4, 0x20E4, 0x20E4, 0x20E4, 0x20E4, 0x20E4, 0x20E4, 0x20E4, 0x20E4, 0x20E4, 0x20E4, 0x20E4,
  0x20E4, 0x20E4, 0x20E4, 0x20E4, 0x20E4, 0x20E4, 0x20E4, 0x20E4, 0x20E4, 0x20E4, 0x20E4, 0x20E4,
  0x20E4, 0x20E4, 0x20E4, 0x20E4, 0x20E4, 0x20E4, 0x20E4, 0x20E4, 0x20E4, 0x20E4, 0x20E4, 0x20E4,
  0x20E4, 0x20E4, 0x20E4, 0x20E4, 0x20E4, 0x20E4, 0x20E4, 0x20E4, 0x20E4, 0x20E4, 0x20E4, 0x20E4,
  0x20E4, 0x20E4, 0x20E4, 0x20E4, 0x20E4, 0x20E4, 0x20E4, 0x20E4, 0x20E4, 0x20E4, 0x20E4, 0x20E4,
  0x20E4, 0x20E4, 0x20E4, 0x20E4, 0x20E4, 0x20E4, 0x20E4, 0x20E4, 0x20E4, 0x20E4, 0x20E4, 0x20E4,
  0x20E4, 0x20E4, 0x20E4, 0x20E4, 0x20E4, 0x20E4, 0x20E4, 0x20E4, 0x20E4, 0x20E4, 0x20E4, 0x20E4,
  0x20E4, 0x20E4, 0x20E4, 0x20E4, 0x2104, 0x2925, 0x3165, 0x3186, 0x41E8, 0x5AAB, 0x738E, 0x8C71,
  0xAD55, 0xC618, 0xD6BA, 0xDEFB, 0xE71C, 0xE73C, 0xEF5D, 0xEF7D, 0xF79E, 0xF7BE, 0xF7BE, 0xFFDF,
  0xFFDF, 0xFFFF, 0xFFFF, 0xFFFF, 0xFFFF, 0xFFFF, 0xFFFF, 0xFFFF, 0xFFFF, 0xFFFF, 0xFFFF, 0xFFFF,
  0xFFDF, 0xF7BE, 0xF79E, 0xF79E, 0xEF7D, 0xEF5D, 0xE73C, 0xE6FB, 0xDEDB, 0xCE79, 0xBDD7, 0xA514,
  0x8C30, 0x6B2C, 0x4A29, 0x39A6, 0x3165, 0x2945, 0x2924, 0x2104, 0x20E4, 0x20E4, 0x20E4, 0x20E4,
  0x20E4, 0x20E4, 0x20E4, 0x2104, 0x2924, 0x2945, 0x31A6, 0x52AA, 0x9CB2, 0xD69A, 0xEF7D, 0xFFFF,
  0xFFFF, 0xFFFF, 0xFFFF, 0xFFFF, 0xFFFF, 0xFFFF, 0xFFFF, 0xFFFF, 0xFFFF, 0xFFFF, 0xFFFF, 0xFFFF,
  0xFFFF, 0xFFFF, 0xFFFF, 0xFFFF, 0xFFFF, 0xFFFF, 0xFFFF, 0xFFFF, 0xFFFF, 0xFFFF, 0xFFFF, 0xFFFF,
  0xFFFF, 0xFFFF, 0xFFFF, 0xFFFF, 0xFFFF, 0xFFFF, 0xFFFF, 0xFFFF, 0xFFFF, 0xFFFF, 0xFFFF, 0xFFFF,
  0xFFFF, 0xFFFF, 0xFFFF, 0xF79E, 0x8C51, 0x2925, 0x20E4, 0x20E4, 0x20E4, 0x20E4, 0x20E4, 0x20E4,
  0x20E4, 0x20E4, 0x20E4, 0x20E4, 0x20E4, 0x4208, 0xBDF7, 0xFFFF, 0xFFFF, 0xFFFF, 0xFFFF, 0xFFFF,
  0xFFFF, 0xFFFF, 0xFFFF, 0xFFFF, 0xFFFF, 0xFFFF, 0xFFFF, 0xFFFF, 0xFFFF, 0xFFFF, 0xFFFF, 0xFFFF,
  0xFFFF, 0xFFFF, 0xFFFF, 0xFFFF, 0xFFDF, 0xCE79, 0x5ACB, 0x2924, 0x20E4, 0x20E4, 0x20E4, 0x20E4,
  0x20E4, 0x20E4, 0x20E4, 0x20E4, 0x20E4, 0x20E4, 0x20E4, 0x20E4, 0x20E4, 0x20E4, 0x20E4, 0x20E4,
  0x20E4, 0x20E4, 0x20E4, 0x20E4, 0x20E4, 0x20E4, 0x20E4, 0x20E4, 0x20E4, 0x20E4, 0x20E4, 0x20E4,
  0x20E4, 0x20E4, 0x20E4, 0x20E4, 0x20E4, 0x20E4, 0x20E4, 0x20E4, 0x20E4, 0x20E4, 0x20E4, 0x20E4,
  0x20E4, 0x20E4, 0x20E4, 0x20E4, 0x20E4, 0x20E4, 0x20E4, 0x20E4, 0x20E4, 0x20E4, 0x20E4, 0x20E4,
  0x20E4, 0x20E4, 0x20E4, 0x20E4, 0x20E4, 0x20E4, 0x20E4, 0x20E4, 0x20E4, 0x20E4, 0x20E4, 0x20E4,
  0x20E4, 0x20E4, 0x20E4, 0x20E4, 0x20E4, 0x20E4, 0x20E4, 0x20E4, 0x20E4, 0x20E4, 0x20E4, 0x20E4,
  0x20E4, 0x20E4, 0x20E4, 0x20E4, 0x20E4, 0x20E4, 0x20E4, 0x20E4, 0x20E4, 0x20E4, 0x20E4, 0x20E4,
  0x20E4, 0x20E4, 0x20E4, 0x20E4, 0x20E4, 0x20E4, 0x20E4, 0x20E4, 0x20E4, 0x2104, 0x2104, 0x2924,
  0x2924, 0x2925, 0x3166, 0x4208, 0x528A, 0x630C, 0x738E, 0x8430, 0x94B2, 0xA514, 0xAD55, 0xB5B6,
  0xBDD7, 0xC618, 0xCE59, 0xCE79, 0xCE79, 0xCE79, 0xCE79, 0xCE59, 0xCE59, 0xCE59, 0xCE39, 0xC5F7,
  0xB596, 0xAD55, 0x9CF3, 0x9492, 0x8C30, 0x7BAF, 0x630C, 0x4A69, 0x39A6, 0x2945, 0x2924, 0x2924,
  0x2104, 0x2104, 0x2104, 0x20E4, 0x20E4, 0x20E4, 0x20E4, 0x20E4, 0x20E4, 0x20E4, 0x20E4, 0x20E4,
  0x20E4, 0x20E4, 0x20E4, 0x20E4, 0x20E4, 0x20E4, 0x20E4, 0x2104, 0x2924, 0x41E7, 0x8C51, 0xD679,
  0xF7BE, 0xFFFF, 0xFFFF, 0xFFFF, 0xFFFF, 0xFFFF, 0xFFFF, 0xFFFF, 0xFFFF, 0xFFFF, 0xFFFF, 0xFFFF,
  0xFFFF, 0xFFFF, 0xFFFF, 0xFFFF, 0xFFFF, 0xFFFF, 0xFFFF, 0xFFFF, 0xFFFF, 0xFFFF, 0xFFFF, 0xFFFF,
  0xFFFF, 0xFFFF, 0xFFFF, 0xFFFF, 0xFFFF, 0xFFFF, 0xFFFF, 0xFFFF, 0xFFFF, 0xFFFF, 0xFFFF, 0xFFFF,
  0xFFFF, 0xFFFF, 0xFFFF, 0xCE59, 0x41E7, 0x20E4, 0x20E4, 0x20E4, 0x20E4, 0x20E4, 0x20E4, 0x20E4,
  0x20E4, 0x20E4, 0x20E4, 0x20E4, 0x2945, 0x8C51, 0xF79E, 0xFFFF, 0xFFFF, 0xFFFF, 0xFFFF, 0xFFFF,
  0xFFFF, 0xFFFF, 0xFFFF, 0xFFFF, 0xFFFF, 0xFFFF, 0xFFFF, 0xFFFF, 0xFFFF, 0xFFFF, 0xFFFF, 0xFFFF,
  0xFFFF, 0xFFFF, 0xFFFF, 0xFFFF, 0xFFFF, 0xFFFF, 0xD69A, 0x630C, 0x2925, 0x20E4, 0x20E4, 0x20E4,
  0x20E4, 0x20E4, 0x20E4, 0x20E4, 0x20E4, 0x20E4, 0x20E4, 0x20E4, 0x20E4, 0x20E4, 0x20E4, 0x20E4,
  0x20E4, 0x20E4, 0x20E4, 0x20E4, 0x20E4, 0x20E4, 0x20E4, 0x20E4, 0x20E4, 0x20E4, 0x20E4, 0x20E4,
  0x20E4, 0x20E4, 0x20E4, 0x20E4, 0x20E4, 0x20E4, 0x20E4, 0x20E4, 0x20E4, 0x20E4, 0x20E4, 0x20E4,
  0x20E4, 0x20E4, 0x20E4, 0x20E4, 0x20E4, 0x20E4, 0x20E4, 0x20E4, 0x20E4, 0x20E4, 0x20E4, 0x20E4,
  0x20E4, 0x20E4, 0x20E4, 0x20E4, 0x20E4, 0x20E4, 0x20E4, 0x20E4, 0x20E4, 0x20E4, 0x20E4, 0x20E4,
  0x20E4, 0x20E4, 0x20E4, 0x20E4, 0x20E4, 0x20E4, 0x20E4, 0x20E4, 0x20E4, 0x20E4, 0x20E4, 0x20E4,
  0x20E4, 0x20E4, 0x20E4, 0x20E4, 0x20E4, 0x20E4, 0x20E4, 0x20E4, 0x20E4, 0x20E4, 0x20E4, 0x20E4,
  0x20E4, 0x20E4, 0x20E4, 0x20E4, 0x20E4, 0x20E4, 0x20E4, 0x20E4, 0x20E4, 0x20E4, 0x20E4, 0x20E4,
  0x20E4, 0x20E4, 0x20E4, 0x20E4, 0x20E4, 0x20E4, 0x20E4, 0x20E4, 0x20E4, 0x20E4, 0x20E4, 0x20E4,
  0x20E4, 0x20E4, 0x2104, 0x2924, 0x2945, 0x2945, 0x2945, 0x2904, 0x20E4, 0x20E4, 0x20E4, 0x20E4,
  0x20E4, 0x20E4, 0x20E4, 0x20E4, 0x20E4, 0x20E4, 0x20E4, 0x20E4, 0x20E4, 0x20E4, 0x20E4, 0x20E4,
  0x20E4, 0x20E4, 0x20E4, 0x20E4, 0x20E4, 0x20E4, 0x20E4, 0x20E4, 0x20E4, 0x20E4, 0x20E4, 0x20E4,
  0x20E4, 0x20E4, 0x20E4, 0x20E4, 0x20E4, 0x20E4, 0x20E4, 0x20E4, 0x20E4, 0x20E4, 0x2104, 0x4A49,
  0xA514, 0xE73C, 0xFFFF, 0xFFFF, 0xFFFF, 0xFFFF, 0xFFFF, 0xFFFF, 0xFFFF, 0xFFFF, 0xFFFF, 0xFFFF,
  0xFFFF, 0xFFFF, 0xFFFF, 0xFFFF, 0xFFFF, 0xFFFF, 0xFFFF, 0xFFFF, 0xFFFF, 0xFFFF, 0xFFFF, 0xFFFF,
  0xFFFF, 0xFFFF, 0xFFFF, 0xFFFF, 0xFFFF, 0xFFFF, 0xFFFF, 0xFFFF, 0xFFFF, 0xFFFF, 0xFFFF, 0xFFFF,
  0xFFFF, 0xFFFF, 0xF7BE, 0x7BCF, 0x2945, 0x20E4, 0x20E4, 0x20E4, 0x20E4, 0x20E4, 0x20E4, 0x20E4,
  0x20E4, 0x20E4, 0x20E4, 0x2104, 0x5ACB, 0xD6BA, 0xFFFF, 0xFFFF, 0xFFFF, 0xFFFF, 0xFFFF, 0xFFFF,
  0xFFFF, 0xFFFF, 0xFFFF, 0xFFFF, 0xFFFF, 0xFFFF, 0xFFFF, 0xFFFF, 0xFFFF, 0xFFFF, 0xFFFF, 0xFFFF,
  0xFFFF, 0xFFFF, 0xFFFF, 0xFFFF, 0xFFFF, 0xFFFF, 0xFFFF, 0xD69A, 0x6B6D, 0x2945, 0x20E4, 0x20E4,
  0x20E4, 0x20E4, 0x20E4, 0x20E4, 0x20E4, 0x20E4, 0x20E4, 0x20E4, 0x20E4, 0x20E4, 0x20E4, 0x20E4,
  0x20E4, 0x20E4, 0x20E4, 0x20E4, 0x20E4, 0x20E4, 0x20E4, 0x20E4, 0x20E4, 0x20E4, 0x20E4, 0x20E4,
  0x20E4, 0x20E4, 0x20E4, 0x20E4, 0x20E4, 0x20E4, 0x20E4, 0x20E4, 0x20E4, 0x20E4, 0x20E4, 0x20E4,
  0x20E4, 0x20E4, 0x20E4, 0x20E4, 0x20E4, 0x20E4, 0x20E4, 0x20E4, 0x20E4, 0x20E4, 0x20E4, 0x20E4,
  0x20E4, 0x20E4, 0x20E4, 0x20E4, 0x20E4, 0x20E4, 0x20E4, 0x20E4, 0x20E4, 0x20E4, 0x20E4, 0x20E4,
  0x20E4, 0x20E4, 0x20E4, 0x20E4, 0x20E4, 0x20E4, 0x20E4, 0x20E4, 0x20E4, 0x20E4, 0x20E4, 0x20E4,
  0x20E4, 0x20E4, 0x20E4, 0x20E4, 0x20E4, 0x20E4, 0x20E4, 0x20E4, 0x20E4, 0x20E4, 0x20E4, 0x20E4,
  0x20E4, 0x20E4, 0x20E4, 0x20E4, 0x20E4, 0x20E4, 0x20E4, 0x20E4, 0x20E4, 0x20E4, 0x20E4, 0x20E4,
  0x20E4, 0x20E4, 0x20E4, 0x20E4, 0x20E4, 0x20E4, 0x20E4, 0x20E4, 0x20E4, 0x20E4, 0x20E4, 0x20E4,
  0x20E4, 0x20E4, 0x20E4, 0x20E4, 0x20E4, 0x20E4, 0x20E4, 0x20E4, 0x20E4, 0x20E4, 0x20E4, 0x20E4,
  0x20E4, 0x20E4, 0x20E4, 0x20E4, 0x20E4, 0x20E4, 0x20E4, 0x20E4, 0x20E4, 0x20E4, 0x20E4, 0x20E4,
  0x20E4, 0x20E4, 0x20E4, 0x20E4, 0x20E4, 0x20E4, 0x20E4, 0x20E4, 0x20E4, 0x20E4, 0x20E4, 0x20E4,
  0x20E4, 0x20E4, 0x20E4, 0x20E4, 0x20E4, 0x20E4, 0x20E4, 0x20E4, 0x20E4, 0x20E4, 0x20E4, 0x20E4,
  0x2945, 0x73AE, 0xCE59, 0xFFDF, 0xFFFF, 0xFFFF, 0xFFFF, 0xFFFF, 0xFFFF, 0xFFFF, 0xFFFF, 0xFFFF,
  0xFFFF, 0xFFFF, 0xFFFF, 0xFFFF, 0xFFFF, 0xFFFF, 0xFFFF, 0xFFFF, 0xFFFF, 0xFFFF, 0xFFFF, 0xFFFF,
  0xFFFF, 0xFFFF, 0xFFFF, 0xFFFF, 0xFFFF, 0xFFFF, 0xFFFF, 0xFFFF, 0xFFFF, 0xFFFF, 0xFFFF, 0xFFFF,
  0xFFFF, 0xFFFF, 0xCE39, 0x4208, 0x20E4, 0x20E4, 0x20E4, 0x20E4, 0x20E4, 0x20E4, 0x20E4, 0x20E4,
  0x20E4, 0x20E4, 0x20E4, 0x39A6, 0xA514, 0xFFDF, 0xFFFF, 0xFFFF, 0xFFFF, 0xFFFF, 0xFFFF, 0xFFFF,
  0xFFFF, 0xFFFF, 0xFFFF, 0xFFFF, 0xFFFF, 0xFFFF, 0xFFFF, 0xFFFF, 0xFFFF, 0xFFFF, 0xFFFF, 0xFFFF,
  0xFFFF, 0xFFFF, 0xFFFF, 0xFFFF, 0xFFFF, 0xFFFF, 0xFFFF, 0xFFFF, 0xDEDB, 0x7BCF, 0x3165, 0x20E4,
  0x20E4, 0x20E4, 0x20E4, 0x20E4, 0x20E4, 0x20E4, 0x20E4, 0x20E4, 0x20E4, 0x20E4, 0x20E4, 0x20E4,
  0x20E4, 0x20E4, 0x20E4, 0x20E4, 0x20E4, 0x20E4, 0x20E4, 0x20E4, 0x20E4, 0x20E4, 0x20E4, 0x20E4,
  0x20E4, 0x20E4, 0x20E4, 0x20E4, 0x20E4, 0x20E4, 0x20E4, 0x20E4, 0x20E4, 0x20E4, 0x20E4, 0x20E4,
  0x20E4, 0x20E4, 0x20E4, 0x20E4, 0x20E4, 0x20E4, 0x20E4, 0x20E4, 0x20E4, 0x20E4, 0x20E4, 0x20E4,
  0x20E4, 0x20E4, 0x20E4, 0x20E4, 0x20E4, 0x20E4, 0x20E4, 0x20E4, 0x20E4, 0x20E4, 0x20E4, 0x20E4,
  0x20E4, 0x20E4, 0x20E4, 0x20E4, 0x20E4, 0x20E4, 0x20E4, 0x20E4, 0x20E4, 0x20E4, 0x20E4, 0x20E4,
  0x20E4, 0x20E4, 0x20E4, 0x20E4, 0x20E4, 0x20E4, 0x20E4, 0x20E4, 0x20E4, 0x20E4, 0x20E4, 0x20E4,
  0x20E4, 0x20E4, 0x20E4, 0x20E4, 0x20E4, 0x20E4, 0x20E4, 0x20E4, 0x20E4, 0x20E4, 0x20E4, 0x20E4,
  0x20E4, 0x20E4, 0x20E4, 0x20E4, 0x20E4, 0x20E4, 0x20E4, 0x20E4, 0x20E4, 0x20E4, 0x20E4, 0x20E4,
  0x20E4, 0x20E4, 0x20E4, 0x20E4, 0x20E4, 0x20E4, 0x20E4, 0x20E4, 0x20E4, 0x20E4, 0x20E4, 0x20E4,
  0x20E4, 0x20E4, 0x20E4, 0x20E4, 0x20E4, 0x20E4, 0x20E4, 0x20E4, 0x20E4, 0x20E4, 0x20E4, 0x20E4,
  0x20E4, 0x20E4, 0x20E4, 0x20E4, 0x20E4, 0x20E4, 0x20E4, 0x20E4, 0x20E4, 0x20E4, 0x20E4, 0x20E4,
  0x20E4, 0x20E4, 0x20E4, 0x20E4, 0x20E4, 0x20E4, 0x20E4, 0x20E4, 0x20E4, 0x20E4, 0x20E4, 0x20E4,
  0x20E4, 0x2104, 0x5AAA, 0xB5B6, 0xFFDF, 0xFFFF, 0xFFFF, 0xFFFF, 0xFFFF, 0xFFFF, 0xFFFF, 0xFFFF,
  0xFFFF, 0xFFFF, 0xFFFF, 0xFFFF, 0xFFFF, 0xFFFF, 0xFFFF, 0xFFFF, 0xFFFF, 0xFFFF, 0xFFFF, 0xFFFF,
  0xFFFF, 0xFFFF, 0xFFFF, 0xFFFF, 0xFFFF, 0xFFFF, 0xFFFF, 0xFFFF, 0xFFFF, 0xFFFF, 0xFFFF, 0xFFFF,
  0xFFFF, 0xFFDF, 0x7BAE, 0x2945, 0x20E4, 0x20E4, 0x20E4, 0x20E4, 0x20E4, 0x20E4, 0x20E4, 0x20E4,
  0x20E4, 0x20E4, 0x2924, 0x632C, 0xEF5D, 0xFFFF, 0xFFFF, 0xFFFF, 0xFFFF, 0xFFFF, 0xFFFF, 0xFFFF,
  0xFFFF, 0xFFFF, 0xFFFF, 0xFFFF, 0xFFFF, 0xFFFF, 0xFFFF, 0xFFFF, 0xFFFF, 0xFFFF, 0xFFFF, 0xFFFF,
  0xFFFF, 0xFFFF, 0xFFFF, 0xFFFF, 0xFFFF, 0xFFFF, 0xFFFF, 0xFFFF, 0xFFFF, 0xE71C, 0x8C71, 0x3186,
  0x20E4, 0x20E4, 0x20E4, 0x20E4, 0x20E4, 0x20E4, 0x20E4, 0x20E4, 0x20E4, 0x20E4, 0x20E4, 0x20E4,
  0x20E4, 0x20E4, 0x20E4, 0x20E4, 0x20E4, 0x20E4, 0x20E4, 0x20E4, 0x20E4, 0x20E4, 0x20E4, 0x20E4,
  0x20E4, 0x20E4, 0x20E4, 0x20E4, 0x20E4, 0x20E4, 0x20E4, 0x20E4, 0x20E4, 0x20E4, 0x20E4, 0x20E4,
  0x20E4, 0x20E4, 0x20E4, 0x20E4, 0x20E4, 0x20E4, 0x20E4, 0x20E4, 0x20E4, 0x20E4, 0x20E4, 0x20E4,
  0x20E4, 0x20E4, 0x20E4, 0x20E4, 0x20E4, 0x20E4, 0x20E4, 0x20E4, 0x20E4, 0x20E4, 0x20E4, 0x20E4,
  0x20E4, 0x20E4, 0x20E4, 0x20E4, 0x20E4, 0x20E4, 0x20E4, 0x20E4, 0x20E4, 0x20E4, 0x20E4, 0x20E4,
  0x20E4, 0x20E4, 0x20E4, 0x20E4, 0x20E4, 0x20E4, 0x20E4, 0x20E4, 0x20E4, 0x20E4, 0x20E4, 0x20E4,
  0x20E4, 0x20E4, 0x20E4, 0x20E4, 0x20E4, 0x20E4, 0x20E4, 0x20E4, 0x20E4, 0x20E4, 0x20E4, 0x20E4,
  0x20E4, 0x20E4, 0x20E4, 0x20E4, 0x20E4, 0x20E4, 0x20E4, 0x20E4, 0x20E4, 0x20E4, 0x20E4, 0x20E4,
  0x20E4, 0x20E4, 0x20E4, 0x20E4, 0x20E4, 0x20E4, 0x20E4, 0x20E4, 0x20E4, 0x20E4, 0x20E4, 0x20E4,
  0x20E4, 0x20E4, 0x20E4, 0x20E4, 0x20E4, 0x20E4, 0x20E4, 0x20E4, 0x20E4, 0x20E4, 0x20E4, 0x20E4,
  0x20E4, 0x20E4, 0x20E4, 0x20E4, 0x20E4, 0x20E4, 0x20E4, 0x20E4, 0x20E4, 0x20E4, 0x20E4, 0x20E4,
  0x20E4, 0x20E4, 0x20E4, 0x20E4, 0x20E4, 0x20E4, 0x20E4, 0x20E4, 0x20E4, 0x20E4, 0x20E4, 0x20E4,
  0x20E4, 0x20E4, 0x2104, 0x4A49, 0xAD55, 0xFFFF, 0xFFFF, 0xFFFF, 0xFFFF, 0xFFFF, 0xFFFF, 0xFFFF,
  0xFFFF, 0xFFFF, 0xFFFF, 0xFFFF, 0xFFFF, 0xFFFF, 0xFFFF, 0xFFFF, 0xFFFF, 0xFFFF, 0xFFFF, 0xFFFF,
  0xFFFF, 0xFFFF, 0xFFFF, 0xFFFF, 0xFFFF, 0xFFFF, 0xFFFF, 0xFFFF, 0xFFFF, 0xFFFF, 0xFFFF, 0xFFFF,
  0xFFFF, 0xC638, 0x4208, 0x20E4, 0x20E4, 0x20E4, 0x20E4, 0x20E4, 0x20E4, 0x20E4, 0x20E4, 0x20E4,
  0x20E4, 0x20E4, 0x39C7, 0xBDB7, 0xFFFF, 0xFFFF, 0xFFFF, 0xFFFF, 0xFFFF, 0xFFFF, 0xFFFF, 0xFFFF,
  0xFFFF, 0xFFFF, 0xFFFF, 0xFFFF, 0xFFFF, 0xFFFF, 0xFFFF, 0xFFFF, 0xFFFF, 0xFFFF, 0xFFFF, 0xFFFF,
  0xFFFF, 0xFFFF, 0xFFFF, 0xFFFF, 0xFFFF, 0xFFFF, 0xFFFF, 0xFFFF, 0xFFFF, 0xFFFF, 0xEF5D, 0x9CF3,
  0x39A6, 0x2104, 0x20E4, 0x20E4, 0x20E4, 0x20E4, 0x20E4, 0x20E4, 0x20E4, 0x20E4, 0x20E4, 0x20E4,
  0x20E4, 0x20E4, 0x20E4, 0x20E4, 0x20E4, 0x20E4, 0x20E4, 0x20E4, 0x20E4, 0x20E4, 0x20E4, 0x20E4,
  0x20E4, 0x20E4, 0x20E4, 0x20E4, 0x20E4, 0x20E4, 0x20E4, 0x20E4, 0x20E4, 0x20E4, 0x20E4, 0x20E4,
  0x20E4, 0x20E4, 0x20E4, 0x20E4, 0x20E4, 0x20E4, 0x20E4, 0x20E4, 0x20E4, 0x20E4, 0x20E4, 0x20E4,
  0x20E4, 0x20E4, 0x20E4, 0x20E4, 0x20E4, 0x20E4, 0x20E4, 0x20E4, 0x20E4, 0x20E4, 0x20E4, 0x20E4,
  0x20E4, 0x20E4, 0x20E4, 0x20E4, 0x20E4, 0x20E4, 0x20E4, 0x20E4, 0x20E4, 0x20E4, 0x20E4, 0x20E4,
  0x20E4, 0x20E4, 0x20E4, 0x20E4, 0x20E4, 0x20E4, 0x20E4, 0x20E4, 0x20E4, 0x20E4, 0x20E4, 0x20E4,
  0x20E4, 0x20E4, 0x20E4, 0x20E4, 0x20E4, 0x20E4, 0x20E4, 0x20E4, 0x20E4, 0x20E4, 0x20E4, 0x20E4,
  0x20E4, 0x20E4, 0x20E4, 0x20E4, 0x20E4, 0x20E4, 0x20E4, 0x20E4, 0x20E4, 0x20E4, 0x20E4, 0x20E4,
  0x20E4, 0x20E4, 0x20E4, 0x20E4, 0x20E4, 0x20E4, 0x20E4, 0x20E4, 0x20E4, 0x20E4, 0x20E4, 0x20E4,
  0x20E4, 0x20E4, 0x20E4, 0x20E4, 0x20E4, 0x20E4, 0x20E4, 0x20E4, 0x20E4, 0x20E4, 0x20E4, 0x20E4,
  0x20E4, 0x20E4, 0x20E4, 0x20E4, 0x20E4, 0x20E4, 0x20E4, 0x20E4, 0x20E4, 0x20E4, 0x20E4, 0x20E4,
  0x20E4, 0x20E4, 0x20E4, 0x20E4, 0x20E4, 0x20E4, 0x20E4, 0x20E4, 0x20E4, 0x20E4, 0x20E4, 0x20E4,
  0x20E4, 0x20E4, 0x20E4, 0x2104, 0x4A28, 0xB596, 0xFFFF, 0xFFFF, 0xFFFF, 0xFFFF, 0xFFFF, 0xFFFF,
  0xFFFF, 0xFFFF, 0xFFFF, 0xFFFF, 0xFFFF, 0xFFFF, 0xFFFF, 0xFFFF, 0xFFFF, 0xFFFF, 0xFFFF, 0xFFFF,
  0xFFFF, 0xFFFF, 0xFFFF, 0xFFFF, 0xFFFF, 0xFFFF, 0xFFFF, 0xFFFF, 0xFFFF, 0xFFFF, 0xFFFF, 0xFFFF,
  0xF7BE, 0x7BCF, 0x2925, 0x20E4, 0x20E4, 0x20E4, 0x20E4, 0x20E4, 0x20E4, 0x20E4, 0x20E4, 0x20E4,
  0x20E4, 0x2925, 0x73AE, 0xF7BE, 0xFFFF, 0xFFFF, 0xFFFF, 0xFFFF, 0xFFFF, 0xFFFF, 0xFFFF, 0xFFFF,
  0xFFFF, 0xFFFF, 0xFFFF, 0xFFFF, 0xFFFF, 0xFFFF, 0xFFFF, 0xFFFF, 0xFFFF, 0xFFFF, 0xFFFF, 0xFFFF,
  0xFFFF, 0xFFFF, 0xFFFF, 0xFFFF, 0xFFFF, 0xFFFF, 0xFFFF, 0xFFFF, 0xFFFF, 0xFFFF, 0xFFFF, 0xEF7D,
  0xAD55, 0x4208, 0x2104, 0x20E4, 0x20E4, 0x20E4, 0x20E4, 0x20E4, 0x20E4, 0x20E4, 0x20E4, 0x20E4,
  0x20E4, 0x20E4, 0x20E4, 0x20E4, 0x20E4, 0x20E4, 0x20E4, 0x20E3, 0x20E4, 0x20E3, 0x20E4, 0x20E4,
  0x20E4, 0x20E4, 0x20E4, 0x20E4, 0x20E4, 0x20E4, 0x20E4, 0x20E4, 0x20E4, 0x20E4, 0x20E4, 0x20E4,
  0x20E4, 0x20E4, 0x20E4, 0x20E4, 0x20E4, 0x20E4, 0x20E4, 0x20E4, 0x20E4, 0x20E4, 0x20E4, 0x20E4,
  0x20E4, 0x20E4, 0x20E4, 0x20E4, 0x20E4, 0x20E4, 0x20E4, 0x20E4, 0x20E4, 0x20E4, 0x20E4, 0x20E4,
  0x20E4, 0x20E4, 0x20E4, 0x20E4, 0x20E4, 0x20E4, 0x20E4, 0x20E4, 0x20E4, 0x20E4, 0x20E4, 0x20E4,
  0x20E4, 0x20E4, 0x20E4, 0x20E4, 0x20E4, 0x20E4, 0x20E4, 0x20E4, 0x20E4, 0x20E4, 0x20E4, 0x20E4,
  0x20E4, 0x20E4, 0x20E4, 0x20E4, 0x20E4, 0x20E4, 0x20E4, 0x20E4, 0x20E4, 0x20E4, 0x20E4, 0x20E4,
  0x20E4, 0x20E4, 0x20E4, 0x20E4, 0x20E4, 0x20E4, 0x20E4, 0x20E4, 0x20E4, 0x20E4, 0x20E4, 0x20E4,
  0x20E4, 0x20E4, 0x20E4, 0x20E4, 0x20E4, 0x20E4, 0x20E4, 0x20E4, 0x20E4, 0x20E4, 0x20E4, 0x20E4,
  0x20E4, 0x20E4, 0x20E4, 0x20E4, 0x20E4, 0x20E4, 0x20E4, 0x20E4, 0x20E4, 0x20E4, 0x20E4, 0x20E4,
  0x20E4, 0x20E4, 0x20E4, 0x20E4, 0x20E4, 0x20E4, 0x20E4, 0x20E4, 0x20E4, 0x20E4, 0x20E4, 0x20E4,
  0x20E4, 0x20E4, 0x20E4, 0x20E4, 0x20E4, 0x20E4, 0x20E4, 0x20E4, 0x20E4, 0x20E4, 0x20E4, 0x20E4,
  0x20E4, 0x20E4, 0x20E4, 0x20E4, 0x2104, 0x5269, 0xC618, 0xFFFF, 0xFFFF, 0xFFFF, 0xFFFF, 0xFFFF,
  0xFFFF, 0xFFFF, 0xFFFF, 0xFFFF, 0xFFFF, 0xFFFF, 0xFFFF, 0xFFFF, 0xFFFF, 0xFFFF, 0xFFFF, 0xFFFF,
  0xFFFF, 0xFFFF, 0xFFFF, 0xFFFF, 0xFFFF, 0xFFFF, 0xFFFF, 0xFFFF, 0xFFFF, 0xFFFF, 0xFFFF, 0xFFFF,
  0xCE59, 0x4A49, 0x20E4, 0x20E4, 0x20E4, 0x20E4, 0x20E4, 0x20E4, 0x20E4, 0x20E4, 0x20E4, 0x20E4,
  0x2104, 0x4208, 0xCE59, 0xFFFF, 0xFFFF, 0xFFFF, 0xFFFF, 0xFFFF, 0xFFFF, 0xFFFF, 0xFFFF, 0xFFFF,
  0xFFFF, 0xFFFF, 0xFFFF, 0xFFFF, 0xFFFF, 0xFFFF, 0xFFFF, 0xFFFF, 0xFFFF, 0xFFFF, 0xFFFF, 0xFFFF,
  0xFFFF, 0xFFFF, 0xFFFF, 0xFFFF, 0xFFFF, 0xFFFF, 0xFFFF, 0xFFFF, 0xFFFF, 0xFFFF, 0xFFFF, 0xFFFF,
  0xF79E, 0xBDF7, 0x528A, 0x2924, 0x20E4, 0x20E4, 0x20E4, 0x20E4, 0x20E4, 0x20E4, 0x20E4, 0x20E4,
  0x20E4, 0x20E4, 0x20E4, 0x20E4, 0x20E4, 0x20E4, 0x20E4, 0x20E4, 0x20E4, 0x20E4, 0x20E4, 0x20E4,
  0x20E4, 0x20E4, 0x20E4, 0x20E4, 0x20E4, 0x20E4, 0x20E4, 0x20E4, 0x20E4, 0x20E4, 0x20E4, 0x20E4,
  0x20E4, 0x20E4, 0x20E4, 0x20E4, 0x20E4, 0x20E4, 0x20E4, 0x20E4, 0x20E4, 0x20E4, 0x20E4, 0x20E4,
  0x20E4, 0x20E4, 0x20E4, 0x20E4, 0x20E4, 0x20E4, 0x20E4, 0x20E4, 0x20E4, 0x20E4, 0x20E4, 0x20E4,
  0x20E4, 0x20E4, 0x20E4, 0x20E4, 0x20E4, 0x20E4, 0x20E4, 0x20E4, 0x20E4, 0x20E4, 0x20E4, 0x20E4,
  0x20E4, 0x20E4, 0x20E4, 0x20E4, 0x20E4, 0x20E4, 0x20E4, 0x20E4, 0x20E4, 0x20E4, 0x20E4, 0x20E4,
  0x20E4, 0x20E4, 0x20E4, 0x20E4, 0x20E4, 0x20E4, 0x20E4, 0x20E4, 0x20E4, 0x20E4, 0x20E4, 0x20E4,
  0x20E4, 0x20E4, 0x20E4, 0x20E4, 0x20E4, 0x20E4, 0x20E4, 0x20E4, 0x20E4, 0x20E4, 0x20E4, 0x20E4,
  0x20E4, 0x20E4, 0x20E4, 0x20E4, 0x20E4, 0x20E4, 0x20E4, 0x20E4, 0x20E4, 0x20E4, 0x20E4, 0x20E4,
  0x20E4, 0x20E4, 0x20E4, 0x20E4, 0x20E4, 0x20E4, 0x20E4, 0x20E4, 0x20E4, 0x20E4, 0x20E4, 0x20E4,
  0x20E4, 0x20E4, 0x20E4, 0x20E4, 0x20E4, 0x20E4, 0x20E4, 0x20E4, 0x20E4, 0x20E4, 0x20E4, 0x20E4,
  0x20E4, 0x20E4, 0x20E4, 0x20E4, 0x20E4, 0x20E4, 0x20E4, 0x20E4, 0x20E4, 0x20E4, 0x20E4, 0x20E4,
  0x20E4, 0x20E4, 0x20E4, 0x20E4, 0x20E4, 0x2924, 0x632C, 0xDEDB, 0xFFFF, 0xFFFF, 0xFFFF, 0xFFFF,
  0xFFFF, 0xFFFF, 0xFFFF, 0xFFFF, 0xFFFF, 0xFFFF, 0xFFFF, 0xFFFF, 0xFFFF, 0xFFFF, 0xFFFF, 0xFFFF,
  0xFFFF, 0xFFFF, 0xFFFF, 0xFFFF, 0xFFFF, 0xFFFF, 0xFFFF, 0xFFFF, 0xFFFF, 0xFFFF, 0xFFFF, 0xFFDF,
  0x9471, 0x2945, 0x20E4, 0x20E4, 0x20E4, 0x20E4, 0x20E4, 0x20E4, 0x20E4, 0x20E4, 0x20E4, 0x20E4,
  0x2925, 0x7BEF, 0xF79E, 0xFFFF, 0xFFFF, 0xFFFF, 0xFFFF, 0xFFFF, 0xFFFF, 0xFFFF, 0xFFFF, 0xFFFF,
  0xFFFF, 0xFFFF, 0xFFFF, 0xFFFF, 0xFFFF, 0xFFFF, 0xFFFF, 0xFFFF, 0xFFFF, 0xFFFF, 0xFFFF, 0xFFFF,
  0xFFFF, 0xFFFF, 0xFFFF, 0xFFFF, 0xFFFF, 0xFFFF, 0xFFFF, 0xFFFF, 0xFFFF, 0xFFFF, 0xFFFF, 0xFFFF,
  0xFFFF, 0xFFDF, 0xD67A, 0x6B4D, 0x2945, 0x20E4, 0x20E4, 0x20E4, 0x20E4, 0x20E4, 0x20E4, 0x20E4,
  0x20E4, 0x20E4, 0x20E4, 0x20E4, 0x20E4, 0x20E4, 0x20E4, 0x20E4, 0x20E4, 0x20E4, 0x20E4, 0x20E4,
  0x20E4, 0x20E4, 0x20E4, 0x20E4, 0x20E4, 0x20E4, 0x20E4, 0x20E4, 0x20E4, 0x20E4, 0x20E4, 0x20E4,
  0x20E4, 0x20E4, 0x20E4, 0x20E4, 0x20E4, 0x20E4, 0x20E4, 0x20E4, 0x20E4, 0x20E4, 0x20E4, 0x20E4,
  0x20E4, 0x20E4, 0x20E4, 0x20E4, 0x20E4, 0x20E4, 0x20E4, 0x20E4, 0x20E4, 0x20E4, 0x20E4, 0x20E4,
  0x20E4, 0x20E4, 0x20E4, 0x20E4, 0x20E4, 0x20E4, 0x20E4, 0x20E4, 0x20E4, 0x20E4, 0x20E4, 0x20E4,
  0x20E4, 0x20E4, 0x20E4, 0x20E4, 0x20E4, 0x20E4, 0x20E4, 0x20E4, 0x20E4, 0x20E4, 0x20E4, 0x20E4,
  0x20E4, 0x20E4, 0x20E4, 0x20E4, 0x20E4, 0x20E4, 0x20E4, 0x20E4, 0x20E4, 0x20E4, 0x20E4, 0x20E4,
  0x20E4, 0x20E4, 0x20E4, 0x20E4, 0x20E4, 0x20E4, 0x20E4, 0x20E4, 0x20E4, 0x20E4, 0x20E4, 0x20E4,
  0x20E4, 0x20E4, 0x20E4, 0x20E4, 0x20E4, 0x20E4, 0x20E4, 0x20E4, 0x20E4, 0x20E4, 0x20E4, 0x20E4,
  0x20E4, 0x20E4, 0x20E4, 0x20E4, 0x20E4, 0x20E4, 0x20E4, 0x20E4, 0x20E4, 0x20E4, 0x20E4, 0x20E4,
  0x20E4, 0x20E4, 0x20E4, 0x20E4, 0x20E4, 0x20E4, 0x20E4, 0x20E4, 0x20E4, 0x20E4, 0x20E4, 0x20E4,
  0x20E4, 0x20E4, 0x20E4, 0x20E4, 0x20E4, 0x20E4, 0x20E4, 0x20E4, 0x20E4, 0x20E4, 0x20E4, 0x20E4,
  0x20E4, 0x20E4, 0x20E4, 0x20E4, 0x20E4, 0x20E4, 0x2945, 0x8C51, 0xF79E, 0xFFFF, 0xFFFF, 0xFFFF,
  0xFFFF, 0xFFFF, 0xFFFF, 0xFFFF, 0xFFFF, 0xFFFF, 0xFFFF, 0xFFFF, 0xFFFF, 0xFFFF, 0xFFFF, 0xFFFF,
  0xFFFF, 0xFFFF, 0xFFFF, 0xFFFF, 0xFFFF, 0xFFFF, 0xFFFF, 0xFFFF, 0xFFFF, 0xFFFF, 0xFFFF, 0xDEDB,
  0x5AEB, 0x20E4, 0x20E4, 0x20E4, 0x20E4, 0x20E4, 0x20E4, 0x20E4, 0x20E4, 0x20E4, 0x20E4, 0x20E4,
  0x41E7, 0xCE59, 0xFFFF, 0xFFFF, 0xFFFF, 0xFFFF, 0xFFFF, 0xFFFF, 0xFFFF, 0xFFFF, 0xFFFF, 0xFFFF,
  0xFFFF, 0xFFFF, 0xFFFF, 0xFFFF, 0xFFFF, 0xFFFF, 0xFFFF, 0xFFFF, 0xFFFF, 0xFFFF, 0xFFFF, 0xFFFF,
  0xFFFF, 0xFFFF, 0xFFFF, 0xFFFF, 0xFFFF, 0xFFFF, 0xFFFF, 0xFFFF, 0xFFFF, 0xFFFF, 0xFFFF, 0xFFFF,
  0xFFFF, 0xFFFF, 0xFFFF, 0xDEFB, 0x83EF, 0x3186, 0x2104, 0x20E4, 0x20E4, 0x20E4, 0x20E4, 0x20E4,
  0x20E4, 0x20E4, 0x20E4, 0x20E4, 0x20E4, 0x20E4, 0x20E4, 0x20E4, 0x20E4, 0x20E4, 0x20E4, 0x20E4,
  0x20E4, 0x20E4, 0x20E4, 0x20E4, 0x20E4, 0x20E4, 0x20E4, 0x20E4, 0x20E4, 0x20E4, 0x20E4, 0x20E4,
  0x20E4, 0x20E4, 0x20E4, 0x20E4, 0x20E4, 0x20E4, 0x20E4, 0x20E4, 0x20E4, 0x20E4, 0x20E4, 0x20E4,
  0x20E4, 0x20E4, 0x20E4, 0x20E4, 0x20E4, 0x20E4, 0x20E4, 0x20E4, 0x20E4, 0x20E4, 0x20E4, 0x20E4,
  0x20E4, 0x20E4, 0x20E4, 0x20E4, 0x20E4, 0x20E4, 0x20E4, 0x20E4, 0x20E4, 0x20E4, 0x20E4, 0x20E4,
  0x20E4, 0x20E4, 0x20E4, 0x20E4, 0x20E4, 0x20E4, 0x20E4, 0x20E4, 0x20E4, 0x20E4, 0x20E4, 0x20E4,
  0x20E4, 0x20E4, 0x20E4, 0x20E4, 0x20E4, 0x20E4, 0x20E4, 0x20E4, 0x20E4, 0x20E4, 0x20E4, 0x20E4,
  0x20E4, 0x20E4, 0x20E4, 0x20E4, 0x20E4, 0x20E4, 0x20E4, 0x20E4, 0x20E4, 0x20E4, 0x20E4, 0x20E4,
  0x20E4, 0x20E4, 0x20E4, 0x20E4, 0x20E4, 0x20E4, 0x20E4, 0x20E4, 0x20E4, 0x20E4, 0x20E4, 0x20E4,
  0x20E4, 0x20E4, 0x20E4, 0x20E4, 0x20E4, 0x20E4, 0x20E4, 0x20E4, 0x20E4, 0x20E4, 0x20E4, 0x20E4,
  0x20E4, 0x20E4, 0x20E4, 0x20E4, 0x20E4, 0x20E4, 0x20E4, 0x20E4, 0x20E4, 0x20E4, 0x20E4, 0x20E4,
  0x20E4, 0x20E4, 0x20E4, 0x20E4, 0x20E4, 0x20E4, 0x20E4, 0x20E4, 0x20E4, 0x20E4, 0x20E4, 0x20E4,
  0x20E4, 0x20E4, 0x20E4, 0x20E4, 0x20E4, 0x20E4, 0x20E4, 0x4208, 0xBDD7, 0xFFDF, 0xFFFF, 0xFFFF,
  0xFFFF, 0xFFFF, 0xFFFF, 0xFFFF, 0xFFFF, 0xFFFF, 0xFFFF, 0xFFFF, 0xFFFF, 0xFFFF, 0xFFFF, 0xFFFF,
  0xFFFF, 0xFFFF, 0xFFFF, 0xFFFF, 0xFFFF, 0xFFFF, 0xFFFF, 0xFFFF, 0xFFFF, 0xFFFF, 0xFFDF, 0xAD55,
  0x3186, 0x20E4, 0x20E4, 0x20E4, 0x20E4, 0x20E4, 0x20E4, 0x20E4, 0x20E4, 0x20E4, 0x20E4, 0x2104,
  0x7BEF, 0xF79E, 0xFFFF, 0xFFFF, 0xFFFF, 0xFFFF, 0xFFFF, 0xFFFF, 0xFFFF, 0xFFFF, 0xFFFF, 0xFFFF,
  0xFFFF, 0xFFFF, 0xFFFF, 0xFFFF, 0xFFFF, 0xFFFF, 0xFFFF, 0xFFFF, 0xFFFF, 0xFFFF, 0xFFFF, 0xFFFF,
  0xFFFF, 0xFFFF, 0xFFFF, 0xFFFF, 0xFFFF, 0xFFFF, 0xFFFF, 0xFFFF, 0xFFFF, 0xFFFF, 0xFFFF, 0xFFFF,
  0xFFFF, 0xFFFF, 0xFFFF, 0xFFFF, 0xEF5D, 0x94B2, 0x41E7, 0x2104, 0x20E4, 0x20E4, 0x20E4, 0x20E4,
  0x20E4, 0x20E4, 0x20E4, 0x20E4, 0x20E4, 0x20E4, 0x20E4, 0x20E4, 0x20E4, 0x20E4, 0x20E4, 0x20E4,
  0x20E4, 0x20E4, 0x20E4, 0x20E4, 0x20E4, 0x20E4, 0x20E4, 0x20E4, 0x20E4, 0x20E4, 0x20E4, 0x20E4,
  0x20E4, 0x20E4, 0x20E4, 0x20E4, 0x20E4, 0x20E4, 0x20E4, 0x20E4, 0x20E4, 0x20E4, 0x20E4, 0x20E4,
  0x20E4, 0x20E4, 0x20E4, 0x20E4, 0x20E4, 0x20E4, 0x20E4, 0x20E4, 0x20E4, 0x20E4, 0x20E4, 0x20E4,
  0x20E4, 0x20E4, 0x20E4, 0x20E4, 0x20E4, 0x20E4, 0x20E4, 0x20E4, 0x20E4, 0x20E4, 0x20E4, 0x20E4,
  0x20E4, 0x20E4, 0x20E4, 0x20E4, 0x20E4, 0x20E4, 0x20E4, 0x20E4, 0x20E4, 0x20E4, 0x20E4, 0x20E4,
  0x20E4, 0x20E4, 0x20E4, 0x20E4, 0x20E4, 0x20E4, 0x20E4, 0x20E4, 0x20E4, 0x20E4, 0x20E4, 0x20E4,
  0x20E4, 0x20E4, 0x20E4, 0x20E4, 0x20E4, 0x20E4, 0x20E4, 0x20E4, 0x20E4, 0x20E4, 0x20E4, 0x20E4,
  0x20E4, 0x20E4, 0x20E4, 0x20E4, 0x20E4, 0x20E4, 0x20E4, 0x20E4, 0x20E4, 0x20E4, 0x20E4, 0x20E4,
  0x20E4, 0x20E4, 0x20E4, 0x20E4, 0x20E4, 0x20E4, 0x20E4, 0x20E4, 0x20E4, 0x20E4, 0x20E4, 0x20E4,
  0x20E4, 0x20E4, 0x20E4, 0x20E4, 0x20E4, 0x20E4, 0x20E4, 0x20E4, 0x20E4, 0x20E4, 0x20E4, 0x20E4,
  0x20E4, 0x20E4, 0x20E4, 0x20E4, 0x20E4, 0x20E4, 0x20E4, 0x20E4, 0x20E4, 0x20E4, 0x20E4, 0x20E4,
  0x20E4, 0x20E4, 0x20E4, 0x20E4, 0x20E4, 0x20E4, 0x20E4, 0x20E4, 0x738E, 0xE73C, 0xFFFF, 0xFFFF,
  0xFFFF, 0xFFFF, 0xFFFF, 0xFFFF, 0xFFFF, 0xFFFF, 0xFFFF, 0xFFFF, 0xFFFF, 0xFFFF, 0xFFFF, 0xFFFF,
  0xFFFF, 0xFFFF, 0xFFFF, 0xFFFF, 0xFFFF, 0xFFFF, 0xFFFF, 0xFFFF, 0xFFFF, 0xFFFF, 0xE73C, 0x738E,
  0x20E4, 0x20E4, 0x20E4, 0x20E4, 0x20E4, 0x20E4, 0x20E4, 0x20E4, 0x20E4, 0x20E4, 0x20E4, 0x39C7,
  0xCE38, 0xFFDF, 0xFFFF, 0xFFFF, 0xFFFF, 0xFFFF, 0xFFFF, 0xFFFF, 0xFFFF, 0xFFFF, 0xFFFF, 0xFFFF,
  0xFFFF, 0xFFFF, 0xFFFF, 0xFFFF, 0xFFFF, 0xFFFF, 0xFFFF, 0xFFFF, 0xFFFF, 0xFFFF, 0xFFFF, 0xFFFF,
  0xFFFF, 0xFFFF, 0xFFFF, 0xFFFF, 0xFFFF, 0xFFFF, 0xFFFF, 0xFFFF, 0xFFFF, 0xFFFF, 0xFFFF, 0xFFFF,
  0xFFFF, 0xFFFF, 0xFFFF, 0xFFFF, 0xFFFF, 0xF7BE, 0xB575, 0x5AAA, 0x2924, 0x20E4, 0x20E4, 0x20E4,
  0x20E4, 0x20E4, 0x20E4, 0x20E4, 0x20E4, 0x20E4, 0x20E4, 0x20E4, 0x20E4, 0x20E4, 0x20E4, 0x20E4,
  0x20E4, 0x20E4, 0x20E4, 0x20E4, 0x20E4, 0x20E4, 0x20E4, 0x20E4, 0x20E4, 0x20E4, 0x20E4, 0x20E4,
  0x20E4, 0x20E4, 0x20E4, 0x20E4, 0x20E4, 0x20E4, 0x20E4, 0x20E4, 0x20E4, 0x20E4, 0x20E4, 0x20E4,
  0x20E4, 0x20E4, 0x20E4, 0x20E4, 0x20E4, 0x20E4, 0x20E4, 0x20E4, 0x20E4, 0x20E4, 0x20E4, 0x20E4,
  0x20E4, 0x20E4, 0x20E4, 0x20E4, 0x20E4, 0x20E4, 0x20E4, 0x20E4, 0x20E4, 0x20E4, 0x20E4, 0x20E4,
  0x20E4, 0x20E4, 0x20E4, 0x20E4, 0x20E4, 0x20E4, 0x20E4, 0x20E4, 0x20E4, 0x20E4, 0x20E4, 0x20E4,
  0x20E4, 0x20E4, 0x20E4, 0x20E4, 0x20E4, 0x20E4, 0x20E4, 0x20E4, 0x20E4, 0x20E4, 0x20E4, 0x20E4,
  0x20E4, 0x20E4, 0x20E4, 0x20E4, 0x20E4, 0x20E4, 0x20E4, 0x20E4, 0x20E4, 0x20E4, 0x20E4, 0x20E4,
  0x20E4, 0x20E4, 0x20E4, 0x20E4, 0x20E4, 0x20E4, 0x20E4, 0x20E4, 0x20E4, 0x20E4, 0x20E4, 0x20E4,
  0x20E4, 0x20E4, 0x20E4, 0x20E4, 0x20E4, 0x20E4, 0x20E4, 0x20E4, 0x20E4, 0x20E4, 0x20E4, 0x20E4,
  0x20E4, 0x20E4, 0x20E4, 0x20E4, 0x20E4, 0x20E4, 0x20E4, 0x20E4, 0x20E4, 0x20E4, 0x20E4, 0x20E4,
  0x20E4, 0x20E4, 0x20E4, 0x20E4, 0x20E4, 0x20E4, 0x20E4, 0x20E4, 0x20E4, 0x20E4, 0x20E4, 0x20E4,
  0x20E4, 0x20E4, 0x20E4, 0x20E4, 0x20E4, 0x20E4, 0x20E4, 0x20E4, 0x3186, 0xBDB6, 0xFFDF, 0xFFFF,
  0xFFFF, 0xFFFF, 0xFFFF, 0xFFFF, 0xFFFF, 0xFFFF, 0xFFFF, 0xFFFF, 0xFFFF, 0xFFFF, 0xFFFF, 0xFFFF,
  0xFFFF, 0xFFFF, 0xFFFF, 0xFFFF, 0xFFFF, 0xFFFF, 0xFFFF, 0xFFFF, 0xFFFF, 0xFFFF, 0xC638, 0x41E7,
  0x20E4, 0x20E4, 0x20E4, 0x20E4, 0x20E4, 0x20E4, 0x20E4, 0x20E4, 0x20E4, 0x20E4, 0x20E4, 0x7BCF,
  0xEF5D, 0xFFFF, 0xFFFF, 0xFFFF, 0xFFFF, 0xFFFF, 0xFFFF, 0xFFFF, 0xFFFF, 0xFFFF, 0xFFFF, 0xFFFF,
  0xFFFF, 0xFFFF, 0xFFFF, 0xFFFF, 0xFFFF, 0xFFFF, 0xFFFF, 0xFFFF, 0xFFFF, 0xFFFF, 0xFFFF, 0xFFFF,
  0xFFFF, 0xFFFF, 0xFFFF, 0xFFFF, 0xFFFF, 0xFFFF, 0xFFFF, 0xFFFF, 0xFFFF, 0xFFFF, 0xFFFF, 0xFFFF,
  0xFFFF, 0xFFFF, 0xFFFF, 0xFFFF, 0xFFFF, 0xFFFF, 0xFFFF, 0xCE59, 0x73AE, 0x3165, 0x20E4, 0x20E4,
  0x20E4, 0x20E4, 0x20E4, 0x20E4, 0x20E4, 0x20E4, 0x20E4, 0x20E4, 0x20E4, 0x20E4, 0x20E4, 0x20E4,
  0x20E4, 0x20E4, 0x20E4, 0x20E4, 0x20E4, 0x20E4, 0x20E4, 0x20E4, 0x20E4, 0x20E4, 0x20E4, 0x20E4,
  0x20E4, 0x20E4, 0x20E4, 0x20E4, 0x20E4, 0x20E4, 0x20E4, 0x20E4, 0x20E4, 0x20E4, 0x20E4, 0x20E4,
  0x20E4, 0x20E4, 0x20E4, 0x20E4, 0x20E4, 0x20E4, 0x20E4, 0x20E4, 0x20E4, 0x20E4, 0x20E4, 0x20E4,
  0x20E4, 0x20E4, 0x20E4, 0x20E4, 0x20E4, 0x20E4, 0x20E4, 0x20E4, 0x20E4, 0x20E4, 0x20E4, 0x20E4,
  0x20E4, 0x20E4, 0x20E4, 0x20E4, 0x20E4, 0x20E4, 0x20E4, 0x20E4, 0x20E4, 0x20E4, 0x20E4, 0x20E4,
  0x20E4, 0x20E4, 0x20E4, 0x20E4, 0x20E4, 0x20E4, 0x20E4, 0x20E4, 0x20E4, 0x20E4, 0x20E4, 0x20E4,
  0x20E4, 0x20E4, 0x20E4, 0x20E4, 0x20E4, 0x20E4, 0x20E4, 0x20E4, 0x20E4, 0x20E4, 0x20E4, 0x20E4,
  0x20E4, 0x20E4, 0x20E4, 0x20E4, 0x20E4, 0x20E4, 0x20E4, 0x20E4, 0x20E4, 0x20E4, 0x20E4, 0x20E4,
  0x20E4, 0x20E4, 0x20E4, 0x20E4, 0x20E4, 0x20E4, 0x20E4, 0x20E4, 0x20E4, 0x20E4, 0x20E4, 0x20E4,
  0x20E4, 0x20E4, 0x20E4, 0x20E4, 0x20E4, 0x20E4, 0x20E4, 0x20E4, 0x20E4, 0x20E4, 0x20E4, 0x20E4,
  0x20E4, 0x20E4, 0x20E4, 0x20E4, 0x20E4, 0x20E4, 0x20E4, 0x20E4, 0x20E4, 0x20E4, 0x20E4, 0x20E4,
  0x20E4, 0x20E4, 0x20E4, 0x20E4, 0x20E4, 0x20E4, 0x20E4, 0x20E4, 0x20E4, 0x738E, 0xE73C, 0xFFFF,
  0xFFFF, 0xFFFF, 0xFFFF, 0xFFFF, 0xFFFF, 0xFFFF, 0xFFFF, 0xFFFF, 0xFFFF, 0xFFFF, 0xFFFF, 0xFFFF,
  0xFFFF, 0xFFFF, 0xFFFF, 0xFFFF, 0xFFFF, 0xFFFF, 0xFFFF, 0xFFFF, 0xFFFF, 0xF79E, 0x9CB2, 0x2104,
  0x20E4, 0x20E4, 0x20E4, 0x20E4, 0x20E4, 0x20E4, 0x20E4, 0x20E4, 0x20E4, 0x20E4, 0x2965, 0xBDF7,
  0xFFDF, 0xFFFF, 0xFFFF, 0xFFFF, 0xFFFF, 0xFFFF, 0xFFFF, 0xFFFF, 0xFFFF, 0xFFFF, 0xFFFF, 0xFFFF,
  0xFFFF, 0xFFFF, 0xFFFF, 0xFFFF, 0xFFFF, 0xFFFF, 0xFFFF, 0xFFFF, 0xFFFF, 0xFFFF, 0xFFFF, 0xFFFF,
  0xFFFF, 0xFFFF, 0xFFFF, 0xFFFF, 0xFFFF, 0xFFFF, 0xFFFF, 0xFFFF, 0xFFFF, 0xFFFF, 0xFFFF, 0xFFFF,
  0xFFFF, 0xFFFF, 0xFFFF, 0xFFFF, 0xFFFF, 0xFFFF, 0xFFFF, 0xFFFF, 0xE71C, 0x94B2, 0x39C7, 0x20E4,
  0x20E4, 0x20E4, 0x20E4, 0x20E4, 0x20E4, 0x20E4, 0x20E4, 0x20E4, 0x20E4, 0x20E4, 0x20E4, 0x20E4,
  0x20E4, 0x20E4, 0x20E4, 0x20E4, 0x20E4, 0x20E4, 0x20E4, 0x20E4, 0x20E4, 0x20E4, 0x20E4, 0x20E4,
  0x20E4, 0x20E4, 0x20E4, 0x20E4, 0x20E4, 0x20E4, 0x20E4, 0x20E4, 0x20E4, 0x20E4, 0x20E4, 0x20E4,
  0x20E4, 0x20E4, 0x20E4, 0x20E4, 0x20E4, 0x20E4, 0x20E4, 0x20E4, 0x20E4, 0x20E4, 0x20E4, 0x20E4,
  0x20E4, 0x20E4, 0x20E4, 0x20E4, 0x20E4, 0x20E4, 0x20E4, 0x20E4, 0x20E4, 0x20E4, 0x20E4, 0x20E4,
  0x20E4, 0x20E4, 0x20E4, 0x20E4, 0x20E4, 0x20E4, 0x20E4, 0x20E4, 0x20E4, 0x20E4, 0x20E4, 0x20E4,
  0x20E4, 0x20E4, 0x20E4, 0x20E4, 0x20E4, 0x20E4, 0x20E4, 0x20E4, 0x20E4, 0x20E4, 0x20E4, 0x20E4,
  0x20E4, 0x20E4, 0x20E4, 0x20E4, 0x20E4, 0x20E4, 0x20E4, 0x20E4, 0x20E4, 0x20E4, 0x20E4, 0x20E4,
  0x20E4, 0x20E4, 0x20E4, 0x20E4, 0x20E4, 0x20E4, 0x20E4, 0x20E4, 0x20E4, 0x20E4, 0x20E4, 0x20E4,
  0x20E4, 0x20E4, 0x20E4, 0x20E4, 0x20E4, 0x20E4, 0x20E4, 0x20E4, 0x20E4, 0x20E4, 0x20E4, 0x20E4,
  0x20E4, 0x20E4, 0x20E4, 0x20E4, 0x20E4, 0x20E4, 0x20E4, 0x20E4, 0x20E4, 0x20E4, 0x20E4, 0x20E4,
  0x20E4, 0x20E4, 0x20E4, 0x20E4, 0x20E4, 0x20E4, 0x20E4, 0x20E4, 0x20E4, 0x20E4, 0x20E4, 0x20E4,
  0x20E4, 0x20E4, 0x20E4, 0x20E4, 0x20E4, 0x20E4, 0x20E4, 0x20E4, 0x20E4, 0x3186, 0xC638, 0xFFFF,
  0xFFFF, 0xFFFF, 0xFFFF, 0xFFFF, 0xFFFF, 0xFFFF, 0xFFFF, 0xFFFF, 0xFFFF, 0xFFFF, 0xFFFF, 0xFFFF,
  0xFFFF, 0xFFFF, 0xFFFF, 0xFFFF, 0xFFFF, 0xFFFF, 0xFFFF, 0xFFFF, 0xFFFF, 0xDEFB, 0x62EB, 0x20E4,
  0x20E4, 0x20E4, 0x20E4, 0x20E4, 0x20E4, 0x20E4, 0x20E4, 0x20E4, 0x20E4, 0x20E4, 0x632C, 0xE71C,
  0xFFFF, 0xFFFF, 0xFFFF, 0xFFFF, 0xFFFF, 0xFFFF, 0xFFFF, 0xFFFF, 0xFFFF, 0xFFFF, 0xFFFF, 0xFFFF,
  0xFFFF, 0xFFFF, 0xFFFF, 0xFFFF, 0xFFFF, 0xFFFF, 0xFFFF, 0xFFFF, 0xFFFF, 0xFFFF, 0xFFFF, 0xFFFF,
  0xFFFF, 0xFFFF, 0xFFFF, 0xFFFF, 0xFFFF, 0xFFFF, 0xFFFF, 0xFFFF, 0xFFFF, 0xFFFF, 0xFFFF, 0xFFFF,
  0xFFFF, 0xFFFF, 0xFFFF, 0xFFFF, 0xFFFF, 0xFFFF, 0xFFFF, 0xFFFF, 0xFFFF, 0xF79E, 0xB5B6, 0x528A,
  0x2104, 0x20E4, 0x20E4, 0x20E4, 0x20E4, 0x20E4, 0x20E4, 0x20E4, 0x20E4, 0x20E4, 0x20E4, 0x20E4,
  0x20E4, 0x20E4, 0x20E4, 0x20E4, 0x20E4, 0x20E4, 0x20E4, 0x20E4, 0x20E4, 0x20E4, 0x20E4, 0x20E4,
  0x20E4, 0x20E4, 0x20E4, 0x20E4, 0x20E4, 0x20E4, 0x20E4, 0x20E4, 0x20E4, 0x20E4, 0x20E4, 0x20E4,
  0x20E4, 0x20E4, 0x20E4, 0x20E4, 0x20E4, 0x20E4, 0x20E4, 0x20E4, 0x20E4, 0x20E4, 0x20E4, 0x20E4,
  0x20E4, 0x20E4, 0x20E4, 0x20E4, 0x20E4, 0x20E4, 0x20E4, 0x20E4, 0x20E4, 0x20E4, 0x20E4, 0x20E4,
  0x20E4, 0x20E4, 0x20E4, 0x20E4, 0x20E4, 0x20E4, 0x20E4, 0x20E4, 0x20E4, 0x20E4, 0x20E4, 0x20E4,
  0x20E4, 0x20E4, 0x20E4, 0x20E4, 0x20E4, 0x20E4, 0x20E4, 0x20E4, 0x20E4, 0x20E4, 0x20E4, 0x20E4,
  0x20E4, 0x20E4, 0x20E4, 0x20E4, 0x20E4, 0x20E4, 0x20E4, 0x20E4, 0x20E4, 0x20E4, 0x20E4, 0x20E4,
  0x20E4, 0x20E4, 0x20E4, 0x20E4, 0x20E4, 0x20E4, 0x20E4, 0x20E4, 0x20E4, 0x20E4, 0x20E4, 0x20E4,
  0x20E4, 0x20E4, 0x20E4, 0x20E4, 0x20E4, 0x20E4, 0x20E4, 0x20E4, 0x20E4, 0x20E4, 0x20E4, 0x20E4,
  0x20E4, 0x20E4, 0x20E4, 0x20E4, 0x20E4, 0x20E4, 0x20E4, 0x20E4, 0x20E4, 0x20E4, 0x20E4, 0x20E4,
  0x20E4, 0x20E4, 0x20E4, 0x20E4, 0x20E4, 0x20E4, 0x20E4, 0x20E4, 0x20E4, 0x20E4, 0x20E4, 0x20E4,
  0x20E4, 0x20E4, 0x20E4, 0x20E4, 0x20E4, 0x20E4, 0x20E4, 0x20E4, 0x20E4, 0x20E4, 0x9471, 0xF79E,
  0xFFFF, 0xFFFF, 0xFFFF, 0xFFFF, 0xFFFF, 0xFFFF, 0xFFFF, 0xFFFF, 0xFFFF, 0xFFFF, 0xFFFF, 0xFFFF,
  0xFFFF, 0xFFFF, 0xFFFF, 0xFFFF, 0xFFFF, 0xFFFF, 0xFFFF, 0xFFFF, 0xFFDF, 0xBDF7, 0x2945, 0x20E4,
  0x20E4, 0x20E4, 0x20E4, 0x20E4, 0x20E4, 0x20E4, 0x20E4, 0x20E4, 0x20E4, 0x2924, 0xAD55, 0xF7BE,
  0xFFFF, 0xFFFF, 0xFFFF, 0xFFFF, 0xFFFF, 0xFFFF, 0xFFFF, 0xFFFF, 0xFFFF, 0xFFFF, 0xFFFF, 0xFFFF,
  0xFFFF, 0xFFFF, 0xFFFF, 0xFFFF, 0xFFFF, 0xFFFF, 0xFFFF, 0xFFFF, 0xFFFF, 0xFFFF, 0xFFFF, 0xFFFF,
  0xFFFF, 0xFFFF, 0xFFFF, 0xFFFF, 0xFFFF, 0xFFFF, 0xFFFF, 0xFFFF, 0xFFFF, 0xFFFF, 0xFFFF, 0xFFFF,
  0xFFFF, 0xFFFF, 0xFFFF, 0xFFFF, 0xFFFF, 0xFFFF, 0xFFFF, 0xFFFF, 0xFFFF, 0xFFFF, 0xFFBE, 0xD69A,
  0x7BCF, 0x3166, 0x2104, 0x20E4, 0x20E4, 0x20E4, 0x20E4, 0x20E4, 0x20E4, 0x20E4, 0x20E4, 0x20E4,
  0x20E4, 0x20E4, 0x20E4, 0x20E4, 0x20E4, 0x20E4, 0x20E4, 0x20E4, 0x20E4, 0x20E4, 0x20E4, 0x20E4,
  0x20E4, 0x20E4, 0x20E4, 0x20E4, 0x20E4, 0x20E4, 0x20E4, 0x20E4, 0x20E4, 0x20E4, 0x20E4, 0x20E4,
  0x20E4, 0x20E4, 0x20E4, 0x20E4, 0x20E4, 0x20E4, 0x20E4, 0x20E4, 0x20E4, 0x20E4, 0x20E4, 0x20E4,
  0x20E4, 0x20E4, 0x20E4, 0x20E4, 0x20E4, 0x20E4, 0x20E4, 0x20E4, 0x20E4, 0x20E4, 0x20E4, 0x20E4,
  0x20E4, 0x20E4, 0x20E4, 0x20E4, 0x20E4, 0x20E4, 0x20E4, 0x20E4, 0x20E4, 0x20E4, 0x20E4, 0x20E4,
  0x20E4, 0x20E4, 0x20E4, 0x20E4, 0x20E4, 0x20E4, 0x20E4, 0x20E4, 0x20E4, 0x20E4, 0x20E4, 0x20E4,
  0x20E4, 0x20E4, 0x20E4, 0x20E4, 0x20E4, 0x20E4, 0x20E4, 0x20E4, 0x20E4, 0x20E4, 0x20E4, 0x20E4,
  0x20E4, 0x20E4, 0x20E4, 0x20E4, 0x20E4, 0x20E4, 0x20E4, 0x20E4, 0x20E4, 0x20E4, 0x20E4, 0x20E4,
  0x20E4, 0x20E4, 0x20E4, 0x20E4, 0x20E4, 0x20E4, 0x20E4, 0x20E4, 0x20E4, 0x20E4, 0x20E4, 0x20E4,
  0x20E4, 0x20E4, 0x20E4, 0x20E4, 0x20E4, 0x20E4, 0x20E4, 0x20E4, 0x20E4, 0x20E4, 0x20E4, 0x20E4,
  0x20E4, 0x20E4, 0x20E4, 0x20E4, 0x20E4, 0x20E4, 0x20E4, 0x20E4, 0x20E4, 0x20E4, 0x20E4, 0x20E4,
  0x20E4, 0x20E4, 0x20E4, 0x20E4, 0x20E4, 0x20E4, 0x20E4, 0x20E4, 0x20E4, 0x20E4, 0x5AAA, 0xE71C,
  0xFFFF, 0xFFFF, 0xFFFF, 0xFFFF, 0xFFFF, 0xFFFF, 0xFFFF, 0xFFFF, 0xFFFF, 0xFFFF, 0xFFFF, 0xFFFF,
  0xFFFF, 0xFFFF, 0xFFFF, 0xFFFF, 0xFFFF, 0xFFFF, 0xFFFF, 0xFFFF, 0xEF7D, 0x8430, 0x20E4, 0x20E4,
  0x20E4, 0x20E4, 0x20E4, 0x20E4, 0x20E4, 0x20E4, 0x20E4, 0x20E4, 0x20E4, 0x528A, 0xD6BA, 0xFFFF,
  0xFFFF, 0xFFFF, 0xFFFF, 0xFFFF, 0xFFFF, 0xFFFF, 0xFFFF, 0xFFFF, 0xFFFF, 0xFFFF, 0xFFFF, 0xFFFF,
  0xFFFF, 0xFFFF, 0xFFFF, 0xFFFF, 0xFFFF, 0xFFFF, 0xFFFF, 0xFFFF, 0xFFFF, 0xFFFF, 0xFFFF, 0xFFFF,
  0xFFFF, 0xFFFF, 0xFFFF, 0xFFFF, 0xFFFF, 0xFFFF, 0xFFFF, 0xFFFF, 0xFFFF, 0xFFFF, 0xFFFF, 0xFFFF,
  0xFFFF, 0xFFFF, 0xFFFF, 0xFFFF, 0xFFFF, 0xFFFF, 0xFFFF, 0xFFFF, 0xFFFF, 0xFFFF, 0xFFFF, 0xFFFF,
  0xE73C, 0xA514, 0x4A29, 0x2924, 0x20E4, 0x20E4, 0x20E4, 0x20E4, 0x20E4, 0x20E4, 0x20E4, 0x20E4,
  0x20E4, 0x20E4, 0x20E4, 0x20E4, 0x20E4, 0x20E4, 0x20E4, 0x20E4, 0x20E4, 0x20E4, 0x20E4, 0x20E4,
  0x20E4, 0x20E4, 0x20E4, 0x20E4, 0x20E4, 0x20E4, 0x20E4, 0x20E4, 0x20E4, 0x20E4, 0x20E4, 0x20E4,
  0x20E4, 0x20E4, 0x20E4, 0x20E4, 0x20E4, 0x20E4, 0x20E4, 0x20E4, 0x20E4, 0x20E4, 0x20E4, 0x20E4,
  0x20E4, 0x20E4, 0x20E4, 0x20E4, 0x20E4, 0x20E4, 0x20E4, 0x20E4, 0x20E4, 0x20E4, 0x20E4, 0x20E4,
  0x20E4, 0x20E4, 0x20E4, 0x20E4, 0x20E4, 0x20E4, 0x20E4, 0x20E4, 0x20E4, 0x20E4, 0x20E4, 0x20E4,
  0x20E4, 0x20E4, 0x20E4, 0x20E4, 0x20E4, 0x20E4, 0x20E4, 0x20E4, 0x20E4, 0x20E4, 0x20E4, 0x20E4,
  0x20E4, 0x20E4, 0x20E4, 0x20E4, 0x20E4, 0x20E4, 0x20E4, 0x20E4, 0x20E4, 0x20E4, 0x20E4, 0x20E4,
  0x20E4, 0x20E4, 0x20E4, 0x20E4, 0x20E4, 0x20E4, 0x20E4, 0x20E4, 0x20E4, 0x20E4, 0x20E4, 0x20E4,
  0x20E4, 0x20E4, 0x20E4, 0x20E4, 0x20E4, 0x20E4, 0x20E4, 0x20E4, 0x20E4, 0x20E4, 0x20E4, 0x20E4,
  0x20E4, 0x20E4, 0x20E4, 0x20E4, 0x20E4, 0x20E4, 0x20E4, 0x20E4, 0x20E4, 0x20E4, 0x20E4, 0x20E4,
  0x20E4, 0x20E4, 0x20E4, 0x20E4, 0x20E4, 0x20E4, 0x20E4, 0x20E4, 0x20E4, 0x20E4, 0x20E4, 0x20E4,
  0x20E4, 0x20E4, 0x20E4, 0x20E4, 0x20E4, 0x20E4, 0x20E4, 0x20E4, 0x20E4, 0x20E4, 0x3166, 0xCE59,
  0xFFFF, 0xFFFF, 0xFFFF, 0xFFFF, 0xFFFF, 0xFFFF, 0xFFFF, 0xFFFF, 0xFFFF, 0xFFFF, 0xFFFF, 0xFFFF,
  0xFFFF, 0xFFFF, 0xFFFF, 0xFFFF, 0xFFFF, 0xFFFF, 0xFFFF, 0xFFFF, 0xDEDB, 0x4A49, 0x20E4, 0x20E4,
  0x20E4, 0x20E4, 0x20E4, 0x20E4, 0x20E4, 0x20E4, 0x20E4, 0x20E4, 0x2104, 0x8C51, 0xF79E, 0xFFFF,
  0xFFFF, 0xFFFF, 0xFFFF, 0xFFFF, 0xFFFF, 0xFFFF, 0xFFFF, 0xFFFF, 0xFFFF, 0xFFFF, 0xFFFF, 0xFFFF,
  0xFFFF, 0xFFFF, 0xFFFF, 0xFFFF, 0xFFFF, 0xFFFF, 0xFFFF, 0xFFFF, 0xFFFF, 0xFFFF, 0xFFFF, 0xFFFF,
  0xFFFF, 0xFFFF, 0xFFFF, 0xFFFF, 0xFFFF, 0xFFFF, 0xFFFF, 0xFFFF, 0xFFFF, 0xFFFF, 0xFFFF, 0xFFFF,
  0xFFFF, 0xFFFF, 0xFFFF, 0xFFFF, 0xFFFF, 0xFFFF, 0xFFFF, 0xFFFF, 0xFFFF, 0xFFFF, 0xFFFF, 0xFFFF,
  0xFFFF, 0xF7BE, 0xC638, 0x6B2C, 0x3166, 0x2104, 0x20E4, 0x20E4, 0x20E4, 0x20E4, 0x20E4, 0x20E4,
  0x20E4, 0x20E4, 0x20E4, 0x20E4, 0x20E4, 0x20E4, 0x20E4, 0x20E4, 0x20E4, 0x20E4, 0x20E4, 0x20E4,
  0x20E4, 0x20E4, 0x20E4, 0x20E4, 0x20E4, 0x20E4, 0x20E4, 0x20E4, 0x20E4, 0x20E4, 0x20E4, 0x20E4,
  0x20E4, 0x20E4, 0x20E4, 0x20E4, 0x20E4, 0x20E4, 0x20E4, 0x20E4, 0x20E4, 0x20E4, 0x20E4, 0x20E4,
  0x20E4, 0x20E4, 0x20E4, 0x20E4, 0x20E4, 0x20E4, 0x20E4, 0x20E4, 0x20E4, 0x20E4, 0x20E4, 0x20E4,
  0x20E4, 0x20E4, 0x20E4, 0x20E4, 0x20E4, 0x20E4, 0x20E4, 0x20E4, 0x20E4, 0x20E4, 0x20E4, 0x20E4,
  0x20E4, 0x20E4, 0x20E4, 0x20E4, 0x20E4, 0x20E4, 0x20E4, 0x20E4, 0x20E4, 0x20E4, 0x20E4, 0x20E4,
  0x20E4, 0x20E4, 0x20E4, 0x20E4, 0x20E4, 0x20E4, 0x20E4, 0x20E4, 0x20E4, 0x20E4, 0x20E4, 0x20E4,
  0x20E4, 0x20E4, 0x20E4, 0x20E4, 0x20E4, 0x20E4, 0x20E4, 0x20E4, 0x20E4, 0x20E4, 0x20E4, 0x20E4,
  0x20E4, 0x20E4, 0x20E4, 0x20E4, 0x20E4, 0x20E4, 0x20E4, 0x20E4, 0x20E4, 0x20E4, 0x20E4, 0x20E4,
  0x20E4, 0x20E4, 0x20E4, 0x20E4, 0x20E4, 0x20E4, 0x20E4, 0x20E4, 0x20E4, 0x20E4, 0x20E4, 0x20E4,
  0x20E4, 0x20E4, 0x20E4, 0x20E4, 0x20E4, 0x20E4, 0x20E4, 0x20E4, 0x20E4, 0x20E4, 0x20E4, 0x20E4,
  0x20E4, 0x20E4, 0x20E4, 0x20E4, 0x20E4, 0x20E4, 0x20E4, 0x20E4, 0x20E4, 0x20E4, 0x2925, 0xA4F3,
  0xFFFF, 0xFFFF, 0xFFFF, 0xFFFF, 0xFFFF, 0xFFFF, 0xFFFF, 0xFFFF, 0xFFFF, 0xFFFF, 0xFFFF, 0xFFFF,
  0xFFFF, 0xFFFF, 0xFFFF, 0xFFFF, 0xFFFF, 0xFFFF, 0xFFFF, 0xFFDF, 0xBDD7, 0x2924, 0x20E4, 0x20E4,
  0x20E4, 0x20E4, 0x20E4, 0x20E4, 0x20E4, 0x20E4, 0x20E4, 0x20E4, 0x39A7, 0xBDB6, 0xFFFF, 0xFFFF,
  0xFFFF, 0xFFFF, 0xFFFF, 0xFFFF, 0xFFFF, 0xFFFF, 0xFFFF, 0xFFFF, 0xFFFF, 0xFFFF, 0xFFFF, 0xFFFF,
  0xFFFF, 0xFFFF, 0xFFFF, 0xFFFF, 0xFFFF, 0xFFFF, 0xFFFF, 0xFFFF, 0xFFFF, 0xFFFF, 0xFFFF, 0xFFFF,
  0xFFFF, 0xFFFF, 0xFFFF, 0xFFFF, 0xFFFF, 0xFFFF, 0xFFFF, 0xFFFF, 0xFFFF, 0xFFFF, 0xFFFF, 0xFFFF,
  0xFFFF, 0xFFFF, 0xFFFF, 0xFFFF, 0xFFFF, 0xFFFF, 0xFFFF, 0xFFFF, 0xFFFF, 0xFFFF, 0xFFFF, 0xFFFF,
  0xFFFF, 0xFFFF, 0xFFFF, 0xEF5D, 0x8C71, 0x4208, 0x2924, 0x20E4, 0x20E4, 0x20E4, 0x20E4, 0x20E4,
  0x20E4, 0x20E4, 0x20E4, 0x20E4, 0x20E4, 0x20E4, 0x20E4, 0x20E4, 0x20E4, 0x20E4, 0x20E4, 0x20E4,
  0x20E4, 0x20E4, 0x20E4, 0x20E4, 0x20E4, 0x20E4, 0x20E4, 0x20E4, 0x20E4, 0x20E4, 0x20E4, 0x20E4,
  0x20E4, 0x20E4, 0x20E4, 0x20E4, 0x20E4, 0x20E4, 0x20E4, 0x20E4, 0x20E4, 0x20E4, 0x20E4, 0x20E4,
  0x20E4, 0x20E4, 0x20E4, 0x20E4, 0x20E4, 0x20E4, 0x20E4, 0x20E4, 0x20E4, 0x20E4, 0x20E4, 0x20E4,
  0x20E4, 0x20E4, 0x20E4, 0x20E4, 0x20E4, 0x20E4, 0x20E4, 0x20E4, 0x20E4, 0x20E4, 0x20E4, 0x20E4,
  0x20E4, 0x20E4, 0x20E4, 0x20E4, 0x20E4, 0x20E4, 0x20E4, 0x20E4, 0x20E4, 0x20E4, 0x20E4, 0x20E4,
  0x20E4, 0x20E4, 0x20E4, 0x20E4, 0x20E4, 0x20E4, 0x20E4, 0x20E4, 0x20E4, 0x20E4, 0x20E4, 0x20E4,
  0x20E4, 0x20E4, 0x20E4, 0x20E4, 0x20E4, 0x20E4, 0x20E4, 0x20E4, 0x20E4, 0x20E4, 0x20E4, 0x20E4,
  0x20E4, 0x20E4, 0x20E4, 0x20E4, 0x20E4, 0x20E4, 0x20E4, 0x20E4, 0x20E4, 0x20E4, 0x20E4, 0x20E4,
  0x20E4, 0x20E4, 0x20E4, 0x20E4, 0x20E4, 0x20E4, 0x20E4, 0x20E4, 0x20E4, 0x20E4, 0x20E4, 0x20E4,
  0x20E4, 0x20E4, 0x20E4, 0x20E4, 0x20E4, 0x20E4, 0x20E4, 0x20E4, 0x20E4, 0x20E4, 0x20E4, 0x20E4,
  0x20E4, 0x20E4, 0x20E4, 0x20E4, 0x20E4, 0x20E4, 0x20E4, 0x20E4, 0x20E4, 0x20E4, 0x2924, 0x73AE,
  0xFFFF, 0xFFFF, 0xFFFF, 0xFFFF, 0xFFFF, 0xFFFF, 0xFFFF, 0xFFFF, 0xFFFF, 0xFFFF, 0xFFFF, 0xFFFF,
  0xFFFF, 0xFFFF, 0xFFFF, 0xFFFF, 0xFFFF, 0xFFFF, 0xFFFF, 0xF77D, 0x8430, 0x2104, 0x20E4, 0x20E4,
  0x20E4, 0x20E4, 0x20E4, 0x20E4, 0x20E4, 0x20E4, 0x20E4, 0x20E4, 0x630C, 0xDEDB, 0xFFFF, 0xFFFF,
  0xFFFF, 0xFFFF, 0xFFFF, 0xFFFF, 0xFFFF, 0xFFFF, 0xFFFF, 0xFFFF, 0xFFFF, 0xFFFF, 0xFFFF, 0xFFFF,
  0xFFFF, 0xFFFF, 0xFFFF, 0xFFFF, 0xFFFF, 0xFFFF, 0xFFFF, 0xFFFF, 0xFFFF, 0xFFFF, 0xFFFF, 0xFFFF,
  0xFFFF, 0xFFFF, 0xFFFF, 0xFFFF, 0xFFFF, 0xFFFF, 0xFFFF, 0xFFFF, 0xFFFF, 0xFFFF, 0xFFFF, 0xFFFF,
  0xFFFF, 0xFFFF, 0xFFFF, 0xFFFF, 0xFFFF, 0xFFFF, 0xFFFF, 0xFFFF, 0xFFFF, 0xFFFF, 0xFFFF, 0xFFFF,
  0xFFFF, 0xFFFF, 0xFFFF, 0xFFFF, 0xFFDF, 0xBDD7, 0x630C, 0x3186, 0x20E4, 0x20E4, 0x20E4, 0x20E4,
  0x20E4, 0x20E4, 0x20E4, 0x20E4, 0x20E4, 0x20E4, 0x20E4, 0x20E4, 0x20E4, 0x20E4, 0x20E4, 0x20E4,
  0x20E4, 0x20E4, 0x20E4, 0x20E4, 0x20E4, 0x20E4, 0x20E4, 0x20E4, 0x20E4, 0x20E4, 0x20E4, 0x20E4,
  0x20E4, 0x20E4, 0x20E4, 0x20E4, 0x20E4, 0x20E4, 0x20E4, 0x20E4, 0x20E4, 0x20E4, 0x20E4, 0x20E4,
  0x20E4, 0x20E4, 0x20E4, 0x20E4, 0x20E4, 0x20E4, 0x20E4, 0x20E4, 0x20E4, 0x20E4, 0x20E4, 0x20E4,
  0x20E4, 0x20E4, 0x20E4, 0x20E4, 0x20E4, 0x20E4, 0x20E4, 0x20E4, 0x20E4, 0x20E4, 0x20E4, 0x20E4,
  0x20E4, 0x20E4, 0x20E4, 0x20E4, 0x20E4, 0x20E4, 0x20E4, 0x20E4, 0x20E4, 0x20E4, 0x20E4, 0x20E4,
  0x20E4, 0x20E4, 0x20E4, 0x20E4, 0x20E4, 0x20E4, 0x20E4, 0x20E4, 0x20E4, 0x20E4, 0x20E4, 0x20E4,
  0x20E4, 0x20E4, 0x20E4, 0x20E4, 0x20E4, 0x20E4, 0x20E4, 0x20E4, 0x20E4, 0x20E4, 0x20E4, 0x20E4,
  0x20E4, 0x20E4, 0x20E4, 0x20E4, 0x20E4, 0x20E4, 0x20E4, 0x20E4, 0x20E4, 0x20E4, 0x20E4, 0x20E4,
  0x20E4, 0x20E4, 0x20E4, 0x20E4, 0x20E4, 0x20E4, 0x20E4, 0x20E4, 0x20E4, 0x20E4, 0x20E4, 0x20E4,
  0x20E4, 0x20E4, 0x20E4, 0x20E4, 0x20E4, 0x20E4, 0x20E4, 0x20E4, 0x20E4, 0x20E4, 0x20E4, 0x20E4,
  0x20E4, 0x20E4, 0x20E4, 0x20E4, 0x20E4, 0x20E4, 0x20E4, 0x20E4, 0x20E4, 0x20E4, 0x2104, 0x5AAA,
  0xFFFF, 0xFFFF, 0xFFFF, 0xFFFF, 0xFFFF, 0xFFFF, 0xFFFF, 0xFFFF, 0xFFFF, 0xFFFF, 0xFFFF, 0xFFFF,
  0xFFFF, 0xFFFF, 0xFFFF, 0xFFFF, 0xFFFF, 0xFFFF, 0xFFFF, 0xE71C, 0x5269, 0x2104, 0x20E4, 0x20E4,
  0x20E4, 0x20E4, 0x20E4, 0x20E4, 0x20E4, 0x20E4, 0x20E4, 0x2925, 0x8C71, 0xFFDF, 0xFFFF, 0xFFFF,
  0xFFFF, 0xFFFF, 0xFFFF, 0xFFFF, 0xFFFF, 0xFFFF, 0xFFFF, 0xFFFF, 0xFFFF, 0xFFFF, 0xFFFF, 0xFFFF,
  0xFFFF, 0xFFFF, 0xFFFF, 0xFFFF, 0xFFFF, 0xFFFF, 0xFFFF, 0xFFFF, 0xFFFF, 0xFFFF, 0xFFFF, 0xFFFF,
  0xFFFF, 0xFFFF, 0xFFFF, 0xFFFF, 0xFFFF, 0xFFFF, 0xFFFF, 0xFFFF, 0xFFFF, 0xFFFF, 0xFFFF, 0xFFFF,
  0xFFFF, 0xFFFF, 0xFFFF, 0xFFFF, 0xFFFF, 0xFFFF, 0xFFFF, 0xFFFF, 0xFFFF, 0xFFFF, 0xFFFF, 0xFFFF,
  0xFFFF, 0xFFFF, 0xFFFF, 0xFFFF, 0xFFFF, 0xFFFF, 0xDEDB, 0x6B2C, 0x20E4, 0x20E4, 0x20E4, 0x20E4,
  0x20E4, 0x20E4, 0x20E4, 0x20E4, 0x20E4, 0x20E4, 0x20E4, 0x20E4, 0x20E4, 0x20E4, 0x20E4, 0x20E4,
  0x20E4, 0x20E4, 0x20E4, 0x20E4, 0x20E4, 0x20E4, 0x20E4, 0x20E4, 0x20E4, 0x20E4, 0x20E4, 0x20E4,
  0x20E4, 0x20E4, 0x20E4, 0x20E4, 0x20E4, 0x20E4, 0x20E4, 0x20E4, 0x20E4, 0x20E4, 0x20E4, 0x20E4,
  0x20E4, 0x20E4, 0x20E4, 0x20E4, 0x20E4, 0x20E4, 0x20E4, 0x20E4, 0x20E4, 0x20E4, 0x20E4, 0x20E4,
  0x20E4, 0x20E4, 0x20E4, 0x20E4, 0x20E4, 0x20E4, 0x20E4, 0x20E4, 0x20E4, 0x20E4, 0x20E4, 0x20E4,
  0x20E4, 0x20E4, 0x20E4, 0x20E4, 0x20E4, 0x20E4, 0x20E4, 0x20E4, 0x20E4, 0x20E4, 0x20E4, 0x20E4,
  0x20E4, 0x20E4, 0x20E4, 0x20E4, 0x20E4, 0x20E4, 0x20E4, 0x20E4, 0x20E4, 0x20E4, 0x20E4, 0x20E4,
  0x20E4, 0x20E4, 0x20E4, 0x20E4, 0x20E4, 0x20E4, 0x20E4, 0x20E4, 0x20E4, 0x20E4, 0x20E4, 0x20E4,
  0x20E4, 0x20E4, 0x20E4, 0x20E4, 0x20E4, 0x20E4, 0x20E4, 0x20E4, 0x20E4, 0x20E4, 0x20E4, 0x20E4,
  0x20E4, 0x20E4, 0x20E4, 0x20E4, 0x20E4, 0x20E4, 0x20E4, 0x20E4, 0x20E4, 0x20E4, 0x20E4, 0x20E4,
  0x20E4, 0x20E4, 0x20E4, 0x20E4, 0x20E4, 0x20E4, 0x20E4, 0x20E4, 0x20E4, 0x20E4, 0x20E4, 0x20E4,
  0x20E4, 0x20E4, 0x20E4, 0x20E4, 0x20E4, 0x20E4, 0x20E4, 0x20E4, 0x20E4, 0x20E4, 0x2104, 0x41E7,
  0xFFFF, 0xFFFF, 0xFFFF, 0xFFFF, 0xFFFF, 0xFFFF, 0xFFFF, 0xFFFF, 0xFFFF, 0xFFFF, 0xFFFF, 0xFFFF,
  0xFFFF, 0xFFFF, 0xFFFF, 0xFFFF, 0xFFFF, 0xFFFF, 0xFFDF, 0xC618, 0x3186, 0x20E4, 0x20E4, 0x20E4,
  0x20E4, 0x20E4, 0x20E4, 0x20E4, 0x20E4, 0x20E4, 0x20E4, 0x4208, 0xBDD7, 0xFFFF, 0xFFFF, 0xFFFF,
  0xFFFF, 0xFFFF, 0xFFFF, 0xFFFF, 0xFFFF, 0xFFFF, 0xFFFF, 0xFFFF, 0xFFFF, 0xFFFF, 0xFFFF, 0xFFFF,
  0xFFFF, 0xFFFF, 0xFFFF, 0xFFFF, 0xFFFF, 0xFFFF, 0xFFFF, 0xFFFF, 0xFFFF, 0xFFFF, 0xFFFF, 0xFFFF,
  0xFFFF, 0xFFFF, 0xFFFF, 0xFFFF, 0xFFFF, 0xFFFF, 0xFFFF, 0xFFFF, 0xFFFF, 0xFFFF, 0xFFFF, 0xFFFF,
  0xFFFF, 0xFFFF, 0xFFFF, 0xFFFF, 0xFFFF, 0xFFFF, 0xFFFF, 0xFFFF, 0xFFFF, 0xFFFF, 0xFFFF, 0xFFFF,
  0xFFFF, 0xFFFF, 0xFFFF, 0xFFFF, 0xFFFF, 0xDEDB, 0x9492, 0x4A49, 0x2104, 0x20E4, 0x20E4, 0x20E4,
  0x20E4, 0x20E4, 0x20E4, 0x20E4, 0x20E4, 0x20E4, 0x20E4, 0x20E4, 0x20E4, 0x20E4, 0x20E4, 0x20E4,
  0x20E4, 0x20E4, 0x20E4, 0x20E4, 0x20E4, 0x20E4, 0x20E4, 0x20E4, 0x20E4, 0x20E4, 0x20E4, 0x20E4,
  0x20E4, 0x20E4, 0x20E4, 0x20E4, 0x20E4, 0x20E4, 0x20E4, 0x20E4, 0x20E4, 0x20E4, 0x20E4, 0x20E4,
  0x20E4, 0x20E4, 0x20E4, 0x20E4, 0x20E4, 0x20E4, 0x20E4, 0x20E4, 0x20E4, 0x20E4, 0x20E4, 0x20E4,
  0x20E4, 0x20E4, 0x20E4, 0x20E4, 0x20E4, 0x20E4, 0x20E4, 0x20E4, 0x20E4, 0x20E4, 0x20E4, 0x20E4,
  0x20E4, 0x20E4, 0x20E4, 0x20E4, 0x20E4, 0x20E4, 0x20E4, 0x20E4, 0x20E4, 0x20E4, 0x20E4, 0x20E4,
  0x20E4, 0x20E4, 0x20E4, 0x20E4, 0x20E4, 0x20E4, 0x20E4, 0x20E4, 0x20E4, 0x20E4, 0x20E4, 0x20E4,
  0x20E4, 0x20E4, 0x20E4, 0x20E4, 0x20E4, 0x20E4, 0x20E4, 0x20E4, 0x20E4, 0x20E4, 0x20E4, 0x20E4,
  0x20E4, 0x20E4, 0x20E4, 0x20E4, 0x20E4, 0x20E4, 0x20E4, 0x20E4, 0x20E4, 0x20E4, 0x20E4, 0x20E4,
  0x20E4, 0x20E4, 0x20E4, 0x20E4, 0x20E4, 0x20E4, 0x20E4, 0x20E4, 0x20E4, 0x20E4, 0x20E4, 0x20E4,
  0x20E4, 0x20E4, 0x20E4, 0x20E4, 0x20E4, 0x20E4, 0x20E4, 0x20E4, 0x20E4, 0x20E4, 0x20E4, 0x20E4,
  0x20E4, 0x20E4, 0x20E4, 0x20E4, 0x20E4, 0x20E4, 0x20E4, 0x20E4, 0x20E4, 0x20E4, 0x20E4, 0x2965,
  0xFFFF, 0xFFFF, 0xFFFF, 0xFFFF, 0xFFFF, 0xFFFF, 0xFFFF, 0xFFFF, 0xFFFF, 0xFFFF, 0xFFFF, 0xFFFF,
  0xFFFF, 0xFFFF, 0xFFFF, 0xFFFF, 0xFFFF, 0xFFFF, 0xF7BE, 0x8C71, 0x2925, 0x20E4, 0x20E4, 0x20E4,
  0x20E4, 0x20E4, 0x20E4, 0x20E4, 0x20E4, 0x20E4, 0x20E4, 0x62EB, 0xE73C, 0xFFFF, 0xFFFF, 0xFFFF,
  0xFFFF, 0xFFFF, 0xFFFF, 0xFFFF, 0xFFFF, 0xFFFF, 0xFFFF, 0xFFFF, 0xFFFF, 0xFFFF, 0xFFFF, 0xFFFF,
  0xFFFF, 0xFFFF, 0xFFFF, 0xFFFF, 0xFFFF, 0xFFFF, 0xFFFF, 0xFFFF, 0xFFFF, 0xFFFF, 0xFFFF, 0xFFFF,
  0xFFFF, 0xFFFF, 0xFFFF, 0xFFFF, 0xFFFF, 0xFFFF, 0xFFFF, 0xFFFF, 0xFFFF, 0xFFFF, 0xFFFF, 0xFFFF,
  0xFFFF, 0xFFFF, 0xFFFF, 0xFFFF, 0xFFFF, 0xFFFF, 0xFFFF, 0xFFFF, 0xFFFF, 0xFFFF, 0xFFFF, 0xFFFF,
  0xFFFF, 0xFFFF, 0xFFFF, 0xFFDF, 0xB5B6, 0x630C, 0x3165, 0x20E4, 0x20E4, 0x20E4, 0x20E4, 0x20E4,
  0x20E4, 0x20E4, 0x20E4, 0x20E4, 0x20E4, 0x20E4, 0x20E4, 0x20E4, 0x20E4, 0x20E4, 0x20E4, 0x20E4,
  0x20E4, 0x20E4, 0x20E4, 0x20E4, 0x20E4, 0x20E4, 0x20E4, 0x20E4, 0x20E4, 0x20E4, 0x20E4, 0x20E3,
  0x20E3, 0x20E4, 0x20E4, 0x20E4, 0x20E4, 0x20E4, 0x20E4, 0x20E4, 0x20E4, 0x20E4, 0x20E4, 0x20E4,
  0x20E4, 0x20E4, 0x20E4, 0x20E4, 0x20E4, 0x20E4, 0x20E4, 0x20E4, 0x20E4, 0x20E4, 0x20E4, 0x20E4,
  0x20E4, 0x20E4, 0x20E4, 0x20E4, 0x20E4, 0x20E4, 0x20E4, 0x20E4, 0x20E4, 0x20E4, 0x20E4, 0x20E4,
  0x20E4, 0x20E4, 0x20E4, 0x20E4, 0x20E4, 0x20E4, 0x20E4, 0x20E4, 0x20E4, 0x20E4, 0x20E4, 0x20E4,
  0x20E4, 0x20E4, 0x20E4, 0x20E4, 0x20E4, 0x20E4, 0x20E4, 0x20E4, 0x20E4, 0x20E4, 0x20E4, 0x20E4,
  0x20E4, 0x20E4, 0x20E4, 0x20E4, 0x20E4, 0x20E4, 0x20E4, 0x20E4, 0x20E4, 0x20E4, 0x20E4, 0x20E4,
  0x20E4, 0x20E4, 0x20E4, 0x20E4, 0x20E4, 0x20E4, 0x20E4, 0x20E4, 0x20E4, 0x20E4, 0x20E4, 0x20E4,
  0x20E4, 0x20E4, 0x20E4, 0x20E4, 0x20E4, 0x20E4, 0x20E4, 0x20E4, 0x20E4, 0x20E4, 0x20E4, 0x20E4,
  0x20E4, 0x20E4, 0x20E4, 0x20E4, 0x20E4, 0x20E4, 0x20E4, 0x20E4, 0x20E4, 0x20E4, 0x20E4, 0x20E4,
  0x20E4, 0x20E4, 0x20E4, 0x20E4, 0x20E4, 0x20E4, 0x20E4, 0x20E4, 0x20E4, 0x20E4, 0x20E4, 0x2104,
  0xFFFF, 0xFFFF, 0xFFFF, 0xFFFF, 0xFFFF, 0xFFFF, 0xFFFF, 0xFFFF, 0xFFFF, 0xFFFF, 0xFFFF, 0xFFFF,
  0xFFFF, 0xFFFF, 0xFFFF, 0xFFFF, 0xFFFF, 0xFFFF, 0xEF7D, 0x5ACB, 0x2104, 0x20E4, 0x20E4, 0x20E4,
  0x20E4, 0x20E4, 0x20E4, 0x20E4, 0x20E4, 0x20E4, 0x2925, 0x8410, 0xFFDF, 0xFFFF, 0xFFFF, 0xFFFF,
  0xFFFF, 0xFFFF, 0xFFFF, 0xFFFF, 0xFFFF, 0xFFFF, 0xFFFF, 0xFFFF, 0xFFFF, 0xFFFF, 0xFFFF, 0xFFFF,
  0xFFFF, 0xFFFF, 0xFFFF, 0xFFFF, 0xFFFF, 0xFFFF, 0xFFFF, 0xFFFF, 0xFFFF, 0xFFFF, 0xFFFF, 0xFFFF,
  0xFFFF, 0xFFFF, 0xFFFF, 0xFFFF, 0xFFFF, 0xFFFF, 0xFFFF, 0xFFFF, 0xFFFF, 0xFFFF, 0xFFFF, 0xFFFF,
  0xFFFF, 0xFFFF, 0xFFFF, 0xFFFF, 0xFFFF, 0xFFFF, 0xFFFF, 0xFFFF, 0xFFFF, 0xFFFF, 0xFFFF, 0xFFFF,
  0xFFFF, 0xFFFF, 0xEF7D, 0x9492, 0x4208, 0x2104, 0x20E4, 0x20E4, 0x20E4, 0x20E4, 0x20E4, 0x20E3,
  0x20E3, 0x20E4, 0x20E4, 0x20E4, 0x20E4, 0x20E4, 0x20E4, 0x20E4, 0x20E4, 0x20E4, 0x20E4, 0x20E4,
  0x20E4, 0x20E4, 0x20E4, 0x20E4, 0x20E4, 0x20E4, 0x20E4, 0x20E4, 0x20E4, 0x20E4, 0x20E4, 0x20E4,
  0x20E4, 0x20E4, 0x20E4, 0x20E4, 0x20E4, 0x20E4, 0x20E4, 0x20E4, 0x20E4, 0x20E4, 0x20E4, 0x20E4,
  0x20E4, 0x20E4, 0x20E4, 0x20E4, 0x20E4, 0x20E4, 0x20E4, 0x20E4, 0x20E4, 0x20E4, 0x20E4, 0x20E4,
  0x20E4, 0x20E4, 0x20E4, 0x20E4, 0x20E4, 0x20E4, 0x20E4, 0x20E4, 0x20E4, 0x20E4, 0x20E4, 0x20E4,
  0x20E4, 0x20E4, 0x20E4, 0x20E4, 0x20E4, 0x20E4, 0x20E4, 0x20E4, 0x20E4, 0x20E4, 0x20E4, 0x20E4,
  0x20E4, 0x20E4, 0x20E4, 0x20E4, 0x20E4, 0x20E4, 0x20E4, 0x20E4, 0x20E4, 0x20E4, 0x20E4, 0x20E4,
  0x20E4, 0x20E4, 0x20E4, 0x20E4, 0x20E4, 0x20E4, 0x20E4, 0x20E4, 0x20E4, 0x20E4, 0x20E4, 0x20E4,
  0x20E4, 0x20E4, 0x20E4, 0x20E4, 0x20E4, 0x20E4, 0x20E4, 0x20E4, 0x20E4, 0x20E4, 0x20E4, 0x20E4,
  0x20E4, 0x20E4, 0x20E4, 0x20E4, 0x20E4, 0x20E4, 0x20E4, 0x20E4, 0x20E4, 0x20E4, 0x20E4, 0x20E4,
  0x20E4, 0x20E4, 0x20E4, 0x20E4, 0x20E4, 0x20E4, 0x20E4, 0x20E4, 0x20E4, 0x20E4, 0x20E4, 0x20E4,
  0x20E4, 0x20E4, 0x20E4, 0x20E4, 0x20E4, 0x20E4, 0x20E4, 0x20E4, 0x20E4, 0x20E4, 0x20E4, 0x2104,
  0xFFFF, 0xFFFF, 0xFFFF, 0xFFFF, 0xFFFF, 0xFFFF, 0xFFFF, 0xFFFF, 0xFFFF, 0xFFFF, 0xFFFF, 0xFFFF,
  0xFFFF, 0xFFFF, 0xFFFF, 0xFFFF, 0xFFFF, 0xFFFF, 0xDEDB, 0x41E7, 0x20E4, 0x20E4, 0x20E4, 0x20E4,
  0x20E4, 0x20E4, 0x20E4, 0x20E4, 0x20E4, 0x20E4, 0x39C7, 0xB596, 0xFFFF, 0xFFFF, 0xFFFF, 0xFFFF,
  0xFFFF, 0xFFFF, 0xFFFF, 0xFFFF, 0xFFFF, 0xFFFF, 0xFFFF, 0xFFFF, 0xFFFF, 0xFFFF, 0xFFFF, 0xFFFF,
  0xFFFF, 0xFFFF, 0xFFFF, 0xFFFF, 0xFFFF, 0xFFFF, 0xFFFF, 0xFFFF, 0xFFFF, 0xFFFF, 0xFFFF, 0xFFFF,
  0xFFFF, 0xFFFF, 0xFFFF, 0xFFFF, 0xFFFF, 0xFFFF, 0xFFFF, 0xFFFF, 0xFFFF, 0xFFFF, 0xFFFF, 0xFFFF,
  0xFFFF, 0xFFFF, 0xFFFF, 0xFFFF, 0xFFFF, 0xFFFF, 0xFFFF, 0xFFFF, 0xFFFF, 0xFFFF, 0xFFFF, 0xFFFF,
  0xFFDF, 0xD69A, 0x738E, 0x3186, 0x2104, 0x20E4, 0x20E4, 0x20E4, 0x20E4, 0x20E4, 0x20E4, 0x20E4,
  0x20E4, 0x20E4, 0x20E4, 0x20E3, 0x20E4, 0x20E4, 0x20E4, 0x20E4, 0x20E4, 0x20E4, 0x20E4, 0x20E4,
  0x20E4, 0x20E4, 0x20E4, 0x20E4, 0x20E4, 0x20E4, 0x20E4, 0x20E4, 0x20E4, 0x20E4, 0x20E4, 0x20E4,
  0x20E4, 0x20E4, 0x20E4, 0x20E4, 0x20E4, 0x20E4, 0x20E4, 0x20E4, 0x20E4, 0x20E4, 0x20E4, 0x20E4,
  0x20E4, 0x20E4, 0x20E4, 0x20E4, 0x20E4, 0x20E4, 0x20E4, 0x20E4, 0x20E4, 0x20E4, 0x20E4, 0x20E4,
  0x20E4, 0x20E4, 0x20E4, 0x20E4, 0x20E4, 0x20E4, 0x20E4, 0x20E4, 0x20E4, 0x20E4, 0x20E4, 0x20E4,
  0x20E4, 0x20E4, 0x20E4, 0x20E4, 0x20E4, 0x20E4, 0x20E4, 0x20E4, 0x20E4, 0x20E4, 0x20E4, 0x20E4,
  0x20E4, 0x20E4, 0x20E4, 0x20E4, 0x20E4, 0x20E4, 0x20E4, 0x20E4, 0x20E4, 0x20E4, 0x20E4, 0x20E4,
  0x20E4, 0x20E4, 0x20E4, 0x20E4, 0x20E4, 0x20E4, 0x20E4, 0x20E4, 0x20E4, 0x20E4, 0x20E4, 0x20E4,
  0x20E4, 0x20E4, 0x20E4, 0x20E4, 0x20E4, 0x20E4, 0x20E4, 0x20E4, 0x20E4, 0x20E4, 0x20E4, 0x20E4,
  0x20E4, 0x20E4, 0x20E4, 0x20E4, 0x20E4, 0x20E4, 0x20E4, 0x20E4, 0x20E4, 0x20E4, 0x20E4, 0x20E4,
  0x20E4, 0x20E4, 0x20E4, 0x20E4, 0x20E4, 0x20E4, 0x20E4, 0x20E4, 0x20E4, 0x20E4, 0x20E4, 0x20E4,
  0x20E4, 0x20E4, 0x20E4, 0x20E4, 0x20E4, 0x20E4, 0x20E4, 0x20E4, 0x20E4, 0x20E4, 0x20E4, 0x2965,
  0xFFFF, 0xFFFF, 0xFFFF, 0xFFFF, 0xFFFF, 0xFFFF, 0xFFFF, 0xFFFF, 0xFFFF, 0xFFFF, 0xFFFF, 0xFFFF,
  0xFFFF, 0xFFFF, 0xFFFF, 0xFFFF, 0xFFFF, 0xFFFF, 0xB575, 0x3186, 0x20E4, 0x20E4, 0x20E4, 0x20E4,
  0x20E4, 0x20E4, 0x20E4, 0x20E4, 0x20E4, 0x20E4, 0x526A, 0xE6FB, 0xFFFF, 0xFFFF, 0xFFFF, 0xFFFF,
  0xFFFF, 0xFFFF, 0xFFFF, 0xFFFF, 0xFFFF, 0xFFFF, 0xFFFF, 0xFFFF, 0xFFFF, 0xFFFF, 0xFFFF, 0xFFFF,
  0xFFFF, 0xFFFF, 0xFFFF, 0xFFFF, 0xFFFF, 0xFFFF, 0xFFFF, 0xFFFF, 0xFFFF, 0xFFFF, 0xFFFF, 0xFFFF,
  0xFFFF, 0xFFFF, 0xFFFF, 0xFFFF, 0xFFFF, 0xFFFF, 0xFFFF, 0xFFFF, 0xFFFF, 0xFFFF, 0xFFFF, 0xFFFF,
  0xFFFF, 0xFFFF, 0xFFFF, 0xFFFF, 0xFFFF, 0xFFFF, 0xFFFF, 0xFFFF, 0xFFFF, 0xFFFF, 0xFFFF, 0xFFDF,
  0xC618, 0x5ACB, 0x2925, 0x20E4, 0x20E4, 0x20E4, 0x20E4, 0x20E4, 0x20E4, 0x20E4, 0x20E4, 0x20E4,
  0x20E4, 0x20E4, 0x20E4, 0x20E4, 0x20E4, 0x20E4, 0x20E4, 0x20E4, 0x20E4, 0x20E4, 0x20E4, 0x20E4,
  0x20E4, 0x20E4, 0x20E4, 0x20E4, 0x20E4, 0x20E4, 0x20E4, 0x20E4, 0x20E4, 0x20E4, 0x20E4, 0x20E4,
  0x20E4, 0x20E4, 0x20E4, 0x20E4, 0x20E4, 0x20E4, 0x20E4, 0x20E4, 0x20E4, 0x20E4, 0x20E4, 0x20E4,
  0x20E4, 0x20E4, 0x20E4, 0x20E4, 0x20E4, 0x20E4, 0x20E4, 0x20E4, 0x20E4, 0x20E4, 0x20E4, 0x20E4,
  0x20E4, 0x20E4, 0x20E4, 0x20E4, 0x20E4, 0x20E4, 0x20E4, 0x20E4, 0x20E4, 0x20E4, 0x20E4, 0x20E4,
  0x20E4, 0x20E4, 0x20E4, 0x20E4, 0x20E4, 0x20E4, 0x20E4, 0x20E4, 0x20E4, 0x20E4, 0x20E4, 0x20E4,
  0x20E4, 0x20E4, 0x20E4, 0x20E4, 0x20E4, 0x20E4, 0x20E4, 0x20E4, 0x20E4, 0x20E4, 0x20E4, 0x20E4,
  0x20E4, 0x20E4, 0x20E4, 0x20E4, 0x20E4, 0x20E4, 0x20E4, 0x20E4, 0x20E4, 0x20E4, 0x20E4, 0x20E4,
  0x20E4, 0x20E4, 0x20E4, 0x20E4, 0x20E4, 0x20E4, 0x20E4, 0x20E4, 0x20E4, 0x20E4, 0x20E4, 0x20E4,
  0x20E4, 0x20E4, 0x20E4, 0x20E4, 0x20E4, 0x20E4, 0x20E4, 0x20E4, 0x20E4, 0x20E4, 0x20E4, 0x20E4,
  0x20E4, 0x20E4, 0x20E4, 0x20E4, 0x20E4, 0x20E4, 0x20E4, 0x20E4, 0x20E4, 0x20E4, 0x20E4, 0x20E4,
  0x20E4, 0x20E4, 0x20E4, 0x20E4, 0x20E4, 0x20E4, 0x20E4, 0x20E4, 0x20E4, 0x20E4, 0x2104, 0x39C7,
  0xFFFF, 0xFFFF, 0xFFFF, 0xFFFF, 0xFFFF, 0xFFFF, 0xFFFF, 0xFFFF, 0xFFFF, 0xFFFF, 0xFFFF, 0xFFFF,
  0xFFFF, 0xFFFF, 0xFFFF, 0xFFFF, 0xFFFF, 0xFFDF, 0x8410, 0x2945, 0x20E4, 0x20E4, 0x20E4, 0x20E4,
  0x20E4, 0x20E4, 0x20E4, 0x20E4, 0x20E4, 0x2924, 0x738E, 0xFFDF, 0xFFFF, 0xFFFF, 0xFFFF, 0xFFFF,
  0xFFFF, 0xFFFF, 0xFFFF, 0xFFFF, 0xFFFF, 0xFFFF, 0xFFFF, 0xFFFF, 0xFFFF, 0xFFFF, 0xFFFF, 0xFFFF,
  0xFFFF, 0xFFFF, 0xFFFF, 0xFFFF, 0xFFFF, 0xFFFF, 0xFFFF, 0xFFFF, 0xFFFF, 0xFFFF, 0xFFFF, 0xFFFF,
  0xFFFF, 0xFFFF, 0xFFFF, 0xFFFF, 0xFFFF, 0xFFFF, 0xFFFF, 0xFFFF, 0xFFFF, 0xFFFF, 0xFFFF, 0xFFFF,
  0xFFFF, 0xFFFF, 0xFFFF, 0xFFFF, 0xFFFF, 0xFFFF, 0xFFFF, 0xFFFF, 0xFFFF, 0xFFFF, 0xF7BE, 0xBDD7,
  0x4A49, 0x2104, 0x20E4, 0x20E4, 0x20E4, 0x20E4, 0x20E4, 0x20E4, 0x20E4, 0x20E4, 0x20E4, 0x20E4,
  0x20E4, 0x20E4, 0x20E4, 0x20E4, 0x20E4, 0x20E4, 0x20E4, 0x20E4, 0x20E4, 0x20E4, 0x20E4, 0x20E4,
  0x20E4, 0x20E4, 0x20E4, 0x20E4, 0x20E4, 0x20E4, 0x20E4, 0x20E4, 0x20E4, 0x20E4, 0x20E4, 0x20E4,
  0x20E4, 0x20E4, 0x20E4, 0x20E4, 0x20E4, 0x20E4, 0x20E4, 0x20E4, 0x20E4, 0x20E4, 0x20E4, 0x20E4,
  0x20E4, 0x20E4, 0x20E4, 0x20E4, 0x20E4, 0x20E4, 0x20E4, 0x20E4, 0x20E4, 0x20E4, 0x20E4, 0x20E4,
  0x20E4, 0x20E4, 0x20E4, 0x20E4, 0x20E4, 0x20E4, 0x20E4, 0x20E4, 0x20E4, 0x20E4, 0x20E4, 0x20E4,
  0x20E4, 0x20E4, 0x20E4, 0x20E4, 0x20E4, 0x20E4, 0x20E4, 0x20E4, 0x20E4, 0x20E4, 0x20E4, 0x20E4,
  0x20E4, 0x20E4, 0x20E4, 0x20E4, 0x20E4, 0x20E4, 0x20E4, 0x20E4, 0x20E4, 0x20E4, 0x20E4, 0x20E4,
  0x20E4, 0x20E4, 0x20E4, 0x20E4, 0x20E4, 0x20E4, 0x20E4, 0x20E4, 0x20E4, 0x20E4, 0x20E4, 0x20E4,
  0x20E4, 0x20E4, 0x20E4, 0x20E4, 0x20E4, 0x20E4, 0x20E4, 0x20E4, 0x20E4, 0x20E4, 0x20E4, 0x20E4,
  0x20E4, 0x20E4, 0x20E4, 0x20E4, 0x20E4, 0x20E4, 0x20E4, 0x20E4, 0x20E4, 0x20E4, 0x20E4, 0x20E4,
  0x20E4, 0x20E4, 0x20E4, 0x20E4, 0x20E4, 0x20E4, 0x20E4, 0x20E4, 0x20E4, 0x20E4, 0x20E4, 0x20E4,
  0x20E4, 0x20E4, 0x20E4, 0x20E4, 0x20E4, 0x20E4, 0x20E4, 0x20E4, 0x20E4, 0x20E4, 0x2104, 0x52AA,
  0xFFFF, 0xFFFF, 0xFFFF, 0xFFFF, 0xFFFF, 0xFFFF, 0xFFFF, 0xFFFF, 0xFFFF, 0xFFFF, 0xFFFF, 0xFFFF,
  0xFFFF, 0xFFFF, 0xFFFF, 0xFFFF, 0xFFFF, 0xF7BE, 0x5ACB, 0x2104, 0x20E4, 0x20E4, 0x20E4, 0x20E4,
  0x20E4, 0x20E4, 0x20E4, 0x20E4, 0x20E4, 0x3186, 0xA4F3, 0xFFFF, 0xFFFF, 0xFFFF, 0xFFFF, 0xFFFF,
  0xFFFF, 0xFFFF, 0xFFFF, 0xFFFF, 0xFFFF, 0xFFFF, 0xFFFF, 0xFFFF, 0xFFFF, 0xFFFF, 0xFFFF, 0xFFFF,
  0xFFFF, 0xFFFF, 0xFFFF, 0xFFFF, 0xFFFF, 0xFFFF, 0xFFFF, 0xFFFF, 0xFFFF, 0xFFFF, 0xFFFF, 0xFFFF,
  0xFFFF, 0xFFFF, 0xFFFF, 0xFFFF, 0xFFFF, 0xFFFF, 0xFFFF, 0xFFFF, 0xFFFF, 0xFFFF, 0xFFFF, 0xFFFF,
  0xFFFF, 0xFFFF, 0xFFFF, 0xFFFF, 0xFFFF, 0xFFFF, 0xFFFF, 0xFFFF, 0xFFFF, 0xF79E, 0xB576, 0x4208,
  0x2104, 0x20E4, 0x20E4, 0x20E4, 0x20E4, 0x20E4, 0x20E4, 0x20E4, 0x20E4, 0x20E4, 0x20E4, 0x20E4,
  0x20E4, 0x20E4, 0x20E4, 0x20E4, 0x20E4, 0x20E4, 0x20E4, 0x20E4, 0x20E4, 0x20E4, 0x20E4, 0x20E4,
  0x20E4, 0x20E4, 0x20E4, 0x20E4, 0x20E4, 0x20E4, 0x20E4, 0x20E4, 0x20E4, 0x20E4, 0x20E4, 0x20E4,
  0x20E4, 0x20E4, 0x20E4, 0x20E4, 0x20E4, 0x20E4, 0x20E4, 0x20E4, 0x20E4, 0x20E4, 0x20E4, 0x20E4,
  0x20E4, 0x20E4, 0x20E4, 0x20E4, 0x20E4, 0x20E4, 0x20E4, 0x20E4, 0x20E4, 0x20E4, 0x20E4, 0x20E4,
  0x20E4, 0x20E4, 0x20E4, 0x20E4, 0x20E4, 0x20E4, 0x20E4, 0x20E4, 0x20E4, 0x20E4, 0x20E4, 0x20E4,
  0x20E4, 0x20E4, 0x20E4, 0x20E4, 0x20E4, 0x20E4, 0x20E4, 0x20E4, 0x20E4, 0x20E4, 0x20E4, 0x20E4,
  0x20E4, 0x20E4, 0x20E4, 0x20E4, 0x20E4, 0x20E4, 0x20E4, 0x20E4, 0x20E4, 0x20E4, 0x20E4, 0x20E4,
  0x20E4, 0x20E4, 0x20E4, 0x20E4, 0x20E4, 0x20E4, 0x20E4, 0x20E4, 0x20E4, 0x20E4, 0x20E4, 0x20E4,
  0x20E4, 0x20E4, 0x20E4, 0x20E4, 0x20E4, 0x20E4, 0x20E4, 0x20E4, 0x20E4, 0x20E4, 0x20E4, 0x20E4,
  0x20E4, 0x20E4, 0x20E4, 0x20E4, 0x20E4, 0x20E4, 0x20E4, 0x20E4, 0x20E4, 0x20E4, 0x20E4, 0x20E4,
  0x20E4, 0x20E4, 0x20E4, 0x20E4, 0x20E4, 0x20E4, 0x20E4, 0x20E4, 0x20E4, 0x20E4, 0x20E4, 0x20E4,
  0x20E4, 0x20E4, 0x20E4, 0x20E4, 0x20E4, 0x20E4, 0x20E4, 0x20E4, 0x20E4, 0x20E4, 0x2924, 0x7BAE,
  0xFFFF, 0xFFFF, 0xFFFF, 0xFFFF, 0xFFFF, 0xFFFF, 0xFFFF, 0xFFFF, 0xFFFF, 0xFFFF, 0xFFFF, 0xFFFF,
  0xFFFF, 0xFFFF, 0xFFFF, 0xFFFF, 0xFFFF, 0xDEDB, 0x4208, 0x20E4, 0x20E4, 0x20E4, 0x20E4, 0x20E4,
  0x20E4, 0x20E4, 0x20E4, 0x20E4, 0x20E4, 0x41E8, 0xCE59, 0xFFFF, 0xFFFF, 0xFFFF, 0xFFFF, 0xFFFF,
  0xFFFF, 0xFFFF, 0xFFFF, 0xFFFF, 0xFFFF, 0xFFFF, 0xFFFF, 0xFFFF, 0xFFFF, 0xFFFF, 0xFFFF, 0xFFFF,
  0xFFFF, 0xFFFF, 0xFFFF, 0xFFFF, 0xFFFF, 0xFFFF, 0xFFFF, 0xFFFF, 0xFFFF, 0xFFFF, 0xFFFF, 0xFFFF,
  0xFFFF, 0xFFFF, 0xFFFF, 0xFFFF, 0xFFFF, 0xFFFF, 0xFFFF, 0xFFFF, 0xFFFF, 0xFFFF, 0xFFFF, 0xFFFF,
  0xFFFF, 0xFFFF, 0xFFFF, 0xFFFF, 0xFFFF, 0xFFFF, 0xFFFF, 0xFFFF, 0xF79E, 0xAD55, 0x39C7, 0x20E4,
  0x20E4, 0x20E4, 0x20E4, 0x20E4, 0x20E4, 0x20E4, 0x20E4, 0x20E4, 0x20E4, 0x20E4, 0x20E4, 0x20E4,
  0x20E4, 0x20E4, 0x20E4, 0x20E4, 0x20E4, 0x20E4, 0x20E4, 0x20E4, 0x20E4, 0x20E4, 0x20E4, 0x20E4,
  0x20E4, 0x20E4, 0x20E4, 0x20E4, 0x20E4, 0x20E4, 0x20E4, 0x20E4, 0x20E4, 0x20E4, 0x20E4, 0x20E4,
  0x20E4, 0x20E4, 0x20E4, 0x20E4, 0x20E4, 0x20E4, 0x20E4, 0x20E4, 0x20E4, 0x20E4, 0x20E4, 0x20E4,
  0x20E4, 0x20E4, 0x20E4, 0x20E4, 0x20E4, 0x20E4, 0x20E4, 0x20E4, 0x20E4, 0x20E4, 0x20E4, 0x20E4,
  0x20E4, 0x20E4, 0x20E4, 0x20E4, 0x20E4, 0x20E4, 0x20E4, 0x20E4, 0x20E4, 0x20E4, 0x20E4, 0x20E4,
  0x20E4, 0x20E4, 0x20E4, 0x20E4, 0x20E4, 0x20E4, 0x20E4, 0x20E4, 0x20E4, 0x20E4, 0x20E4, 0x20E4,
  0x20E4, 0x20E4, 0x20E4, 0x20E4, 0x20E4, 0x20E4, 0x20E4, 0x20E4, 0x20E4, 0x20E4, 0x20E4, 0x20E4,
  0x20E4, 0x20E4, 0x20E4, 0x20E4, 0x20E4, 0x20E4, 0x20E4, 0x20E4, 0x20E4, 0x20E4, 0x20E4, 0x20E4,
  0x20E4, 0x20E4, 0x20E4, 0x20E4, 0x20E4, 0x20E4, 0x20E4, 0x20E4, 0x20E4, 0x20E4, 0x20E4, 0x20E4,
  0x20E4, 0x20E4, 0x20E4, 0x20E4, 0x20E4, 0x20E4, 0x20E4, 0x20E4, 0x20E4, 0x20E4, 0x20E4, 0x20E4,
  0x20E4, 0x20E4, 0x20E4, 0x20E4, 0x20E4, 0x20E4, 0x20E4, 0x20E4, 0x20E4, 0x20E4, 0x20E4, 0x20E4,
  0x20E4, 0x20E4, 0x20E4, 0x20E4, 0x20E4, 0x20E4, 0x20E4, 0x20E4, 0x20E4, 0x20E4, 0x2925, 0xA514,
  0xFFFF, 0xFFFF, 0xFFFF, 0xFFFF, 0xFFFF, 0xFFFF, 0xFFFF, 0xFFFF, 0xFFFF, 0xFFFF, 0xFFFF, 0xFFFF,
  0xFFFF, 0xFFFF, 0xFFFF, 0xFFFF, 0xFFFF, 0xB596, 0x39A7, 0x20E4, 0x20E4, 0x20E4, 0x20E4, 0x20E4,
  0x20E4, 0x20E4, 0x20E4, 0x20E4, 0x2104, 0x528A, 0xEF7D, 0xFFFF, 0xFFFF, 0xFFFF, 0xFFFF, 0xFFFF,
  0xFFFF, 0xFFFF, 0xFFFF, 0xFFFF, 0xFFFF, 0xFFFF, 0xFFFF, 0xFFFF, 0xFFFF, 0xFFFF, 0xFFFF, 0xFFFF,
  0xFFFF, 0xFFFF, 0xFFFF, 0xFFFF, 0xFFFF, 0xFFFF, 0xFFFF, 0xFFFF, 0xFFFF, 0xFFFF, 0xFFFF, 0xFFFF,
  0xFFFF, 0xFFFF, 0xFFFF, 0xFFFF, 0xFFFF, 0xFFFF, 0xFFFF, 0xFFFF, 0xFFFF, 0xFFFF, 0xFFFF, 0xFFFF,
  0xFFFF, 0xFFFF, 0xFFFF, 0xFFFF, 0xFFFF, 0xFFFF, 0xFFFF, 0xF7BE, 0xAD55, 0x39C7, 0x2104, 0x20E4,
  0x20E4, 0x20E4, 0x20E4, 0x20E4, 0x20E4, 0x20E4, 0x20E4, 0x20E4, 0x20E4, 0x20E4, 0x20E4, 0x20E4,
  0x20E4, 0x20E4, 0x20E4, 0x20E4, 0x20E4, 0x20E4, 0x20E4, 0x20E4, 0x20E4, 0x20E4, 0x20E4, 0x20E4,
  0x20E4, 0x20E4, 0x20E4, 0x20E4, 0x20E4, 0x20E4, 0x20E4, 0x20E4, 0x20E4, 0x20E4, 0x20E4, 0x20E4,
  0x20E4, 0x20E4, 0x20E4, 0x20E4, 0x20E4, 0x20E4, 0x20E4, 0x20E4, 0x20E4, 0x20E4, 0x20E4, 0x20E4,
  0x20E4, 0x20E4, 0x20E4, 0x20E4, 0x20E4, 0x20E4, 0x20E4, 0x20E4, 0x20E4, 0x20E4, 0x20E4, 0x20E4,
  0x20E4, 0x20E4, 0x20E4, 0x20E4, 0x20E4, 0x20E4, 0x20E4, 0x20E4, 0x20E4, 0x20E4, 0x20E4, 0x20E4,
  0x20E4, 0x20E4, 0x20E4, 0x20E4, 0x20E4, 0x20E4, 0x20E4, 0x20E4, 0x20E4, 0x20E4, 0x20E4, 0x20E4,
  0x20E4, 0x20E4, 0x20E4, 0x20E4, 0x20E4, 0x20E4, 0x20E4, 0x20E4, 0x20E4, 0x20E4, 0x20E4, 0x20E4,
  0x20E4, 0x20E4, 0x20E4, 0x20E4, 0x20E4, 0x20E4, 0x20E4, 0x20E4, 0x20E4, 0x20E4, 0x20E4, 0x20E4,
  0x20E4, 0x20E4, 0x20E4, 0x20E4, 0x20E4, 0x20E4, 0x20E4, 0x20E4, 0x20E4, 0x20E4, 0x20E4, 0x20E4,
  0x20E4, 0x20E4, 0x20E4, 0x20E4, 0x20E4, 0x20E4, 0x20E4, 0x20E4, 0x20E4, 0x20E4, 0x20E4, 0x20E4,
  0x20E4, 0x20E4, 0x20E4, 0x20E4, 0x20E4, 0x20E4, 0x20E4, 0x20E4, 0x20E4, 0x20E4, 0x20E4, 0x20E4,
  0x20E4, 0x20E4, 0x20E4, 0x20E4, 0x20E4, 0x20E4, 0x20E4, 0x20E4, 0x20E4, 0x20E4, 0x39A6, 0xCE79,
  0xFFFF, 0xFFFF, 0xFFFF, 0xFFFF, 0xFFFF, 0xFFFF, 0xFFFF, 0xFFFF, 0xFFFF, 0xFFFF, 0xFFFF, 0xFFFF,
  0xFFFF, 0xFFFF, 0xFFFF, 0xFFFF, 0xFFFF, 0x9472, 0x3165, 0x20E4, 0x20E4, 0x20E4, 0x20E4, 0x20E4,
  0x20E4, 0x20E4, 0x20E4, 0x20E4, 0x2925, 0x73AE, 0xFFFF, 0xFFFF, 0xFFFF, 0xFFFF, 0xFFFF, 0xFFFF,
  0xFFFF, 0xFFFF, 0xFFFF, 0xFFFF, 0xFFFF, 0xFFFF, 0xFFFF, 0xFFFF, 0xFFFF, 0xFFFF, 0xFFFF, 0xFFFF,
  0xFFFF, 0xFFFF, 0xFFFF, 0xFFFF, 0xFFFF, 0xFFFF, 0xFFFF, 0xFFFF, 0xFFFF, 0xFFFF, 0xFFFF, 0xFFFF,
  0xFFFF, 0xFFFF, 0xFFFF, 0xFFFF, 0xFFFF, 0xFFFF, 0xFFFF, 0xFFFF, 0xFFFF, 0xFFFF, 0xFFFF, 0xFFFF,
  0xFFFF, 0xFFFF, 0xFFFF, 0xFFFF, 0xFFFF, 0xFFFF, 0xFFDF, 0xB575, 0x4208, 0x2104, 0x20E4, 0x20E4,
  0x20E4, 0x20E4, 0x20E4, 0x20E4, 0x20E4, 0x20E4, 0x20E4, 0x20E4, 0x20E4, 0x20E4, 0x20E4, 0x20E4,
  0x20E4, 0x20E4, 0x20E4, 0x20E4, 0x20E4, 0x20E4, 0x20E4, 0x20E4, 0x20E4, 0x20E4, 0x20E4, 0x20E4,
  0x20E4, 0x20E4, 0x20E4, 0x20E4, 0x20E4, 0x20E4, 0x20E4, 0x20E4, 0x20E4, 0x20E4, 0x20E4, 0x20E4,
  0x20E4, 0x20E4, 0x20E4, 0x20E4, 0x20E4, 0x20E4, 0x20E4, 0x20E4, 0x20E4, 0x20E4, 0x20E4, 0x20E4,
  0x20E4, 0x20E4, 0x20E4, 0x20E4, 0x20E4, 0x20E4, 0x20E4, 0x20E4, 0x20E4, 0x20E4, 0x20E4, 0x20E4,
  0x20E4, 0x20E4, 0x20E3, 0x20E3, 0x20E4, 0x20E4, 0x20E4, 0x20E4, 0x20E4, 0x20E4, 0x20E4, 0x20E4,
  0x20E4, 0x20E4, 0x20E4, 0x20E4, 0x20E4, 0x20E4, 0x20E4, 0x20E4, 0x20E4, 0x20E4, 0x20E4, 0x20E4,
  0x20E4, 0x20E4, 0x20E4, 0x20E4, 0x20E4, 0x20E4, 0x20E4, 0x20E4, 0x20E4, 0x20E4, 0x20E4, 0x20E4,
  0x20E4, 0x20E4, 0x20E4, 0x20E4, 0x20E4, 0x20E4, 0x20E4, 0x20E4, 0x20E4, 0x20E4, 0x20E4, 0x20E4,
  0x20E4, 0x20E4, 0x20E4, 0x20E4, 0x20E4, 0x20E4, 0x20E4, 0x20E4, 0x20E4, 0x20E4, 0x20E4, 0x20E4,
  0x20E4, 0x20E4, 0x20E4, 0x20E4, 0x20E4, 0x20E4, 0x20E4, 0x20E4, 0x20E4, 0x20E4, 0x20E4, 0x20E4,
  0x20E4, 0x20E4, 0x20E4, 0x20E4, 0x20E4, 0x20E4, 0x20E4, 0x20E4, 0x20E4, 0x20E4, 0x20E4, 0x20E4,
  0x20E4, 0x20E4, 0x20E4, 0x20E4, 0x20E4, 0x20E4, 0x20E4, 0x20E4, 0x20E4, 0x20E4, 0x630C, 0xE73C,
  0xFFFF, 0xFFFF, 0xFFFF, 0xFFFF, 0xFFFF, 0xFFFF, 0xFFFF, 0xFFFF, 0xFFFF, 0xFFFF, 0xFFFF, 0xFFFF,
  0xFFFF, 0xFFFF, 0xFFFF, 0xFFFF, 0xFFFF, 0x6B6D, 0x2924, 0x20E4, 0x20E4, 0x20E4, 0x20E4, 0x20E4,
  0x20E4, 0x20E4, 0x20E4, 0x20E4, 0x3186, 0xA4F4, 0xFFFF, 0xFFFF, 0xFFFF, 0xFFFF, 0xFFFF, 0xFFFF,
  0xFFFF, 0xFFFF, 0xFFFF, 0xFFFF, 0xFFFF, 0xFFFF, 0xFFFF, 0xFFFF, 0xFFFF, 0xFFFF, 0xFFFF, 0xFFFF,
  0xFFFF, 0xFFFF, 0xFFFF, 0xFFFF, 0xFFFF, 0xFFFF, 0xFFFF, 0xFFFF, 0xFFFF, 0xFFFF, 0xFFFF, 0xFFFF,
  0xFFFF, 0xFFFF, 0xFFFF, 0xFFFF, 0xFFFF, 0xFFFF, 0xFFFF, 0xFFFF, 0xFFFF, 0xFFFF, 0xFFFF, 0xFFFF,
  0xFFFF, 0xFFFF, 0xFFFF, 0xFFFF, 0xFFFF, 0xFFFF, 0xBDD7, 0x4A49, 0x2104, 0x20E4, 0x20E4, 0x20E4,
  0x20E4, 0x20E4, 0x20E4, 0x20E4, 0x20E4, 0x20E4, 0x20E4, 0x20E4, 0x20E4, 0x20E4, 0x20E4, 0x20E4,
  0x20E4, 0x20E4, 0x20E4, 0x20E4, 0x20E4, 0x20E4, 0x20E4, 0x20E4, 0x20E4, 0x20E4, 0x20E4, 0x20E4,
  0x20E4, 0x20E4, 0x20E4, 0x20E4, 0x2104, 0x20E4, 0x20E4, 0x20E4, 0x20E4, 0x20E4, 0x20E4, 0x20E4,
  0x20E4, 0x20E4, 0x20E4, 0x20E4, 0x20E4, 0x20E4, 0x20E4, 0x20E4, 0x20E4, 0x20E4, 0x20E4, 0x20E4,
  0x20E4, 0x20E4, 0x20E4, 0x20E4, 0x20E4, 0x20E4, 0x20E4, 0x20E4, 0x20E4, 0x20E4, 0x20E4, 0x20E4,
  0x20E4, 0x20E4, 0x20E4, 0x20E4, 0x20E4, 0x20E4, 0x20E4, 0x20E4, 0x20E4, 0x20E4, 0x20E4, 0x20E4,
  0x20E4, 0x20E4, 0x20E4, 0x20E4, 0x20E4, 0x20E4, 0x20E4, 0x20E4, 0x20E4, 0x20E4, 0x20E4, 0x20E4,
  0x20E4, 0x20E4, 0x20E4, 0x20E4, 0x20E4, 0x20E4, 0x20E4, 0x20E4, 0x20E4, 0x20E4, 0x20E4, 0x20E4,
  0x20E4, 0x20E4, 0x20E4, 0x20E4, 0x20E4, 0x20E4, 0x20E4, 0x20E4, 0x20E4, 0x20E4, 0x20E4, 0x20E4,
  0x20E4, 0x20E4, 0x20E4, 0x20E4, 0x20E4, 0x20E4, 0x20E4, 0x20E4, 0x20E4, 0x20E4, 0x20E4, 0x20E4,
  0x20E4, 0x20E4, 0x20E4, 0x20E4, 0x20E4, 0x20E4, 0x20E4, 0x20E4, 0x20E4, 0x20E4, 0x20E4, 0x20E4,
  0x20E4, 0x20E4, 0x20E4, 0x20E4, 0x20E4, 0x20E4, 0x20E4, 0x20E4, 0x20E4, 0x20E4, 0x20E4, 0x20E4,
  0x20E4, 0x20E4, 0x20E4, 0x20E4, 0x20E4, 0x20E4, 0x20E4, 0x20E4, 0x20E4, 0x2104, 0xA514, 0xF7BE,
  0xFFFF, 0xFFFF, 0xFFFF, 0xFFFF, 0xFFFF, 0xFFFF, 0xFFFF, 0xFFFF, 0xFFFF, 0xFFFF, 0xFFFF, 0xFFFF,
  0xFFFF, 0xFFFF, 0xFFFF, 0xFFFF, 0xF79E, 0x5AAA, 0x20E4, 0x20E4, 0x20E4, 0x20E4, 0x20E4, 0x20E4,
  0x20E4, 0x20E4, 0x20E4, 0x20E4, 0x39C7, 0xC638, 0xFFFF, 0xFFFF, 0xFFFF, 0xFFFF, 0xFFFF, 0xFFFF,
  0xFFFF, 0xFFFF, 0xFFFF, 0xFFFF, 0xFFFF, 0xFFFF, 0xFFFF, 0xFFFF, 0xFFFF, 0xFFFF, 0xFFFF, 0xFFFF,
  0xFFFF, 0xFFFF, 0xFFFF, 0xFFFF, 0xFFFF, 0xFFFF, 0xFFFF, 0xFFFF, 0xFFFF, 0xFFFF, 0xFFFF, 0xFFFF,
  0xFFFF, 0xFFFF, 0xFFFF, 0xFFFF, 0xFFFF, 0xFFFF, 0xFFFF, 0xFFFF, 0xFFFF, 0xFFFF, 0xFFFF, 0xFFFF,
  0xFFFF, 0xFFFF, 0xFFFF, 0xFFFF, 0xFFFF, 0xCE59, 0x52AA, 0x2104, 0x20E4, 0x20E4, 0x20E4, 0x20E4,
  0x20E4, 0x20E4, 0x20E4, 0x20E4, 0x20E4, 0x20E4, 0x20E4, 0x20E4, 0x20E4, 0x20E4, 0x20E4, 0x20E4,
  0x20E4, 0x20E4, 0x20E4, 0x20E4, 0x20E4, 0x20E4, 0x20E4, 0x20E4, 0x20E4, 0x20E4, 0x20E4, 0x20E4,
  0x20E4, 0x20E4, 0x20E4, 0x2104, 0x6B2C, 0x9CB2, 0x630C, 0x2945, 0x20E4, 0x20E4, 0x20E4, 0x20E4,
  0x20E4, 0x20E4, 0x20E4, 0x20E4, 0x20E4, 0x20E4, 0x20E4, 0x20E4, 0x20E4, 0x20E4, 0x20E4, 0x20E4,
  0x20E4, 0x20E4, 0x20E4, 0x20E4, 0x20E4, 0x20E4, 0x20E4, 0x20E4, 0x20E4, 0x20E4, 0x20E4, 0x20E4,
  0x20E4, 0x20E4, 0x20E4, 0x20E4, 0x20E4, 0x20E4, 0x20E4, 0x20E4, 0x20E4, 0x20E4, 0x20E4, 0x20E4,
  0x20E4, 0x20E4, 0x20E4, 0x20E4, 0x20E4, 0x20E4, 0x20E4, 0x20E4, 0x20E4, 0x20E4, 0x20E4, 0x20E4,
  0x20E4, 0x20E4, 0x20E4, 0x20E4, 0x20E4, 0x20E4, 0x20E4, 0x20E4, 0x20E4, 0x20E4, 0x20E4, 0x20E4,
  0x20E4, 0x20E4, 0x20E4, 0x20E4, 0x20E4, 0x20E4, 0x20E4, 0x20E4, 0x20E4, 0x20E4, 0x20E4, 0x20E4,
  0x20E4, 0x20E4, 0x20E4, 0x20E4, 0x20E4, 0x20E4, 0x20E4, 0x20E4, 0x20E4, 0x20E4, 0x20E4, 0x20E4,
  0x20E4, 0x20E4, 0x20E4, 0x20E4, 0x20E4, 0x20E4, 0x20E4, 0x20E4, 0x20E4, 0x20E4, 0x20E4, 0x20E4,
  0x20E4, 0x20E4, 0x20E4, 0x20E4, 0x20E4, 0x20E4, 0x20E4, 0x20E4, 0x20E4, 0x20E4, 0x20E4, 0x20E4,
  0x20E4, 0x20E4, 0x20E4, 0x20E4, 0x20E4, 0x20E4, 0x20E4, 0x20E4, 0x20E4, 0x4A28, 0xD69A, 0xFFFF,
  0xFFFF, 0xFFFF, 0xFFFF, 0xFFFF, 0xFFFF, 0xFFFF, 0xFFFF, 0xFFFF, 0xFFFF, 0xFFFF, 0xFFFF, 0xFFFF,
  0xFFFF, 0xFFFF, 0xFFFF, 0xFFFF, 0xD69A, 0x4A28, 0x20E4, 0x20E4, 0x20E4, 0x20E4, 0x20E4, 0x20E4,
  0x20E4, 0x20E4, 0x20E4, 0x20E4, 0x4208, 0xE73C, 0xFFFF, 0xFFFF, 0xFFFF, 0xFFFF, 0xFFFF, 0xFFFF,
  0xFFFF, 0xFFFF, 0xFFFF, 0xFFFF, 0xFFFF, 0xFFFF, 0xFFFF, 0xFFFF, 0xFFFF, 0xFFFF, 0xFFFF, 0xFFFF,
  0xFFFF, 0xFFFF, 0xFFFF, 0xFFFF, 0xFFFF, 0xFFFF, 0xFFFF, 0xFFFF, 0xFFFF, 0xFFFF, 0xFFFF, 0xFFFF,
  0xFFFF, 0xFFFF, 0xFFFF, 0xFFFF, 0xFFFF, 0xFFFF, 0xFFFF, 0xFFFF, 0xFFFF, 0xFFFF, 0xFFFF, 0xFFFF,
  0xFFFF, 0xFFFF, 0xFFFF, 0xFFFF, 0xE71C, 0x736D, 0x2924, 0x20E4, 0x20E4, 0x20E4, 0x20E4, 0x20E4,
  0x20E4, 0x20E4, 0x20E4, 0x20E4, 0x20E4, 0x20E4, 0x20E4, 0x20E4, 0x20E4, 0x20E4, 0x20E4, 0x20E4,
  0x20E4, 0x20E4, 0x20E4, 0x20E4, 0x20E4, 0x20E4, 0x20E4, 0x20E4, 0x20E4, 0x20E4, 0x20E4, 0x20E4,
  0x20E4, 0x20E4, 0x2104, 0x528A, 0xC638, 0xF79E, 0xE71C, 0xBDD7, 0x73AE, 0x39A7, 0x2924, 0x2104,
  0x20E4, 0x20E4, 0x20E4, 0x20E4, 0x20E4, 0x20E4, 0x20E4, 0x20E4, 0x20E4, 0x20E4, 0x20E4, 0x20E4,
  0x20E4, 0x20E4, 0x20E4, 0x20E4, 0x20E4, 0x20E4, 0x20E4, 0x20E4, 0x20E4, 0x20E4, 0x20E4, 0x20E4,
  0x20E4, 0x20E4, 0x20E4, 0x20E4, 0x20E4, 0x20E4, 0x20E4, 0x20E4, 0x20E4, 0x20E4, 0x20E4, 0x20E4,
  0x20E4, 0x20E4, 0x20E4, 0x20E4, 0x20E4, 0x20E4, 0x20E4, 0x20E4, 0x20E4, 0x20E4, 0x20E4, 0x20E4,
  0x20E4, 0x20E4, 0x20E4, 0x20E4, 0x20E4, 0x20E4, 0x20E4, 0x20E4, 0x20E4, 0x20E4, 0x20E4, 0x20E4,
  0x20E4, 0x20E4, 0x20E4, 0x20E4, 0x20E4, 0x20E4, 0x20E4, 0x20E4, 0x20E4, 0x20E4, 0x20E4, 0x20E4,
  0x20E4, 0x20E4, 0x20E4, 0x20E4, 0x20E4, 0x20E4, 0x20E4, 0x20E4, 0x20E4, 0x20E4, 0x20E4, 0x20E4,
  0x20E4, 0x20E4, 0x20E4, 0x20E4, 0x20E4, 0x20E4, 0x20E4, 0x20E4, 0x20E4, 0x20E4, 0x20E4, 0x20E4,
  0x20E4, 0x20E4, 0x20E4, 0x20E4, 0x20E4, 0x20E4, 0x20E4, 0x20E4, 0x20E4, 0x20E4, 0x20E4, 0x20E4,
  0x20E4, 0x20E4, 0x20E4, 0x20E4, 0x20E4, 0x20E4, 0x20E4, 0x20E4, 0x2104, 0x9CB2, 0xF79E, 0xFFFF,
  0xFFFF, 0xFFFF, 0xFFFF, 0xFFFF, 0xFFFF, 0xFFFF, 0xFFFF, 0xFFFF, 0xFFFF, 0xFFFF, 0xFFFF, 0xFFFF,
  0xFFFF, 0xFFFF, 0xFFFF, 0xFFFF, 0xB5B6, 0x39C7, 0x20E4, 0x20E4, 0x20E4, 0x20E4, 0x20E4, 0x20E4,
  0x20E4, 0x20E4, 0x20E4, 0x2104, 0x5AEB, 0xF79E, 0xFFFF, 0xFFFF, 0xFFFF, 0xFFFF, 0xFFFF, 0xFFFF,
  0xFFFF, 0xFFFF, 0xFFFF, 0xFFFF, 0xFFFF, 0xFFFF, 0xFFFF, 0xFFFF, 0xFFFF, 0xFFFF, 0xFFFF, 0xFFFF,
  0xFFFF, 0xFFFF, 0xFFFF, 0xFFFF, 0xFFFF, 0xFFFF, 0xFFFF, 0xFFFF, 0xFFFF, 0xFFFF, 0xFFFF, 0xFFFF,
  0xFFFF, 0xFFFF, 0xFFFF, 0xFFFF, 0xFFFF, 0xFFFF, 0xFFFF, 0xFFFF, 0xFFFF, 0xFFFF, 0xFFFF, 0xFFFF,
  0xFFFF, 0xFFFF, 0xFFFF, 0xF79E, 0x9492, 0x3165, 0x20E4, 0x20E4, 0x20E4, 0x20E4, 0x20E4, 0x20E4,
  0x20E4, 0x20E4, 0x20E4, 0x20E4, 0x20E4, 0x20E4, 0x20E4, 0x20E4, 0x20E4, 0x20E4, 0x20E4, 0x20E4,
  0x20E4, 0x20E4, 0x20E4, 0x20E4, 0x20E4, 0x20E4, 0x20E4, 0x20E4, 0x20E4, 0x20E4, 0x20E4, 0x20E4,
  0x20E4, 0x20E4, 0x39A7, 0xA514, 0xFFBE, 0xFFFF, 0xFFFF, 0xFFDF, 0xEF5D, 0xCE59, 0x8C31, 0x4A29,
  0x3165, 0x2104, 0x20E4, 0x20E4, 0x20E4, 0x20E4, 0x20E4, 0x20E4, 0x20E4, 0x20E4, 0x20E4, 0x20E4,
  0x20E4, 0x20E4, 0x20E4, 0x20E4, 0x20E4, 0x20E4, 0x20E4, 0x20E4, 0x20E4, 0x20E4, 0x20E4, 0x20E4,
  0x20E4, 0x20E4, 0x20E4, 0x20E4, 0x20E4, 0x20E4, 0x20E4, 0x20E4, 0x20E4, 0x20E4, 0x20E4, 0x20E4,
  0x20E4, 0x20E4, 0x20E4, 0x20E4, 0x20E4, 0x20E4, 0x20E4, 0x20E4, 0x20E4, 0x20E4, 0x20E4, 0x20E4,
  0x20E4, 0x20E4, 0x20E4, 0x20E4, 0x20E4, 0x20E4, 0x20E4, 0x20E4, 0x20E4, 0x20E4, 0x20E4, 0x20E4,
  0x20E4, 0x20E4, 0x20E4, 0x20E4, 0x20E4, 0x20E4, 0x20E4, 0x20E4, 0x20E4, 0x20E4, 0x20E4, 0x20E4,
  0x20E4, 0x20E4, 0x20E4, 0x20E4, 0x20E4, 0x20E4, 0x20E4, 0x20E4, 0x20E4, 0x20E4, 0x20E4, 0x20E4,
  0x20E4, 0x20E4, 0x20E4, 0x20E4, 0x20E4, 0x20E4, 0x20E4, 0x20E4, 0x20E4, 0x20E4, 0x20E4, 0x20E4,
  0x20E4, 0x20E4, 0x20E4, 0x20E4, 0x20E4, 0x20E4, 0x20E4, 0x20E4, 0x20E4, 0x20E4, 0x20E4, 0x20E4,
  0x20E4, 0x20E4, 0x20E4, 0x20E4, 0x20E4, 0x20E4, 0x20E4, 0x2104, 0x5AAA, 0xD6BA, 0xFFFF, 0xFFFF,
  0xFFFF, 0xFFFF, 0xFFFF, 0xFFFF, 0xFFFF, 0xFFFF, 0xFFFF, 0xFFFF, 0xFFFF, 0xFFFF, 0xFFFF, 0xFFFF,
  0xFFFF, 0xFFFF, 0xFFFF, 0xFFFF, 0x9CF3, 0x3186, 0x20E4, 0x20E4, 0x20E4, 0x20E4, 0x20E4, 0x20E4,
  0x20E4, 0x20E4, 0x20E4, 0x2924, 0x7BEF, 0xF7BE, 0xFFFF, 0xFFFF, 0xFFFF, 0xFFFF, 0xFFFF, 0xFFFF,
  0xFFFF, 0xFFFF, 0xFFFF, 0xFFFF, 0xFFFF, 0xFFFF, 0xFFFF, 0xFFFF, 0xFFFF, 0xFFFF, 0xFFFF, 0xFFFF,
  0xFFFF, 0xFFFF, 0xFFFF, 0xFFFF, 0xFFFF, 0xFFFF, 0xFFFF, 0xFFFF, 0xFFFF, 0xFFFF, 0xFFFF, 0xFFFF,
  0xFFFF, 0xFFFF, 0xFFFF, 0xFFFF, 0xFFFF, 0xFFFF, 0xFFFF, 0xFFFF, 0xFFFF, 0xFFFF, 0xFFFF, 0xFFFF,
  0xFFFF, 0xFFFF, 0xFFDF, 0xB5B6, 0x41E7, 0x20E4, 0x20E4, 0x20E4, 0x20E4, 0x20E4, 0x20E4, 0x20E4,
  0x20E4, 0x20E4, 0x20E4, 0x20E4, 0x20E4, 0x20E4, 0x20E4, 0x20E4, 0x20E4, 0x20E4, 0x20E4, 0x20E4,
  0x20E4, 0x20E4, 0x20E4, 0x20E4, 0x20E4, 0x20E4, 0x20E4, 0x20E4, 0x20E4, 0x20E4, 0x20E4, 0x20E4,
  0x20E4, 0x2924, 0x738E, 0xEF7D, 0xFFFF, 0xFFFF, 0xFFFF, 0xFFFF, 0xFFFF, 0xFFFF, 0xF79E, 0xDEDB,
  0xA514, 0x630C, 0x41E7, 0x2945, 0x2104, 0x20E4, 0x20E4, 0x20E4, 0x20E4, 0x20E4, 0x20E4, 0x20E4,
  0x20E4, 0x20E4, 0x20E4, 0x20E4, 0x20E4, 0x20E4, 0x20E4, 0x20E4, 0x20E4, 0x20E4, 0x20E4, 0x20E4,
  0x20E4, 0x20E4, 0x20E4, 0x20E4, 0x20E4, 0x20E4, 0x20E4, 0x20E4, 0x20E4, 0x20E4, 0x20E4, 0x20E4,
  0x20E4, 0x20E4, 0x20E4, 0x20E4, 0x20E4, 0x20E4, 0x20E4, 0x20E4, 0x20E4, 0x20E4, 0x20E4, 0x20E4,
  0x20E4, 0x20E4, 0x20E4, 0x20E4, 0x20E4, 0x20E4, 0x20E4, 0x20E4, 0x20E4, 0x20E4, 0x20E4, 0x20E4,
  0x20E4, 0x20E4, 0x20E4, 0x20E4, 0x20E4, 0x20E4, 0x20E4, 0x20E4, 0x20E4, 0x20E4, 0x20E4, 0x20E4,
  0x20E4, 0x20E4, 0x20E4, 0x20E4, 0x20E4, 0x20E4, 0x20E4, 0x20E4, 0x20E4, 0x20E4, 0x20E4, 0x20E4,
  0x20E4, 0x20E4, 0x20E4, 0x20E4, 0x20E4, 0x20E4, 0x20E4, 0x20E4, 0x20E4, 0x20E4, 0x20E4, 0x20E4,
  0x20E4, 0x20E4, 0x20E4, 0x20E4, 0x20E4, 0x20E4, 0x20E4, 0x20E4, 0x20E4, 0x20E4, 0x20E4, 0x20E4,
  0x20E4, 0x20E4, 0x20E4, 0x20E4, 0x20E4, 0x20E4, 0x20E4, 0x39A6, 0xAD35, 0xF7BE, 0xFFFF, 0xFFFF,
  0xFFFF, 0xFFFF, 0xFFFF, 0xFFFF, 0xFFFF, 0xFFFF, 0xFFFF, 0xFFFF, 0xFFFF, 0xFFFF, 0xFFFF, 0xFFFF,
  0xFFFF, 0xFFFF, 0xFFFF, 0xFFFF, 0x8C30, 0x2945, 0x20E4, 0x20E4, 0x20E4, 0x20E4, 0x20E4, 0x20E4,
  0x20E4, 0x20E4, 0x20E4, 0x2945, 0xA4F3, 0xFFDF, 0xFFFF, 0xFFFF, 0xFFFF, 0xFFFF, 0xFFFF, 0xFFFF,
  0xFFFF, 0xFFFF, 0xFFFF, 0xFFFF, 0xFFFF, 0xFFFF, 0xFFFF, 0xFFFF, 0xFFFF, 0xFFFF, 0xFFFF, 0xFFFF,
  0xFFFF, 0xFFFF, 0xFFFF, 0xFFFF, 0xFFFF, 0xFFFF, 0xFFFF, 0xFFFF, 0xFFFF, 0xFFFF, 0xFFFF, 0xFFFF,
  0xFFFF, 0xFFFF, 0xFFFF, 0xFFFF, 0xFFFF, 0xFFFF, 0xFFFF, 0xFFFF, 0xFFFF, 0xFFFF, 0xFFFF, 0xFFFF,
  0xFFFF, 0xFFFF, 0xD6BA, 0x5ACB, 0x2104, 0x20E4, 0x20E4, 0x20E4, 0x20E4, 0x20E4, 0x20E4, 0x20E4,
  0x20E4, 0x20E4, 0x20E4, 0x20E4, 0x20E4, 0x20E4, 0x20E4, 0x20E4, 0x20E4, 0x20E4, 0x20E4, 0x20E4,
  0x20E4, 0x20E4, 0x20E4, 0x20E4, 0x20E4, 0x20E4, 0x20E4, 0x20E4, 0x20E4, 0x20E4, 0x20E4, 0x20E4,
  0x20E4, 0x4208, 0xC618, 0xFFFF, 0xFFFF, 0xFFFF, 0xFFFF, 0xFFFF, 0xFFFF, 0xFFFF, 0xFFFF, 0xFFFF,
  0xFFDF, 0xF79E, 0xC638, 0x8410, 0x528A, 0x39A6, 0x2924, 0x20E4, 0x20E4, 0x20E4, 0x20E4, 0x20E4,
  0x20E4, 0x20E4, 0x20E4, 0x20E4, 0x20E4, 0x20E4, 0x20E4, 0x20E4, 0x20E4, 0x20E4, 0x20E4, 0x20E4,
  0x20E4, 0x20E4, 0x20E4, 0x20E4, 0x20E4, 0x20E4, 0x20E4, 0x20E4, 0x20E4, 0x20E4, 0x20E4, 0x20E4,
  0x20E4, 0x20E4, 0x20E4, 0x20E4, 0x20E4, 0x20E4, 0x20E4, 0x20E4, 0x20E4, 0x20E4, 0x20E4, 0x20E4,
  0x20E4, 0x20E4, 0x20E4, 0x20E4, 0x20E4, 0x20E4, 0x20E4, 0x20E4, 0x20E4, 0x20E4, 0x20E4, 0x20E4,
  0x20E4, 0x20E4, 0x20E4, 0x20E4, 0x20E4, 0x20E4, 0x20E4, 0x20E4, 0x20E4, 0x20E4, 0x20E4, 0x20E4,
  0x20E4, 0x20E4, 0x20E4, 0x20E4, 0x20E4, 0x20E4, 0x20E4, 0x20E4, 0x20E4, 0x20E4, 0x20E4, 0x20E4,
  0x20E4, 0x20E4, 0x20E4, 0x20E4, 0x20E4, 0x20E4, 0x20E4, 0x20E4, 0x20E4, 0x20E4, 0x20E4, 0x20E4,
  0x20E4, 0x20E4, 0x20E4, 0x20E4, 0x20E4, 0x20E4, 0x20E4, 0x20E4, 0x20E4, 0x20E4, 0x20E4, 0x20E4,
  0x20E4, 0x20E4, 0x20E4, 0x20E4, 0x20E4, 0x20E4, 0x2945, 0x8410, 0xEF5D, 0xFFFF, 0xFFFF, 0xFFFF,
  0xFFFF, 0xFFFF, 0xFFFF, 0xFFFF, 0xFFFF, 0xFFFF, 0xFFFF, 0xFFFF, 0xFFFF, 0xFFFF, 0xFFFF, 0xFFFF,
  0xFFFF, 0xFFFF, 0xFFFF, 0xFFFF, 0x738E, 0x2104, 0x20E4, 0x20E4, 0x20E4, 0x20E4, 0x20E4, 0x20E4,
  0x20E4, 0x20E4, 0x20E4, 0x3166, 0xBDF7, 0xFFDF, 0xFFFF, 0xFFFF, 0xFFFF, 0xFFFF, 0xFFFF, 0xFFFF,
  0xFFFF, 0xFFFF, 0xFFFF, 0xFFFF, 0xFFFF, 0xFFFF, 0xFFFF, 0xFFFF, 0xFFFF, 0xFFFF, 0xFFFF, 0xFFFF,
  0xFFFF, 0xFFFF, 0xFFFF, 0xFFFF, 0xFFFF, 0xFFFF, 0xFFFF, 0xFFFF, 0xFFFF, 0xFFFF, 0xFFFF, 0xFFFF,
  0xFFFF, 0xFFFF, 0xFFFF, 0xFFFF, 0xFFFF, 0xFFFF, 0xFFFF, 0xFFFF, 0xFFFF, 0xFFFF, 0xFFFF, 0xFFFF,
  0xFFFF, 0xEF7D, 0x8C71, 0x2104, 0x20E4, 0x20E4, 0x20E4, 0x20E4, 0x20E4, 0x20E4, 0x20E4, 0x20E4,
  0x20E4, 0x20E4, 0x20E4, 0x20E4, 0x20E4, 0x20E4, 0x20E4, 0x20E4, 0x20E4, 0x20E4, 0x20E4, 0x20E4,
  0x20E4, 0x20E4, 0x20E4, 0x20E4, 0x20E4, 0x20E4, 0x20E4, 0x20E4, 0x20E4, 0x20E4, 0x20E4, 0x20E4,
  0x2924, 0x738E, 0xFFDF, 0xFFFF, 0xFFFF, 0xFFFF, 0xFFFF, 0xFFFF, 0xFFFF, 0xFFFF, 0xFFFF, 0xFFFF,
  0xFFFF, 0xFFFF, 0xFFFF, 0xFFFF, 0xE73C, 0xAD35, 0x6B4D, 0x4A28, 0x3166, 0x2104, 0x20E4, 0x20E4,
  0x20E4, 0x20E4, 0x20E4, 0x20E4, 0x20E4, 0x20E4, 0x20E4, 0x20E4, 0x20E4, 0x20E4, 0x20E4, 0x20E4,
  0x20E4, 0x20E4, 0x20E4, 0x20E4, 0x20E4, 0x20E4, 0x20E4, 0x20E4, 0x20E4, 0x20E4, 0x20E4, 0x20E4,
  0x20E4, 0x20E4, 0x20E4, 0x20E4, 0x20E4, 0x20E4, 0x20E4, 0x20E4, 0x20E4, 0x20E4, 0x20E4, 0x20E4,
  0x20E4, 0x20E4, 0x20E4, 0x20E4, 0x20E4, 0x20E4, 0x20E4, 0x20E4, 0x20E4, 0x20E4, 0x20E4, 0x20E4,
  0x20E4, 0x20E4, 0x20E4, 0x20E4, 0x20E4, 0x20E4, 0x20E4, 0x20E4, 0x20E4, 0x20E4, 0x20E4, 0x20E4,
  0x20E4, 0x20E4, 0x20E4, 0x20E4, 0x20E4, 0x20E4, 0x20E4, 0x20E4, 0x20E4, 0x20E4, 0x20E4, 0x20E4,
  0x20E4, 0x20E4, 0x20E4, 0x20E4, 0x20E4, 0x20E4, 0x20E4, 0x20E4, 0x20E4, 0x20E4, 0x20E4, 0x20E4,
  0x20E4, 0x20E4, 0x20E4, 0x20E4, 0x20E4, 0x20E4, 0x20E4, 0x20E4, 0x20E4, 0x20E4, 0x20E4, 0x20E4,
  0x20E4, 0x20E4, 0x20E4, 0x20E4, 0x20E4, 0x2925, 0x6B4D, 0xDEDB, 0xFFFF, 0xFFFF, 0xFFFF, 0xFFFF,
  0xFFFF, 0xFFFF, 0xFFFF, 0xFFFF, 0xFFFF, 0xFFFF, 0xFFFF, 0xFFFF, 0xFFFF, 0xFFFF, 0xFFFF, 0xFFFF,
  0xFFFF, 0xFFFF, 0xFFFF, 0xF79E, 0x630C, 0x20E4, 0x20E4, 0x20E4, 0x20E4, 0x20E4, 0x20E4, 0x20E4,
  0x20E4, 0x20E4, 0x20E4, 0x3186, 0xD69A, 0xFFFF, 0xFFFF, 0xFFFF, 0xFFFF, 0xFFFF, 0xFFFF, 0xFFFF,
  0xFFFF, 0xFFFF, 0xFFFF, 0xFFFF, 0xFFFF, 0xFFFF, 0xFFFF, 0xFFFF, 0xFFFF, 0xFFFF, 0xFFFF, 0xFFFF,
  0xFFFF, 0xFFFF, 0xFFFF, 0xFFFF, 0xFFFF, 0xFFFF, 0xFFFF, 0xFFFF, 0xFFFF, 0xFFFF, 0xFFFF, 0xFFFF,
  0xFFFF, 0xFFFF, 0xFFFF, 0xFFFF, 0xFFFF, 0xFFFF, 0xFFFF, 0xFFFF, 0xFFFF, 0xFFFF, 0xFFFF, 0xFFFF,
  0xFFDF, 0xC618, 0x39C7, 0x20E4, 0x20E4, 0x20E4, 0x20E4, 0x20E4, 0x20E4, 0x20E4, 0x20E4, 0x20E4,
  0x20E4, 0x20E4, 0x20E4, 0x20E4, 0x20E4, 0x20E4, 0x20E4, 0x20E4, 0x20E4, 0x20E4, 0x20E4, 0x20E4,
  0x20E4, 0x20E4, 0x20E4, 0x20E4, 0x20E4, 0x20E4, 0x20E4, 0x20E4, 0x20E4, 0x20E4, 0x20E4, 0x20E4,
  0x39C7, 0xBDD7, 0xFFFF, 0xFFFF, 0xFFFF, 0xFFFF, 0xFFFF, 0xFFFF, 0xFFFF, 0xFFFF, 0xFFFF, 0xFFFF,
  0xFFFF, 0xFFFF, 0xFFFF, 0xFFFF, 0xFFFF, 0xFFFF, 0xF7BE, 0xCE59, 0x9CD3, 0x738E, 0x5269, 0x3165,
  0x2104, 0x20E4, 0x20E4, 0x20E4, 0x20E4, 0x20E4, 0x20E4, 0x20E4, 0x20E4, 0x20E4, 0x20E4, 0x20E4,
  0x20E4, 0x20E4, 0x20E4, 0x20E4, 0x20E4, 0x20E4, 0x20E4, 0x20E4, 0x20E4, 0x20E4, 0x20E4, 0x20E4,
  0x20E4, 0x20E4, 0x20E4, 0x20E4, 0x20E4, 0x20E4, 0x20E4, 0x20E4, 0x20E4, 0x20E4, 0x20E4, 0x20E4,
  0x20E4, 0x20E4, 0x20E4, 0x20E4, 0x20E4, 0x20E4, 0x20E4, 0x20E4, 0x20E4, 0x20E4, 0x20E4, 0x20E4,
  0x20E4, 0x20E4, 0x20E4, 0x20E4, 0x20E4, 0x20E4, 0x20E4, 0x20E4, 0x20E4, 0x20E4, 0x20E4, 0x20E4,
  0x20E4, 0x20E4, 0x20E4, 0x20E4, 0x20E4, 0x20E4, 0x20E4, 0x20E4, 0x20E4, 0x20E4, 0x20E4, 0x20E4,
  0x20E4, 0x20E4, 0x20E4, 0x20E4, 0x20E4, 0x20E4, 0x20E4, 0x20E4, 0x20E4, 0x20E4, 0x20E4, 0x20E4,
  0x20E4, 0x20E4, 0x20E4, 0x20E4, 0x20E4, 0x20E4, 0x20E4, 0x20E4, 0x20E4, 0x20E4, 0x20E4, 0x20E4,
  0x20E4, 0x20E4, 0x20E4, 0x20E4, 0x2925, 0x6B2C, 0xD69A, 0xFFFF, 0xFFFF, 0xFFFF, 0xFFFF, 0xFFFF,
  0xFFFF, 0xFFFF, 0xFFFF, 0xFFFF, 0xFFFF, 0xFFFF, 0xFFFF, 0xFFFF, 0xFFFF, 0xFFFF, 0xFFFF, 0xFFFF,
  0xFFFF, 0xFFFF, 0xFFFF, 0xDEFB, 0x5AAA, 0x20E4, 0x20E4, 0x20E4, 0x20E4, 0x20E4, 0x20E4, 0x20E4,
  0x20E4, 0x20E4, 0x20E4, 0x41E8, 0xE71C, 0xFFFF, 0xFFFF, 0xFFFF, 0xFFFF, 0xFFFF, 0xFFFF, 0xFFFF,
  0xFFFF, 0xFFFF, 0xFFFF, 0xFFFF, 0xFFFF, 0xFFFF, 0xFFFF, 0xFFFF, 0xFFFF, 0xFFFF, 0xFFFF, 0xFFFF,
  0xFFFF, 0xFFFF, 0xFFFF, 0xFFFF, 0xFFFF, 0xFFFF, 0xFFFF, 0xFFFF, 0xFFFF, 0xFFFF, 0xFFFF, 0xFFFF,
  0xFFFF, 0xFFFF, 0xFFFF, 0xFFFF, 0xFFFF, 0xFFFF, 0xFFFF, 0xFFFF, 0xFFFF, 0xFFFF, 0xFFFF, 0xFFFF,
  0xE71C, 0x6B2D, 0x2104, 0x20E4, 0x20E4, 0x20E4, 0x20E4, 0x20E4, 0x20E4, 0x20E4, 0x20E4, 0x20E4,
  0x20E4, 0x20E4, 0x20E4, 0x20E4, 0x20E4, 0x20E4, 0x20E4, 0x20E4, 0x20E4, 0x20E4, 0x20E4, 0x20E4,
  0x20E4, 0x20E4, 0x20E4, 0x20E4, 0x20E4, 0x20E4, 0x20E4, 0x20E4, 0x20E4, 0x20E4, 0x20E4, 0x2924,
  0x632C, 0xEF7D, 0xFFFF, 0xFFFF, 0xFFFF, 0xFFFF, 0xFFFF, 0xFFFF, 0xFFFF, 0xFFFF, 0xFFFF, 0xFFFF,
  0xFFFF, 0xFFFF, 0xFFFF, 0xFFFF, 0xFFFF, 0xFFFF, 0xFFFF, 0xFFFF, 0xFFFF, 0xF79E, 0xCE79, 0xA514,
  0x7BCF, 0x528A, 0x3186, 0x2104, 0x20E4, 0x20E4, 0x20E4, 0x20E4, 0x20E4, 0x20E4, 0x20E4, 0x20E4,
  0x20E4, 0x20E4, 0x20E4, 0x20E4, 0x20E4, 0x20E4, 0x20E4, 0x20E4, 0x20E4, 0x20E4, 0x20E4, 0x20E4,
  0x20E4, 0x20E4, 0x20E4, 0x20E4, 0x20E4, 0x20E4, 0x20E4, 0x20E4, 0x20E4, 0x20E4, 0x20E4, 0x20E4,
  0x20E4, 0x20E4, 0x20E4, 0x20E4, 0x20E4, 0x20E4, 0x20E4, 0x20E4, 0x20E4, 0x20E4, 0x20E4, 0x20E4,
  0x20E4, 0x20E4, 0x20E4, 0x20E4, 0x20E4, 0x20E4, 0x20E4, 0x20E4, 0x20E4, 0x20E4, 0x20E4, 0x20E4,
  0x20E4, 0x20E4, 0x20E4, 0x20E4, 0x20E4, 0x20E4, 0x20E4, 0x20E4, 0x20E4, 0x20E4, 0x20E4, 0x20E4,
  0x20E4, 0x20E4, 0x20E4, 0x20E4, 0x20E4, 0x20E4, 0x20E4, 0x20E4, 0x20E4, 0x20E4, 0x20E4, 0x20E4,
  0x20E4, 0x20E4, 0x20E4, 0x20E4, 0x20E4, 0x20E4, 0x20E4, 0x20E4, 0x20E4, 0x20E4, 0x20E4, 0x20E4,
  0x20E4, 0x20E4, 0x20E4, 0x3165, 0x7BAE, 0xD69A, 0xFFFF, 0xFFFF, 0xFFFF, 0xFFFF, 0xFFFF, 0xFFFF,
  0xFFFF, 0xFFFF, 0xFFFF, 0xFFFF, 0xFFFF, 0xFFFF, 0xFFFF, 0xFFFF, 0xFFFF, 0xFFFF, 0xFFFF, 0xFFFF,
  0xFFFF, 0xFFFF, 0xFFFF, 0xCE79, 0x4A69, 0x20E4, 0x20E4, 0x20E4, 0x20E4, 0x20E4, 0x20E4, 0x20E4,
  0x20E4, 0x20E4, 0x2104, 0x5AAA, 0xEF5D, 0xFFFF, 0xFFFF, 0xFFFF, 0xFFFF, 0xFFFF, 0xFFFF, 0xFFFF,
  0xFFFF, 0xFFFF, 0xFFFF, 0xFFFF, 0xFFFF, 0xFFFF, 0xFFFF, 0xFFFF, 0xFFFF, 0xFFFF, 0xFFFF, 0xFFFF,
  0xFFFF, 0xFFFF, 0xFFFF, 0xFFFF, 0xFFFF, 0xFFFF, 0xFFFF, 0xFFFF, 0xFFFF, 0xFFFF, 0xFFFF, 0xFFFF,
  0xFFFF, 0xFFFF, 0xFFFF, 0xFFFF, 0xFFFF, 0xFFFF, 0xFFFF, 0xFFFF, 0xFFFF, 0xFFFF, 0xFFFF, 0xF7BE,
  0xA514, 0x3165, 0x20E4, 0x20E4, 0x20E4, 0x20E4, 0x20E4, 0x20E4, 0x20E4, 0x20E4, 0x20E4, 0x20E4,
  0x20E4, 0x20E4, 0x20E4, 0x20E4, 0x20E4, 0x20E4, 0x20E4, 0x20E4, 0x20E4, 0x20E4, 0x20E4, 0x20E4,
  0x20E4, 0x20E4, 0x20E4, 0x20E4, 0x20E4, 0x20E4, 0x20E4, 0x20E4, 0x20E4, 0x20E4, 0x20E4, 0x3186,
  0xAD55, 0xFFFF, 0xFFFF, 0xFFFF, 0xFFFF, 0xFFFF, 0xFFFF, 0xFFFF, 0xFFFF, 0xFFFF, 0xFFFF, 0xFFFF,
  0xFFFF, 0xFFFF, 0xFFFF, 0xFFFF, 0xFFFF, 0xFFFF, 0xFFFF, 0xFFFF, 0xFFFF, 0xFFFF, 0xFFFF, 0xFFFF,
  0xEF5D, 0xD69A, 0xB596, 0x8C71, 0x630C, 0x39A6, 0x2104, 0x20E4, 0x20E4, 0x20E4, 0x20E4, 0x20E4,
  0x20E4, 0x20E4, 0x20E4, 0x20E4, 0x20E4, 0x20E4, 0x20E4, 0x20E4, 0x20E4, 0x20E4, 0x20E4, 0x20E4,
  0x20E4, 0x20E4, 0x20E4, 0x20E4, 0x20E4, 0x20E4, 0x20E4, 0x20E4, 0x20E4, 0x20E4, 0x20E4, 0x20E4,
  0x20E4, 0x20E4, 0x20E4, 0x20E4, 0x20E4, 0x20E4, 0x20E4, 0x20E4, 0x20E4, 0x20E4, 0x20E4, 0x20E4,
  0x20E4, 0x20E4, 0x20E4, 0x20E4, 0x20E4, 0x20E4, 0x20E4, 0x20E4, 0x20E4, 0x20E4, 0x20E4, 0x20E4,
  0x20E4, 0x20E4, 0x20E4, 0x20E4, 0x20E4, 0x20E4, 0x20E4, 0x20E4, 0x20E4, 0x20E4, 0x20E4, 0x20E4,
  0x20E4, 0x20E4, 0x20E4, 0x20E4, 0x20E4, 0x20E4, 0x20E4, 0x20E4, 0x20E4, 0x20E4, 0x20E4, 0x20E4,
  0x20E4, 0x20E4, 0x20E4, 0x20E4, 0x20E4, 0x20E4, 0x20E4, 0x20E4, 0x20E4, 0x20E4, 0x20E4, 0x20E4,
  0x20E4, 0x2104, 0x4208, 0x9CD3, 0xE71C, 0xFFFF, 0xFFFF, 0xFFFF, 0xFFFF, 0xFFFF, 0xFFFF, 0xFFFF,
  0xFFFF, 0xFFFF, 0xFFFF, 0xFFFF, 0xFFFF, 0xFFFF, 0xFFFF, 0xFFFF, 0xFFFF, 0xFFFF, 0xFFFF, 0xFFFF,
  0xFFFF, 0xFFFF, 0xFFFF, 0xC618, 0x4228, 0x20E4, 0x20E4, 0x20E4, 0x20E4, 0x20E4, 0x20E4, 0x20E4,
  0x20E4, 0x20E4, 0x2104, 0x6B6D, 0xEF7D, 0xFFFF, 0xFFFF, 0xFFFF, 0xFFFF, 0xFFFF, 0xFFFF, 0xFFFF,
  0xFFFF, 0xFFFF, 0xFFFF, 0xFFFF, 0xFFFF, 0xFFFF, 0xFFFF, 0xFFFF, 0xFFFF, 0xFFFF, 0xFFFF, 0xFFFF,
  0xFFFF, 0xFFFF, 0xFFFF, 0xFFFF, 0xFFFF, 0xFFFF, 0xFFFF, 0xFFFF, 0xFFFF, 0xFFFF, 0xFFFF, 0xFFFF,
  0xFFFF, 0xFFFF, 0xFFFF, 0xFFFF, 0xFFFF, 0xFFFF, 0xFFFF, 0xFFFF, 0xFFFF, 0xFFFF, 0xFFFF, 0xE73C,
  0x528A, 0x2104, 0x20E4, 0x20E4, 0x20E4, 0x20E4, 0x20E4, 0x20E4, 0x20E4, 0x20E4, 0x20E4, 0x20E4,
  0x20E4, 0x20E4, 0x20E4, 0x20E4, 0x20E4, 0x20E4, 0x20E4, 0x20E4, 0x20E4, 0x20E4, 0x20E4, 0x20E4,
  0x20E4, 0x20E4, 0x20E4, 0x20E4, 0x20E4, 0x20E4, 0x20E4, 0x20E4, 0x20E4, 0x20E4, 0x2104, 0x4A28,
  0xE71C, 0xFFFF, 0xFFFF, 0xFFFF, 0xFFFF, 0xFFFF, 0xFFFF, 0xFFFF, 0xFFFF, 0xFFFF, 0xFFFF, 0xFFFF,
  0xFFFF, 0xFFFF, 0xFFFF, 0xFFFF, 0xFFFF, 0xFFFF, 0xFFFF, 0xFFFF, 0xFFFF, 0xFFFF, 0xFFFF, 0xFFFF,
  0xFFFF, 0xFFFF, 0xFFFF, 0xF79E, 0xDEFB, 0xCE59, 0xA514, 0x738E, 0x4228, 0x2924, 0x20E4, 0x20E4,
  0x20E4, 0x20E4, 0x20E4, 0x20E4, 0x20E4, 0x20E4, 0x20E4, 0x20E4, 0x20E4, 0x20E4, 0x20E4, 0x20E4,
  0x20E4, 0x20E4, 0x20E4, 0x20E4, 0x20E4, 0x20E4, 0x20E4, 0x20E4, 0x20E4, 0x20E4, 0x20E4, 0x20E4,
  0x20E4, 0x20E4, 0x20E4, 0x20E4, 0x20E4, 0x20E4, 0x20E4, 0x20E4, 0x20E4, 0x20E4, 0x20E4, 0x20E4,
  0x20E4, 0x20E4, 0x20E4, 0x20E4, 0x20E4, 0x20E4, 0x20E4, 0x20E4, 0x20E4, 0x20E4, 0x20E4, 0x20E4,
  0x20E4, 0x20E4, 0x20E4, 0x20E4, 0x20E4, 0x20E4, 0x20E4, 0x20E4, 0x20E4, 0x20E4, 0x20E4, 0x20E4,
  0x20E4, 0x20E4, 0x20E4, 0x20E4, 0x20E4, 0x20E4, 0x20E4, 0x20E4, 0x20E4, 0x20E4, 0x20E4, 0x20E4,
  0x20E4, 0x20E4, 0x20E4, 0x20E4, 0x20E4, 0x20E4, 0x20E4, 0x20E4, 0x20E4, 0x20E4, 0x20E4, 0x20E4,
  0x3165, 0x7BCF, 0xC638, 0xF79E, 0xFFFF, 0xFFFF, 0xFFFF, 0xFFFF, 0xFFFF, 0xFFFF, 0xFFFF, 0xFFFF,
  0xFFFF, 0xFFFF, 0xFFFF, 0xFFFF, 0xFFFF, 0xFFFF, 0xFFFF, 0xFFFF, 0xFFFF, 0xFFFF, 0xFFFF, 0xFFFF,
  0xFFFF, 0xFFFF, 0xFFFF, 0xB5B6, 0x41E7, 0x20E4, 0x20E4, 0x20E4, 0x20E4, 0x20E4, 0x20E4, 0x20E4,
  0x20E4, 0x20E4, 0x2104, 0x83EF, 0xEF7D, 0xFFFF, 0xFFFF, 0xFFFF, 0xFFFF, 0xFFFF, 0xFFFF, 0xFFFF,
  0xFFFF, 0xFFFF, 0xFFFF, 0xFFFF, 0xFFFF, 0xFFFF, 0xFFFF, 0xFFFF, 0xFFFF, 0xFFFF, 0xFFFF, 0xFFFF,
  0xFFFF, 0xFFFF, 0xFFFF, 0xFFFF, 0xFFFF, 0xFFFF, 0xFFFF, 0xFFFF, 0xFFFF, 0xFFFF, 0xFFFF, 0xFFFF,
  0xFFFF, 0xFFFF, 0xFFFF, 0xFFFF, 0xFFFF, 0xFFFF, 0xFFFF, 0xFFFF, 0xFFFF, 0xFFFF, 0xFFDF, 0xA514,
  0x3186, 0x20E4, 0x20E4, 0x20E4, 0x20E4, 0x20E4, 0x20E4, 0x20E4, 0x20E4, 0x20E4, 0x20E4, 0x20E4,
  0x20E4, 0x20E4, 0x20E4, 0x20E4, 0x20E4, 0x20E4, 0x20E4, 0x20E4, 0x20E4, 0x20E4, 0x20E4, 0x20E4,
  0x20E4, 0x20E4, 0x20E4, 0x20E4, 0x20E4, 0x20E4, 0x20E4, 0x20E4, 0x20E4, 0x20E4, 0x2924, 0x738E,
  0xF79E, 0xFFFF, 0xFFFF, 0xFFFF, 0xFFFF, 0xFFFF, 0xFFFF, 0xFFFF, 0xFFFF, 0xFFFF, 0xFFFF, 0xFFFF,
  0xFFFF, 0xFFFF, 0xFFFF, 0xFFFF, 0xFFFF, 0xFFFF, 0xFFFF, 0xFFFF, 0xFFFF, 0xFFFF, 0xFFFF, 0xFFFF,
  0xFFFF, 0xFFFF, 0xFFFF, 0xFFFF, 0xFFFF, 0xFFFF, 0xF7BE, 0xE73C, 0xDEDB, 0xC618, 0x9CB2, 0x6B4D,
  0x4208, 0x2945, 0x2924, 0x2104, 0x2104, 0x20E4, 0x20E4, 0x20E4, 0x20E4, 0x20E4, 0x20E4, 0x20E4,
  0x20E4, 0x20E4, 0x20E4, 0x20E4, 0x20E4, 0x20E4, 0x20E4, 0x20E4, 0x20E4, 0x20E4, 0x20E4, 0x20E4,
  0x20E4, 0x20E4, 0x20E4, 0x20E4, 0x20E4, 0x20E4, 0x20E4, 0x20E4, 0x20E4, 0x20E4, 0x20E4, 0x20E4,
  0x20E4, 0x20E4, 0x20E4, 0x20E4, 0x20E4, 0x20E4, 0x20E4, 0x20E4, 0x20E4, 0x20E4, 0x20E4, 0x20E4,
  0x20E4, 0x20E4, 0x20E4, 0x20E4, 0x20E4, 0x20E4, 0x20E4, 0x20E4, 0x20E4, 0x20E4, 0x20E4, 0x20E4,
  0x20E4, 0x20E4, 0x20E4, 0x20E4, 0x20E4, 0x20E4, 0x20E4, 0x20E4, 0x20E4, 0x20E4, 0x20E4, 0x20E4,
  0x20E4, 0x20E4, 0x20E4, 0x20E4, 0x20E4, 0x20E4, 0x20E4, 0x20E4, 0x2104, 0x2925, 0x41E7, 0x7BCF,
  0xC5F7, 0xEF5D, 0xFFFF, 0xFFFF, 0xFFFF, 0xFFFF, 0xFFFF, 0xFFFF, 0xFFFF, 0xFFFF, 0xFFFF, 0xFFFF,
  0xFFFF, 0xFFFF, 0xFFFF, 0xFFFF, 0xFFFF, 0xFFFF, 0xFFFF, 0xFFFF, 0xFFFF, 0xFFFF, 0xFFFF, 0xFFFF,
  0xFFFF, 0xFFFF, 0xFFFF, 0xAD55, 0x39A6, 0x20E4, 0x20E4, 0x20E4, 0x20E4, 0x20E4, 0x20E4, 0x20E4,
  0x20E4, 0x20E4, 0x2104, 0x8C71, 0xF79E, 0xFFFF, 0xFFFF, 0xFFFF, 0xFFFF, 0xFFFF, 0xFFFF, 0xFFFF,
  0xFFFF, 0xFFFF, 0xFFFF, 0xFFFF, 0xFFFF, 0xFFFF, 0xFFFF, 0xFFFF, 0xFFFF, 0xFFFF, 0xFFFF, 0xFFFF,
  0xFFFF, 0xFFFF, 0xFFFF, 0xFFFF, 0xFFFF, 0xFFFF, 0xFFFF, 0xFFFF, 0xFFFF, 0xFFFF, 0xFFFF, 0xFFFF,
  0xFFFF, 0xFFFF, 0xFFFF, 0xFFFF, 0xFFFF, 0xFFFF, 0xFFFF, 0xFFFF, 0xFFFF, 0xFFFF, 0xEF5D, 0x5ACB,
  0x2104, 0x20E4, 0x20E4, 0x20E4, 0x20E4, 0x20E4, 0x20E4, 0x20E4, 0x20E4, 0x20E4, 0x20E4, 0x20E4,
  0x20E4, 0x20E4, 0x20E4, 0x20E4, 0x20E4, 0x20E4, 0x20E4, 0x20E4, 0x20E4, 0x20E4, 0x20E4, 0x20E4,
  0x20E4, 0x20E4, 0x20E4, 0x20E4, 0x20E4, 0x20E4, 0x20E4, 0x20E4, 0x20E4, 0x20E4, 0x2945, 0x9CF3,
  0xF7BE, 0xFFFF, 0xFFFF, 0xFFFF, 0xFFFF, 0xFFFF, 0xFFFF, 0xFFFF, 0xFFFF, 0xFFFF, 0xFFFF, 0xFFFF,
  0xFFFF, 0xFFFF, 0xFFFF, 0xFFFF, 0xFFFF, 0xFFFF, 0xFFFF, 0xFFFF, 0xFFFF, 0xFFFF, 0xFFFF, 0xFFFF,
  0xFFFF, 0xFFFF, 0xFFFF, 0xFFFF, 0xFFFF, 0xFFFF, 0xFFFF, 0xFFFF, 0xFFFF, 0xFFDF, 0xF79E, 0xEF5D,
  0xDEDB, 0xBDF7, 0x94B2, 0x736D, 0x4A49, 0x39A6, 0x3166, 0x2945, 0x2104, 0x20E4, 0x20E4, 0x20E4,
  0x20E4, 0x20E4, 0x20E4, 0x20E4, 0x20E4, 0x20E4, 0x20E4, 0x20E4, 0x20E4, 0x20E4, 0x20E4, 0x20E4,
  0x20E4, 0x20E4, 0x20E4, 0x20E4, 0x20E4, 0x20E4, 0x20E4, 0x20E4, 0x20E4, 0x20E4, 0x20E4, 0x20E4,
  0x20E4, 0x20E4, 0x20E4, 0x20E4, 0x20E4, 0x20E4, 0x20E4, 0x20E4, 0x20E4, 0x20E4, 0x20E4, 0x20E4,
  0x20E4, 0x20E4, 0x20E4, 0x20E4, 0x20E4, 0x20E4, 0x20E4, 0x20E4, 0x20E4, 0x20E4, 0x20E4, 0x20E4,
  0x20E4, 0x20E4, 0x20E4, 0x20E4, 0x20E4, 0x20E4, 0x20E4, 0x20E4, 0x20E4, 0x20E4, 0x20E4, 0x20E4,
  0x20E4, 0x20E4, 0x20E4, 0x20E4, 0x2104, 0x2945, 0x3186, 0x41E7, 0x6B2C, 0xA4F3, 0xD69A, 0xEF7D,
  0xFFDF, 0xFFFF, 0xFFFF, 0xFFFF, 0xFFFF, 0xFFFF, 0xFFFF, 0xFFFF, 0xFFFF, 0xFFFF, 0xFFFF, 0xFFFF,
  0xFFFF, 0xFFFF, 0xFFFF, 0xFFFF, 0xFFFF, 0xFFFF, 0xFFFF, 0xFFFF, 0xFFFF, 0xFFFF, 0xFFFF, 0xFFFF,
  0xFFFF, 0xFFFF, 0xFFFF, 0xA4F3, 0x3166, 0x20E4, 0x20E4, 0x20E4, 0x20E4, 0x20E4, 0x20E4, 0x20E4,
  0x20E4, 0x20E4, 0x2924, 0x9CD3, 0xF7BE, 0xFFFF, 0xFFFF, 0xFFFF, 0xFFFF, 0xFFFF, 0xFFFF, 0xFFFF,
  0xFFFF, 0xFFFF, 0xFFFF, 0xFFFF, 0xFFFF, 0xFFFF, 0xFFFF, 0xFFFF, 0xFFFF, 0xFFFF, 0xFFFF, 0xFFFF,
  0xFFFF, 0xFFFF, 0xFFFF, 0xFFFF, 0xFFFF, 0xFFFF, 0xFFFF, 0xFFFF, 0xFFFF, 0xFFFF, 0xFFFF, 0xFFFF,
  0xFFFF, 0xFFFF, 0xFFFF, 0xFFFF, 0xFFFF, 0xFFFF, 0xFFFF, 0xFFFF, 0xFFFF, 0xFFFF, 0xA534, 0x39A6,
  0x20E4, 0x20E4, 0x20E4, 0x20E4, 0x20E4, 0x20E4, 0x20E4, 0x20E4, 0x20E4, 0x20E4, 0x20E4, 0x20E4,
  0x20E4, 0x20E4, 0x20E4, 0x20E4, 0x20E4, 0x20E4, 0x20E4, 0x20E4, 0x20E4, 0x20E4, 0x20E4, 0x20E4,
  0x20E4, 0x20E4, 0x20E4, 0x20E4, 0x20E4, 0x20E4, 0x20E4, 0x20E4, 0x20E4, 0x20E4, 0x2945, 0xBDD7,
  0xFFDF, 0xFFFF, 0xFFFF, 0xFFFF, 0xFFFF, 0xFFFF, 0xFFFF, 0xFFFF, 0xFFFF, 0xFFFF, 0xFFFF, 0xFFFF,
  0xFFFF, 0xFFFF, 0xFFFF, 0xFFFF, 0xFFFF, 0xFFFF, 0xFFFF, 0xFFFF, 0xFFFF, 0xFFFF, 0xFFFF, 0xFFFF,
  0xFFFF, 0xFFFF, 0xFFFF, 0xFFFF, 0xFFFF, 0xFFFF, 0xFFFF, 0xFFFF, 0xFFFF, 0xFFFF, 0xFFFF, 0xFFFF,
  0xFFFF, 0xFFDF, 0xF7BE, 0xEF7D, 0xEF3D, 0xD679, 0xAD55, 0x83EF, 0x3186, 0x20E4, 0x20E4, 0x20E4,
  0x20E4, 0x20E4, 0x20E4, 0x20E4, 0x20E4, 0x20E4, 0x20E4, 0x20E4, 0x20E4, 0x20E4, 0x20E4, 0x20E4,
  0x20E4, 0x20E4, 0x20E4, 0x20E4, 0x20E4, 0x20E4, 0x20E4, 0x20E4, 0x20E4, 0x20E4, 0x20E4, 0x20E4,
  0x20E4, 0x20E4, 0x20E4, 0x20E4, 0x20E4, 0x20E4, 0x20E4, 0x20E4, 0x20E4, 0x20E4, 0x20E4, 0x20E4,
  0x20E4, 0x20E4, 0x20E4, 0x20E4, 0x20E4, 0x20E4, 0x20E4, 0x20E4, 0x20E4, 0x20E4, 0x20E4, 0x20E4,
  0x20E4, 0x20E4, 0x20E4, 0x20E4, 0x20E4, 0x20E4, 0x20E4, 0x20E4, 0x20E4, 0x20E4, 0x2104, 0x2924,
  0x3165, 0x39A6, 0x39C7, 0x4A28, 0x62EC, 0x8C30, 0xB596, 0xDEDB, 0xEF7D, 0xF7BE, 0xFFFF, 0xFFFF,
  0xFFFF, 0xFFFF, 0xFFFF, 0xFFFF, 0xFFFF, 0xFFFF, 0xFFFF, 0xFFFF, 0xFFFF, 0xFFFF, 0xFFFF, 0xFFFF,
  0xFFFF, 0xFFFF, 0xFFFF, 0xFFFF, 0xFFFF, 0xFFFF, 0xFFFF, 0xFFFF, 0xFFFF, 0xFFFF, 0xFFFF, 0xFFFF,
  0xFFFF, 0xFFFF, 0xFFFF, 0x9492, 0x2945, 0x20E4, 0x20E4, 0x20E4, 0x20E4, 0x20E4, 0x20E4, 0x20E4,
  0x20E4, 0x20E4, 0x2924, 0xAD55, 0xF7BE, 0xFFFF, 0xFFFF, 0xFFFF, 0xFFFF, 0xFFFF, 0xFFFF, 0xFFFF,
  0xFFFF, 0xFFFF, 0xFFFF, 0xFFFF, 0xFFFF, 0xFFFF, 0xFFFF, 0xFFFF, 0xFFFF, 0xFFFF, 0xFFFF, 0xFFFF,
  0xFFFF, 0xFFFF, 0xFFFF, 0xFFFF, 0xFFFF, 0xFFFF, 0xFFFF, 0xFFFF, 0xFFFF, 0xFFFF, 0xFFFF, 0xFFFF,
  0xFFFF, 0xFFFF, 0xFFFF, 0xFFFF, 0xFFFF, 0xFFFF, 0xFFFF, 0xFFFF, 0xFFFF, 0xF79E, 0x630C, 0x2104,
  0x20E4, 0x20E4, 0x20E4, 0x20E4, 0x20E4, 0x20E4, 0x20E4, 0x20E4, 0x20E4, 0x20E4, 0x20E4, 0x20E4,
  0x20E4, 0x20E4, 0x20E4, 0x20E4, 0x20E4, 0x20E4, 0x20E4, 0x20E4, 0x20E4, 0x20E4, 0x20E4, 0x20E4,
  0x20E4, 0x20E4, 0x20E4, 0x20E4, 0x20E4, 0x20E4, 0x20E4, 0x20E4, 0x20E4, 0x20E4, 0x3165, 0xCE79,
  0xFFFF, 0xFFFF, 0xFFFF, 0xFFFF, 0xFFFF, 0xFFFF, 0xFFFF, 0xFFFF, 0xFFFF, 0xFFFF, 0xFFFF, 0xFFFF,
  0xFFFF, 0xFFFF, 0xFFFF, 0xFFFF, 0xFFFF, 0xFFFF, 0xFFFF, 0xFFFF, 0xFFFF, 0xFFFF, 0xFFFF, 0xFFFF,
  0xFFFF, 0xFFFF, 0xFFFF, 0xFFFF, 0xFFFF, 0xFFFF, 0xFFFF, 0xFFFF, 0xFFFF, 0xFFFF, 0xFFFF, 0xFFFF,
  0xFFFF, 0xFFFF, 0xFFFF, 0xFFFF, 0xFFFF, 0xFFFF, 0xFFDF, 0xE71C, 0x5ACB, 0x2104, 0x20E4, 0x20E4,
  0x20E4, 0x20E4, 0x20E4, 0x20E4, 0x20E4, 0x20E4, 0x20E4, 0x20E4, 0x20E4, 0x20E4, 0x20E4, 0x20E4,
  0x20E4, 0x20E4, 0x20E4, 0x20E4, 0x20E4, 0x20E4, 0x20E4, 0x20E4, 0x20E4, 0x20E4, 0x20E4, 0x20E4,
  0x20E4, 0x20E4, 0x20E4, 0x20E4, 0x20E4, 0x20E4, 0x20E4, 0x20E4, 0x20E4, 0x20E4, 0x20E4, 0x20E4,
  0x20E4, 0x20E4, 0x20E4, 0x20E4, 0x20E4, 0x20E4, 0x20E4, 0x20E4, 0x20E4, 0x20E4, 0x20E4, 0x20E4,
  0x20E4, 0x20E4, 0x20E4, 0x20E4, 0x20E4, 0x20E4, 0x20E4, 0x20E4, 0x20E4, 0x2104, 0x39A7, 0x6B6D,
  0x8C71, 0xAD75, 0xCE79, 0xEF5D, 0xF7BE, 0xFFDF, 0xFFDF, 0xFFFF, 0xFFFF, 0xFFFF, 0xFFFF, 0xFFFF,
  0xFFFF, 0xFFFF, 0xFFFF, 0xFFFF, 0xFFFF, 0xFFFF, 0xFFFF, 0xFFFF, 0xFFFF, 0xFFFF, 0xFFFF, 0xFFFF,
  0xFFFF, 0xFFFF, 0xFFFF, 0xFFFF, 0xFFFF, 0xFFFF, 0xFFFF, 0xFFFF, 0xFFFF, 0xFFFF, 0xFFFF, 0xFFFF,
  0xFFFF, 0xFFFF, 0xFFFF, 0x8C51, 0x2104, 0x20E4, 0x20E4, 0x20E4, 0x20E4, 0x20E4, 0x20E4, 0x20E4,
  0x20E4, 0x20E4, 0x2924, 0xBDB7, 0xFFDF, 0xFFFF, 0xFFFF, 0xFFFF, 0xFFFF, 0xFFFF, 0xFFFF, 0xFFFF,
  0xFFFF, 0xFFFF, 0xFFFF, 0xFFFF, 0xFFFF, 0xFFFF, 0xFFFF, 0xFFFF, 0xFFFF, 0xFFFF, 0xFFFF, 0xFFFF,
  0xFFFF, 0xFFFF, 0xFFFF, 0xFFFF, 0xFFFF, 0xFFFF, 0xFFFF, 0xFFFF, 0xFFFF, 0xFFFF, 0xFFFF, 0xFFFF,
  0xFFFF, 0xFFFF, 0xFFFF, 0xFFFF, 0xFFFF, 0xFFFF, 0xFFFF, 0xFFFF, 0xFFFF, 0xC618, 0x41E8, 0x20E4,
  0x20E4, 0x20E4, 0x20E4, 0x20E4, 0x20E4, 0x20E4, 0x20E4, 0x20E4, 0x20E4, 0x20E4, 0x20E4, 0x20E4,
  0x20E4, 0x20E4, 0x20E4, 0x20E4, 0x20E4, 0x20E4, 0x20E4, 0x20E4, 0x20E4, 0x20E4, 0x20E4, 0x20E4,
  0x20E4, 0x20E4, 0x20E4, 0x20E4, 0x20E4, 0x20E4, 0x20E4, 0x20E4, 0x20E4, 0x20E4, 0x3165, 0xD6BA,
  0xFFFF, 0xFFFF, 0xFFFF, 0xFFFF, 0xFFFF, 0xFFFF, 0xFFFF, 0xFFFF, 0xFFFF, 0xFFFF, 0xFFFF, 0xFFFF,
  0xFFFF, 0xFFFF, 0xFFFF, 0xFFFF, 0xFFFF, 0xFFFF, 0xFFFF, 0xFFFF, 0xFFFF, 0xFFFF, 0xFFFF, 0xFFFF,
  0xFFFF, 0xFFFF, 0xFFFF, 0xFFFF, 0xFFFF, 0xFFFF, 0xFFFF, 0xFFFF, 0xFFFF, 0xFFFF, 0xFFFF, 0xFFFF,
  0xFFFF, 0xFFFF, 0xFFFF, 0xFFFF, 0xFFFF, 0xFFFF, 0xFFFF, 0xEF7D, 0x6B2C, 0x2104, 0x20E4, 0x20E4,
  0x20E4, 0x20E4, 0x20E4, 0x20E4, 0x20E4, 0x20E4, 0x20E4, 0x20E4, 0x20E4, 0x39A6, 0x4A69, 0x4A49,
  0x4A28, 0x41E7, 0x39A7, 0x3186, 0x2945, 0x2924, 0x2104, 0x20E4, 0x20E4, 0x20E4, 0x20E4, 0x20E4,
  0x20E4, 0x20E4, 0x20E4, 0x20E4, 0x20E4, 0x20E4, 0x20E4, 0x20E4, 0x20E4, 0x20E4, 0x20E4, 0x20E4,
  0x20E4, 0x20E4, 0x20E4, 0x20E4, 0x20E4, 0x20E4, 0x2104, 0x2924, 0x2945, 0x3186, 0x3186, 0x2104,
  0x20E4, 0x20E4, 0x20E4, 0x20E4, 0x20E4, 0x20E4, 0x20E4, 0x20E4, 0x20E4, 0x2924, 0x73AE, 0xFFDF,
  0xFFFF, 0xFFFF, 0xFFFF, 0xFFFF, 0xFFFF, 0xFFFF, 0xFFFF, 0xFFFF, 0xFFFF, 0xFFFF, 0xFFFF, 0xFFFF,
  0xFFFF, 0xFFFF, 0xFFFF, 0xFFFF, 0xFFFF, 0xFFFF, 0xFFFF, 0xFFFF, 0xFFFF, 0xFFFF, 0xFFFF, 0xFFFF,
  0xFFFF, 0xFFFF, 0xFFFF, 0xFFFF, 0xFFFF, 0xFFFF, 0xFFFF, 0xFFFF, 0xFFFF, 0xFFFF, 0xFFFF, 0xFFFF,
  0xFFFF, 0xFFFF, 0xFFFF, 0x8C30, 0x2104, 0x20E4, 0x20E4, 0x20E4, 0x20E4, 0x20E4, 0x20E4, 0x20E4,
  0x20E4, 0x20E4, 0x2924, 0xC618, 0xFFDF, 0xFFFF, 0xFFFF, 0xFFFF, 0xFFFF, 0xFFFF, 0xFFFF, 0xFFFF,
  0xFFFF, 0xFFFF, 0xFFFF, 0xFFFF, 0xFFFF, 0xFFFF, 0xFFFF, 0xFFFF, 0xFFFF, 0xFFFF, 0xFFFF, 0xFFFF,
  0xFFFF, 0xFFFF, 0xFFFF, 0xFFFF, 0xFFFF, 0xFFFF, 0xFFFF, 0xFFFF, 0xFFFF, 0xFFFF, 0xFFFF, 0xFFFF,
  0xFFFF, 0xFFFF, 0xFFFF, 0xFFFF, 0xFFFF, 0xFFFF, 0xFFFF, 0xFFFF, 0xFFFF, 0x8C30, 0x2945, 0x20E4,
  0x20E4, 0x20E4, 0x20E4, 0x20E4, 0x20E4, 0x20E4, 0x20E4, 0x20E4, 0x20E4, 0x20E4, 0x20E4, 0x20E4,
  0x20E4, 0x20E4, 0x20E4, 0x20E4, 0x20E4, 0x20E4, 0x20E4, 0x20E4, 0x20E4, 0x20E4, 0x20E4, 0x20E4,
  0x20E4, 0x20E4, 0x20E4, 0x20E4, 0x20E4, 0x20E4, 0x20E4, 0x20E4, 0x20E4, 0x20E4, 0x3165, 0xDEDB,
  0xFFFF, 0xFFFF, 0xFFFF, 0xFFFF, 0xFFFF, 0xFFFF, 0xFFFF, 0xFFFF, 0xFFFF, 0xFFFF, 0xFFFF, 0xFFFF,
  0xFFFF, 0xFFFF, 0xFFFF, 0xFFFF, 0xFFFF, 0xFFFF, 0xFFFF, 0xFFFF, 0xFFFF, 0xFFFF, 0xFFFF, 0xFFFF,
  0xFFFF, 0xFFFF, 0xFFFF, 0xFFFF, 0xFFFF, 0xFFFF, 0xFFFF, 0xFFFF, 0xFFFF, 0xFFFF, 0xFFFF, 0xFFFF,
  0xFFFF, 0xFFFF, 0xFFFF, 0xFFFF, 0xFFFF, 0xFFFF, 0xFFFF, 0xEF7D, 0x738E, 0x2104, 0x20E4, 0x20E4,
  0x20E4, 0x20E4, 0x20E4, 0x20E4, 0x20E4, 0x20E4, 0x20E4, 0x20E4, 0x20E4, 0x630C, 0xC638, 0xD6BA,
  0xCE38, 0xBDD7, 0xAD75, 0x9CF3, 0x9492, 0x8430, 0x7BCF, 0x73AE, 0x736E, 0x6B4D, 0x6B2C, 0x62EC,
  0x5ACB, 0x5ACB, 0x5ACB, 0x5AAA, 0x52AA, 0x52AA, 0x52AA, 0x52AA, 0x52AA, 0x5AAA, 0x5ACB, 0x5ACB,
  0x62EB, 0x62EC, 0x632C, 0x6B4D, 0x738E, 0x7BAE, 0x83EF, 0x8C31, 0x9492, 0x9CF3, 0x8C30, 0x3186,
  0x20E4, 0x20E4, 0x20E4, 0x20E4, 0x20E4, 0x20E4, 0x20E4, 0x20E4, 0x20E4, 0x2924, 0x736D, 0xFFDF,
  0xFFFF, 0xFFFF, 0xFFFF, 0xFFFF, 0xFFFF, 0xFFFF, 0xFFFF, 0xFFFF, 0xFFFF, 0xFFFF, 0xFFFF, 0xFFFF,
  0xFFFF, 0xFFFF, 0xFFFF, 0xFFFF, 0xFFFF, 0xFFFF, 0xFFFF, 0xFFFF, 0xFFFF, 0xFFFF, 0xFFFF, 0xFFFF,
  0xFFFF, 0xFFFF, 0xFFFF, 0xFFFF, 0xFFFF, 0xFFFF, 0xFFFF, 0xFFFF, 0xFFFF, 0xFFFF, 0xFFFF, 0xFFFF,
  0xFFFF, 0xFFFF, 0xFFFF, 0x8410, 0x20E4, 0x20E4, 0x20E4, 0x20E4, 0x20E4, 0x20E4, 0x20E4, 0x20E4,
  0x20E4, 0x20E4, 0x2924, 0xC638, 0xFFFF, 0xFFFF, 0xFFFF, 0xFFFF, 0xFFFF, 0xFFFF, 0xFFFF, 0xFFFF,
  0xFFFF, 0xFFFF, 0xFFFF, 0xFFFF, 0xFFFF, 0xFFFF, 0xFFFF, 0xFFFF, 0xFFFF, 0xFFFF, 0xFFFF, 0xFFFF,
  0xFFFF, 0xFFFF, 0xFFFF, 0xFFFF, 0xFFFF, 0xFFFF, 0xFFFF, 0xFFFF, 0xFFFF, 0xFFFF, 0xFFFF, 0xFFFF,
  0xFFFF, 0xFFFF, 0xFFFF, 0xFFFF, 0xFFFF, 0xFFFF, 0xFFFF, 0xFFFF, 0xE71C, 0x5ACB, 0x2104, 0x20E4,
  0x20E4, 0x20E4, 0x20E4, 0x20E4, 0x20E4, 0x20E4, 0x20E4, 0x20E4, 0x20E4, 0x20E4, 0x20E4, 0x20E4,
  0x20E4, 0x20E4, 0x20E4, 0x20E4, 0x20E4, 0x20E4, 0x20E4, 0x20E4, 0x20E4, 0x20E4, 0x20E4, 0x20E4,
  0x20E4, 0x20E4, 0x20E4, 0x20E4, 0x20E4, 0x20E4, 0x20E4, 0x20E4, 0x20E4, 0x20E4, 0x3165, 0xD6BA,
  0xFFFF, 0xFFFF, 0xFFFF, 0xFFFF, 0xFFFF, 0xFFFF, 0xFFFF, 0xFFFF, 0xFFFF, 0xFFFF, 0xFFFF, 0xFFFF,
  0xFFFF, 0xFFFF, 0xFFFF, 0xFFFF, 0xFFFF, 0xFFFF, 0xFFFF, 0xFFFF, 0xFFFF, 0xFFFF, 0xFFFF, 0xFFFF,
  0xFFFF, 0xFFFF, 0xFFFF, 0xFFFF, 0xFFFF, 0xFFFF, 0xFFFF, 0xFFFF, 0xFFFF, 0xFFFF, 0xFFFF, 0xFFFF,
  0xFFFF, 0xFFFF, 0xFFFF, 0xFFFF, 0xFFFF, 0xFFFF, 0xFFFF, 0xEF7D, 0x738E, 0x2104, 0x20E4, 0x20E4,
  0x20E4, 0x20E4, 0x20E4, 0x20E4, 0x20E4, 0x20E4, 0x20E4, 0x20E4, 0x20E4, 0x39A7, 0xC5F8, 0xFFFF,
  0xFFFF, 0xFFFF, 0xFFFF, 0xFFFF, 0xFFFF, 0xFFFF, 0xFFFF, 0xFFDF, 0xF7BE, 0xEF7D, 0xEF5D, 0xE71C,
  0xDEFB, 0xDEDB, 0xDEDB, 0xD6BA, 0xD69A, 0xD69A, 0xD69A, 0xD69A, 0xD69A, 0xD6BA, 0xDEDB, 0xDEDB,
  0xE6FC, 0xE71C, 0xE73C, 0xEF7D, 0xF7BE, 0xFFFF, 0xFFFF, 0xFFFF, 0xFFFF, 0xFFFF, 0xCE59, 0x41E8,
  0x20E4, 0x20E4, 0x20E4, 0x20E4, 0x20E4, 0x20E4, 0x20E4, 0x20E4, 0x20E4, 0x2924, 0x6B4D, 0xFFDF,
  0xFFFF, 0xFFFF, 0xFFFF, 0xFFFF, 0xFFFF, 0xFFFF, 0xFFFF, 0xFFFF, 0xFFFF, 0xFFFF, 0xFFFF, 0xFFFF,
  0xFFFF, 0xFFFF, 0xFFFF, 0xFFFF, 0xFFFF, 0xFFFF, 0xFFFF, 0xFFFF, 0xFFFF, 0xFFFF, 0xFFFF, 0xFFFF,
  0xFFFF, 0xFFFF, 0xFFFF, 0xFFFF, 0xFFFF, 0xFFFF, 0xFFFF, 0xFFFF, 0xFFFF, 0xFFFF, 0xFFFF, 0xFFFF,
  0xFFFF, 0xFFFF, 0xFFDF, 0x8410, 0x20E4, 0x20E4, 0x20E4, 0x20E4, 0x20E4, 0x20E4, 0x20E4, 0x20E4,
  0x20E4, 0x20E4, 0x2924, 0xCE59, 0xFFFF, 0xFFFF, 0xFFFF, 0xFFFF, 0xFFFF, 0xFFFF, 0xFFFF, 0xFFFF,
  0xFFFF, 0xFFFF, 0xFFFF, 0xFFFF, 0xFFFF, 0xFFFF, 0xFFFF, 0xFFFF, 0xFFFF, 0xFFFF, 0xFFFF, 0xFFFF,
  0xFFFF, 0xFFFF, 0xFFFF, 0xFFFF, 0xFFFF, 0xFFFF, 0xFFFF, 0xFFFF, 0xFFFF, 0xFFFF, 0xFFFF, 0xFFFF,
  0xFFFF, 0xFFFF, 0xFFFF, 0xFFFF, 0xFFFF, 0xFFFF, 0xFFFF, 0xFFFF, 0xB596, 0x39C7, 0x20E4, 0x20E4,
  0x20E4, 0x20E4, 0x20E4, 0x20E4, 0x20E4, 0x20E4, 0x20E4, 0x20E4, 0x20E4, 0x20E4, 0x20E4, 0x20E4,
  0x20E4, 0x20E4, 0x20E4, 0x20E4, 0x20E4, 0x20E4, 0x20E4, 0x20E4, 0x20E4, 0x20E4, 0x20E4, 0x20E4,
  0x20E4, 0x20E4, 0x20E4, 0x20E4, 0x20E4, 0x20E4, 0x20E4, 0x20E4, 0x20E4, 0x20E4, 0x3165, 0xCE79,
  0xFFFF, 0xFFFF, 0xFFFF, 0xFFFF, 0xFFFF, 0xFFFF, 0xFFFF, 0xFFFF, 0xFFFF, 0xFFFF, 0xFFFF, 0xFFFF,
  0xFFFF, 0xFFFF, 0xFFFF, 0xFFFF, 0xFFFF, 0xFFFF, 0xFFFF, 0xFFFF, 0xFFFF, 0xFFFF, 0xFFFF, 0xFFFF,
  0xFFFF, 0xFFFF, 0xFFFF, 0xFFFF, 0xFFFF, 0xFFFF, 0xFFFF, 0xFFFF, 0xFFFF, 0xFFFF, 0xFFFF, 0xFFFF,
  0xFFFF, 0xFFFF, 0xFFFF, 0xFFFF, 0xFFFF, 0xFFFF, 0xFFFF, 0xEF7D, 0x736E, 0x2104, 0x20E4, 0x20E4,
  0x20E4, 0x20E4, 0x20E4, 0x20E4, 0x20E4, 0x20E4, 0x20E4, 0x20E4, 0x20E4, 0x2104, 0x9492, 0xF79E,
  0xFFFF, 0xFFFF, 0xFFFF, 0xFFFF, 0xFFFF, 0xFFFF, 0xFFFF, 0xFFFF, 0xFFFF, 0xFFFF, 0xFFFF, 0xFFFF,
  0xFFFF, 0xFFFF, 0xFFFF, 0xFFFF, 0xFFFF, 0xFFFF, 0xFFFF, 0xFFFF, 0xFFFF, 0xFFFF, 0xFFFF, 0xFFFF,
  0xFFFF, 0xFFFF, 0xFFFF, 0xFFFF, 0xFFFF, 0xFFFF, 0xFFFF, 0xFFFF, 0xFFFF, 0xFFFF, 0xCE59, 0x41E8,
  0x20E4, 0x20E4, 0x20E4, 0x20E4, 0x20E4, 0x20E4, 0x20E4, 0x20E4, 0x20E4, 0x2104, 0x630C, 0xFFDF,
  0xFFFF, 0xFFFF, 0xFFFF, 0xFFFF, 0xFFFF, 0xFFFF, 0xFFFF, 0xFFFF, 0xFFFF, 0xFFFF, 0xFFFF, 0xFFFF,
  0xFFFF, 0xFFFF, 0xFFFF, 0xFFFF, 0xFFFF, 0xFFFF, 0xFFFF, 0xFFFF, 0xFFFF, 0xFFFF, 0xFFFF, 0xFFFF,
  0xFFFF, 0xFFFF, 0xFFFF, 0xFFFF, 0xFFFF, 0xFFFF, 0xFFFF, 0xFFFF, 0xFFFF, 0xFFFF, 0xFFFF, 0xFFFF,
  0xFFFF, 0xFFFF, 0xFFDF, 0x7BEF, 0x20E4, 0x20E4, 0x20E4, 0x20E4, 0x20E4, 0x20E4, 0x20E4, 0x20E4,
  0x20E4, 0x20E4, 0x2925, 0xCE79, 0xFFFF, 0xFFFF, 0xFFFF, 0xFFFF, 0xFFFF, 0xFFFF, 0xFFFF, 0xFFFF,
  0xFFFF, 0xFFFF, 0xFFFF, 0xFFFF, 0xFFFF, 0xFFFF, 0xFFFF, 0xFFFF, 0xFFFF, 0xFFFF, 0xFFFF, 0xFFFF,
  0xFFFF, 0xFFFF, 0xFFFF, 0xFFFF, 0xFFFF, 0xFFFF, 0xFFFF, 0xFFFF, 0xFFFF, 0xFFFF, 0xFFFF, 0xFFFF,
  0xFFFF, 0xFFFF, 0xFFFF, 0xFFFF, 0xFFFF, 0xFFFF, 0xFFFF, 0xFFDF, 0x8C51, 0x2924, 0x20E4, 0x20E4,
  0x20E4, 0x20E4, 0x20E4, 0x20E4, 0x20E4, 0x20E4, 0x20E4, 0x20E4, 0x20E4, 0x20E4, 0x20E4, 0x20E4,
  0x20E4, 0x20E4, 0x20E4, 0x20E4, 0x20E4, 0x20E4, 0x20E4, 0x20E4, 0x20E4, 0x20E4, 0x20E4, 0x20E4,
  0x20E4, 0x20E4, 0x20E4, 0x20E4, 0x20E4, 0x20E4, 0x20E4, 0x20E4, 0x20E4, 0x20E4, 0x3165, 0xC618,
  0xFFDF, 0xFFFF, 0xFFFF, 0xFFFF, 0xFFFF, 0xFFFF, 0xFFFF, 0xFFFF, 0xFFFF, 0xFFFF, 0xFFFF, 0xFFFF,
  0xFFFF, 0xFFFF, 0xFFFF, 0xFFFF, 0xFFFF, 0xFFFF, 0xFFFF, 0xFFFF, 0xFFFF, 0xFFFF, 0xFFFF, 0xFFFF,
  0xFFFF, 0xFFFF, 0xFFFF, 0xFFFF, 0xFFFF, 0xFFFF, 0xFFFF, 0xFFFF, 0xFFFF, 0xFFFF, 0xFFFF, 0xFFFF,
  0xFFFF, 0xFFFF, 0xFFFF, 0xFFFF, 0xFFFF, 0xFFFF, 0xFFFF, 0xEF7D, 0x6B4D, 0x2104, 0x20E4, 0x20E4,
  0x20E4, 0x20E4, 0x20E4, 0x20E4, 0x20E4, 0x20E4, 0x20E4, 0x20E4, 0x20E4, 0x20E4, 0x630C, 0xE6FB,
  0xFFFF, 0xFFFF, 0xFFFF, 0xFFFF, 0xFFFF, 0xFFFF, 0xFFFF, 0xFFFF, 0xFFFF, 0xFFFF, 0xFFFF, 0xFFFF,
  0xFFFF, 0xFFFF, 0xFFFF, 0xFFFF, 0xFFFF, 0xFFFF, 0xFFFF, 0xFFFF, 0xFFFF, 0xFFFF, 0xFFFF, 0xFFFF,
  0xFFFF, 0xFFFF, 0xFFFF, 0xFFFF, 0xFFFF, 0xFFFF, 0xFFFF, 0xFFFF, 0xFFFF, 0xFFFF, 0xCE79, 0x4208,
  0x20E4, 0x20E4, 0x20E4, 0x20E4, 0x20E4, 0x20E4, 0x20E4, 0x20E4, 0x20E4, 0x2104, 0x5AEB, 0xFFDF,
  0xFFFF, 0xFFFF, 0xFFFF, 0xFFFF, 0xFFFF, 0xFFFF, 0xFFFF, 0xFFFF, 0xFFFF, 0xFFFF, 0xFFFF, 0xFFFF,
  0xFFFF, 0xFFFF, 0xFFFF, 0xFFFF, 0xFFFF, 0xFFFF, 0xFFFF, 0xFFFF, 0xFFFF, 0xFFFF, 0xFFFF, 0xFFFF,
  0xFFFF, 0xFFFF, 0xFFFF, 0xFFFF, 0xFFFF, 0xFFFF, 0xFFFF, 0xFFFF, 0xFFFF, 0xFFFF, 0xFFFF, 0xFFFF,
  0xFFFF, 0xFFFF, 0xF7BE, 0x7BCF, 0x20E4, 0x20E4, 0x20E4, 0x20E4, 0x20E4, 0x20E4, 0x20E4, 0x20E4,
  0x20E4, 0x20E4, 0x2925, 0xD69A, 0xFFFF, 0xFFFF, 0xFFFF, 0xFFFF, 0xFFFF, 0xFFFF, 0xFFFF, 0xFFFF,
  0xFFFF, 0xFFFF, 0xFFFF, 0xFFFF, 0xFFFF, 0xFFFF, 0xFFFF, 0xFFFF, 0xFFFF, 0xFFFF, 0xFFFF, 0xFFFF,
  0xFFFF, 0xFFFF, 0xFFFF, 0xFFFF, 0xFFFF, 0xFFFF, 0xFFFF, 0xFFFF, 0xFFFF, 0xFFFF, 0xFFFF, 0xFFFF,
  0xFFFF, 0xFFFF, 0xFFFF, 0xFFFF, 0xFFFF, 0xFFFF, 0xFFFF, 0xE73C, 0x6B4D, 0x20E4, 0x20E4, 0x20E4,
  0x20E4, 0x20E4, 0x20E4, 0x20E4, 0x20E4, 0x20E4, 0x20E4, 0x20E4, 0x20E4, 0x20E4, 0x20E4, 0x20E4,
  0x20E4, 0x20E4, 0x20E4, 0x20E4, 0x20E4, 0x20E4, 0x20E4, 0x20E4, 0x20E4, 0x20E4, 0x20E4, 0x20E4,
  0x20E4, 0x20E4, 0x20E4, 0x20E4, 0x20E4, 0x20E4, 0x20E4, 0x20E4, 0x20E4, 0x20E4, 0x2945, 0xB576,
  0xFFDF, 0xFFFF, 0xFFFF, 0xFFFF, 0xFFFF, 0xFFFF, 0xFFFF, 0xFFFF, 0xFFFF, 0xFFFF, 0xFFFF, 0xFFFF,
  0xFFFF, 0xFFFF, 0xFFFF, 0xFFFF, 0xFFFF, 0xFFFF, 0xFFFF, 0xFFFF, 0xFFFF, 0xFFFF, 0xFFFF, 0xFFFF,
  0xFFFF, 0xFFFF, 0xFFFF, 0xFFFF, 0xFFFF, 0xFFFF, 0xFFFF, 0xFFFF, 0xFFFF, 0xFFFF, 0xFFFF, 0xFFFF,
  0xFFFF, 0xFFFF, 0xFFFF, 0xFFFF, 0xFFFF, 0xFFFF, 0xFFFF, 0xEF5D, 0x52AA, 0x2104, 0x20E4, 0x20E4,
  0x20E4, 0x20E4, 0x20E4, 0x20E4, 0x20E4, 0x20E4, 0x20E4, 0x20E4, 0x20E4, 0x20E4, 0x39A6, 0xCE79,
  0xFFFF, 0xFFFF, 0xFFFF, 0xFFFF, 0xFFFF, 0xFFFF, 0xFFFF, 0xFFFF, 0xFFFF, 0xFFFF, 0xFFFF, 0xFFFF,
  0xFFFF, 0xFFFF, 0xFFFF, 0xFFFF, 0xFFFF, 0xFFFF, 0xFFFF, 0xFFFF, 0xFFFF, 0xFFFF, 0xFFFF, 0xFFFF,
  0xFFFF, 0xFFFF, 0xFFFF, 0xFFFF, 0xFFFF, 0xFFFF, 0xFFFF, 0xFFFF, 0xFFFF, 0xFFFF, 0xCE79, 0x4208,
  0x20E4, 0x20E4, 0x20E4, 0x20E4, 0x20E4, 0x20E4, 0x20E4, 0x20E4, 0x20E4, 0x2104, 0x5AEB, 0xFFDF,
  0xFFFF, 0xFFFF, 0xFFFF, 0xFFFF, 0xFFFF, 0xFFFF, 0xFFFF, 0xFFFF, 0xFFFF, 0xFFFF, 0xFFFF, 0xFFFF,
  0xFFFF, 0xFFFF, 0xFFFF, 0xFFFF, 0xFFFF, 0xFFFF, 0xFFFF, 0xFFFF, 0xFFFF, 0xFFFF, 0xFFFF, 0xFFFF,
  0xFFFF, 0xFFFF, 0xFFFF, 0xFFFF, 0xFFFF, 0xFFFF, 0xFFFF, 0xFFFF, 0xFFFF, 0xFFFF, 0xFFFF, 0xFFFF,
  0xFFFF, 0xFFFF, 0xF7BE, 0x7BCF, 0x20E4, 0x20E4, 0x20E4, 0x20E4, 0x20E4, 0x20E4, 0x20E4, 0x20E4,
  0x20E4, 0x20E4, 0x2925, 0xD69A, 0xFFFF, 0xFFFF, 0xFFFF, 0xFFFF, 0xFFFF, 0xFFFF, 0xFFFF, 0xFFFF,
  0xFFFF, 0xFFFF, 0xFFFF, 0xFFFF, 0xFFFF, 0xFFFF, 0xFFFF, 0xFFFF, 0xFFFF, 0xFFFF, 0xFFFF, 0xFFFF,
  0xFFFF, 0xFFFF, 0xFFFF, 0xFFFF, 0xFFFF, 0xFFFF, 0xFFFF, 0xFFFF, 0xFFFF, 0xFFFF, 0xFFFF, 0xFFFF,
  0xFFFF, 0xFFFF, 0xFFFF, 0xFFFF, 0xFFFF, 0xFFFF, 0xFFFF, 0xCE59, 0x5269, 0x20E4, 0x20E4, 0x20E4,
  0x20E4, 0x20E4, 0x20E4, 0x20E4, 0x20E4, 0x20E4, 0x20E4, 0x20E4, 0x20E4, 0x20E4, 0x20E4, 0x20E4,
  0x20E4, 0x20E4, 0x20E4, 0x20E4, 0x20E4, 0x20E4, 0x20E4, 0x20E4, 0x20E4, 0x20E4, 0x20E4, 0x20E4,
  0x20E4, 0x20E4, 0x20E4, 0x20E4, 0x20E4, 0x20E4, 0x20E4, 0x20E4, 0x20E4, 0x20E4, 0x2925, 0x9471,
  0xF7BE, 0xFFFF, 0xFFFF, 0xFFFF, 0xFFFF, 0xFFFF, 0xFFFF, 0xFFFF, 0xFFFF, 0xFFFF, 0xFFFF, 0xFFFF,
  0xFFFF, 0xFFFF, 0xFFFF, 0xFFFF, 0xFFFF, 0xFFFF, 0xFFFF, 0xFFFF, 0xFFFF, 0xFFFF, 0xFFFF, 0xFFFF,
  0xFFFF, 0xFFFF, 0xFFFF, 0xFFFF, 0xFFFF, 0xFFFF, 0xFFFF, 0xFFFF, 0xFFFF, 0xFFFF, 0xFFFF, 0xFFFF,
  0xFFFF, 0xFFFF, 0xFFFF, 0xFFFF, 0xFFFF, 0xFFFF, 0xFFFF, 0xDEFB, 0x39E7, 0x20E4, 0x20E4, 0x20E4,
  0x20E4, 0x20E4, 0x20E4, 0x20E4, 0x20E4, 0x20E4, 0x20E4, 0x20E4, 0x20E4, 0x20E4, 0x2104, 0xB596,
  0xFFDF, 0xFFFF, 0xFFFF, 0xFFFF, 0xFFFF, 0xFFFF, 0xFFFF, 0xFFFF, 0xFFFF, 0xFFFF, 0xFFFF, 0xFFFF,
  0xFFFF, 0xFFFF, 0xFFFF, 0xFFFF, 0xFFFF, 0xFFFF, 0xFFFF, 0xFFFF, 0xFFFF, 0xFFFF, 0xFFFF, 0xFFFF,
  0xFFFF, 0xFFFF, 0xFFFF, 0xFFFF, 0xFFFF, 0xFFFF, 0xFFFF, 0xFFFF, 0xFFFF, 0xFFFF, 0xD69A, 0x4208,
  0x20E4, 0x20E4, 0x20E4, 0x20E4, 0x20E4, 0x20E4, 0x20E4, 0x20E4, 0x20E4, 0x2104, 0x62EC, 0xFFDF,
  0xFFFF, 0xFFFF, 0xFFFF, 0xFFFF, 0xFFFF, 0xFFFF, 0xFFFF, 0xFFFF, 0xFFFF, 0xFFFF, 0xFFFF, 0xFFFF,
  0xFFFF, 0xFFFF, 0xFFFF, 0xFFFF, 0xFFFF, 0xFFFF, 0xFFFF, 0xFFFF, 0xFFFF, 0xFFFF, 0xFFFF, 0xFFFF,
  0xFFFF, 0xFFFF, 0xFFFF, 0xFFFF, 0xFFFF, 0xFFFF, 0xFFFF, 0xFFFF, 0xFFFF, 0xFFFF, 0xFFFF, 0xFFFF,
  0xFFFF, 0xFFFF, 0xFFDF, 0x83EF, 0x20E4, 0x20E4, 0x20E4, 0x20E4, 0x20E4, 0x20E4, 0x20E4, 0x20E4,
  0x20E4, 0x20E4, 0x2925, 0xCE79, 0xFFFF, 0xFFFF, 0xFFFF, 0xFFFF, 0xFFFF, 0xFFFF, 0xFFFF, 0xFFFF,
  0xFFFF, 0xFFFF, 0xFFFF, 0xFFFF, 0xFFFF, 0xFFFF, 0xFFFF, 0xFFFF, 0xFFFF, 0xFFFF, 0xFFFF, 0xFFFF,
  0xFFFF, 0xFFFF, 0xFFFF, 0xFFFF, 0xFFFF, 0xFFFF, 0xFFFF, 0xFFFF, 0xFFFF, 0xFFFF, 0xFFFF, 0xFFFF,
  0xFFFF, 0xFFFF, 0xFFFF, 0xFFFF, 0xFFFF, 0xFFFF, 0xFFFF, 0xAD75, 0x3186, 0x20E4, 0x20E4, 0x20E4,
  0x20E4, 0x20E4, 0x20E4, 0x20E4, 0x20E4, 0x20E4, 0x20E4, 0x20E4, 0x20E4, 0x20E4, 0x20E4, 0x20E4,
  0x20E4, 0x20E4, 0x20E4, 0x20E4, 0x20E4, 0x20E4, 0x20E4, 0x20E4, 0x20E4, 0x20E4, 0x20E4, 0x20E4,
  0x20E4, 0x20E4, 0x20E4, 0x20E4, 0x20E4, 0x20E4, 0x20E4, 0x20E4, 0x20E4, 0x20E4, 0x2104, 0x6B4D,
  0xF79E, 0xFFFF, 0xFFFF, 0xFFFF, 0xFFFF, 0xFFFF, 0xFFFF, 0xFFFF, 0xFFFF, 0xFFFF, 0xFFFF, 0xFFFF,
  0xFFFF, 0xFFFF, 0xFFFF, 0xFFFF, 0xFFFF, 0xFFFF, 0xFFFF, 0xFFFF, 0xFFFF, 0xFFFF, 0xFFFF, 0xFFFF,
  0xFFFF, 0xFFFF, 0xFFFF, 0xFFFF, 0xFFFF, 0xFFFF, 0xFFFF, 0xFFFF, 0xFFFF, 0xFFFF, 0xFFFF, 0xFFFF,
  0xFFFF, 0xFFFF, 0xFFFF, 0xFFFF, 0xFFFF, 0xFFFF, 0xFFDF, 0xBDD7, 0x3186, 0x20E4, 0x20E4, 0x20E4,
  0x20E4, 0x20E4, 0x20E4, 0x20E4, 0x20E4, 0x20E4, 0x20E4, 0x20E4, 0x20E4, 0x20E4, 0x20E4, 0x8410,
  0xEF7D, 0xFFFF, 0xFFFF, 0xFFFF, 0xFFFF, 0xFFFF, 0xFFFF, 0xFFFF, 0xFFFF, 0xFFFF, 0xFFFF, 0xFFFF,
  0xFFFF, 0xFFFF, 0xFFFF, 0xFFFF, 0xFFFF, 0xFFFF, 0xFFFF, 0xFFFF, 0xFFFF, 0xFFFF, 0xFFFF, 0xFFFF,
  0xFFFF, 0xFFFF, 0xFFFF, 0xFFFF, 0xFFFF, 0xFFFF, 0xFFFF, 0xFFFF, 0xFFFF, 0xFFFF, 0xD69A, 0x4208,
  0x20E4, 0x20E4, 0x20E4, 0x20E4, 0x20E4, 0x20E4, 0x20E4, 0x20E4, 0x20E4, 0x2104, 0x630C, 0xFFDF,
  0xFFFF, 0xFFFF, 0xFFFF, 0xFFFF, 0xFFFF, 0xFFFF, 0xFFFF, 0xFFFF, 0xFFFF, 0xFFFF, 0xFFFF, 0xFFFF,
  0xFFFF, 0xFFFF, 0xFFFF, 0xFFFF, 0xFFFF, 0xFFFF, 0xFFFF, 0xFFFF, 0xFFFF, 0xFFFF, 0xFFFF, 0xFFFF,
  0xFFFF, 0xFFFF, 0xFFFF, 0xFFFF, 0xFFFF, 0xFFFF, 0xFFFF, 0xFFFF, 0xFFFF, 0xFFFF, 0xFFFF, 0xFFFF,
  0xFFFF, 0xFFFF, 0xFFFF, 0x8410, 0x20E4, 0x20E4, 0x20E4, 0x20E4, 0x20E4, 0x20E4, 0x20E4, 0x20E4,
  0x20E4, 0x20E4, 0x2924, 0xCE59, 0xFFFF, 0xFFFF, 0xFFFF, 0xFFFF, 0xFFFF, 0xFFFF, 0xFFFF, 0xFFFF,
  0xFFFF, 0xFFFF, 0xFFFF, 0xFFFF, 0xFFFF, 0xFFFF, 0xFFFF, 0xFFFF, 0xFFFF, 0xFFFF, 0xFFFF, 0xFFFF,
  0xFFFF, 0xFFFF, 0xFFFF, 0xFFFF, 0xFFFF, 0xFFFF, 0xFFFF, 0xFFFF, 0xFFFF, 0xFFFF, 0xFFFF, 0xFFFF,
  0xFFFF, 0xFFFF, 0xFFFF, 0xFFFF, 0xFFFF, 0xFFFF, 0xF7BE, 0x9492, 0x2104, 0x20E4, 0x20E4, 0x20E4,
  0x20E4, 0x20E4, 0x20E4, 0x20E4, 0x20E4, 0x20E4, 0x20E4, 0x20E4, 0x20E4, 0x20E4, 0x20E4, 0x20E4,
  0x20E4, 0x20E4, 0x20E4, 0x20E4, 0x20E4, 0x20E4, 0x20E4, 0x20E4, 0x20E4, 0x20E4, 0x20E4, 0x20E4,
  0x20E4, 0x20E4, 0x20E4, 0x20E4, 0x20E4, 0x20E4, 0x20E4, 0x20E4, 0x20E4, 0x20E4, 0x2104, 0x4A29,
  0xE71C, 0xFFFF, 0xFFFF, 0xFFFF, 0xFFFF, 0xFFFF, 0xFFFF, 0xFFFF, 0xFFFF, 0xFFFF, 0xFFFF, 0xFFFF,
  0xFFFF, 0xFFFF, 0xFFFF, 0xFFFF, 0xFFFF, 0xFFFF, 0xFFFF, 0xFFFF, 0xFFFF, 0xFFFF, 0xFFFF, 0xFFFF,
  0xFFFF, 0xFFFF, 0xFFFF, 0xFFFF, 0xFFFF, 0xFFFF, 0xFFFF, 0xFFFF, 0xFFFF, 0xFFFF, 0xFFFF, 0xFFFF,
  0xFFFF, 0xFFFF, 0xFFFF, 0xFFFF, 0xFFFF, 0xFFFF, 0xF7BE, 0x8C30, 0x2945, 0x20E4, 0x20E4, 0x20E4,
  0x20E4, 0x20E4, 0x20E4, 0x20E4, 0x20E4, 0x20E4, 0x20E4, 0x20E4, 0x20E4, 0x20E4, 0x20E4, 0x5AAB,
  0xE71C, 0xFFFF, 0xFFFF, 0xFFFF, 0xFFFF, 0xFFFF, 0xFFFF, 0xFFFF, 0xFFFF, 0xFFFF, 0xFFFF, 0xFFFF,
  0xFFFF, 0xFFFF, 0xFFFF, 0xFFFF, 0xFFFF, 0xFFFF, 0xFFFF, 0xFFFF, 0xFFFF, 0xFFFF, 0xFFFF, 0xFFFF,
  0xFFFF, 0xFFFF, 0xFFFF, 0xFFFF, 0xFFFF, 0xFFFF, 0xFFFF, 0xFFFF, 0xFFFF, 0xFFFF, 0xCE79, 0x4208,
  0x20E4, 0x20E4, 0x20E4, 0x20E4, 0x20E4, 0x20E4, 0x20E4, 0x20E4, 0x20E4, 0x2924, 0x632C, 0xFFDF,
  0xFFFF, 0xFFFF, 0xFFFF, 0xFFFF, 0xFFFF, 0xFFFF, 0xFFFF, 0xFFFF, 0xFFFF, 0xFFFF, 0xFFFF, 0xFFFF,
  0xFFFF, 0xFFFF, 0xFFFF, 0xFFFF, 0xFFFF, 0xFFFF, 0xFFFF, 0xFFFF, 0xFFFF, 0xFFFF, 0xFFFF, 0xFFFF,
  0xFFFF, 0xFFFF, 0xFFFF, 0xFFFF, 0xFFFF, 0xFFFF, 0xFFFF, 0xFFFF, 0xFFFF, 0xFFFF, 0xFFFF, 0xFFFF,
  0xFFFF, 0xFFFF, 0xFFFF, 0x8410, 0x20E4, 0x20E4, 0x20E4, 0x20E4, 0x20E4, 0x20E4, 0x20E4, 0x20E4,
  0x20E4, 0x20E4, 0x2924, 0xC618, 0xFFDF, 0xFFFF, 0xFFFF, 0xFFFF, 0xFFFF, 0xFFFF, 0xFFFF, 0xFFFF,
  0xFFFF, 0xFFFF, 0xFFFF, 0xFFFF, 0xFFFF, 0xFFFF, 0xFFFF, 0xFFFF, 0xFFFF, 0xFFFF, 0xFFFF, 0xFFFF,
  0xFFFF, 0xFFFF, 0xFFFF, 0xFFFF, 0xFFFF, 0xFFFF, 0xFFFF, 0xFFFF, 0xFFFF, 0xFFFF, 0xFFFF, 0xFFFF,
  0xFFFF, 0xFFFF, 0xFFFF, 0xFFFF, 0xFFFF, 0xFFFF, 0xEF5D, 0x7BAE, 0x20E4, 0x20E4, 0x20E4, 0x20E4,
  0x20E4, 0x20E4, 0x20E4, 0x20E4, 0x20E4, 0x20E4, 0x20E4, 0x20E4, 0x20E4, 0x20E4, 0x20E4, 0x20E4,
  0x20E4, 0x20E4, 0x20E4, 0x20E4, 0x20E4, 0x20E4, 0x20E4, 0x20E4, 0x20E4, 0x20E4, 0x20E4, 0x20E4,
  0x20E4, 0x20E4, 0x20E4, 0x20E4, 0x20E4, 0x20E4, 0x20E4, 0x20E4, 0x20E4, 0x20E4, 0x20E4, 0x3186,
  0xB596, 0xFFFF, 0xFFFF, 0xFFFF, 0xFFFF, 0xFFFF, 0xFFFF, 0xFFFF, 0xFFFF, 0xFFFF, 0xFFFF, 0xFFFF,
  0xFFFF, 0xFFFF, 0xFFFF, 0xFFFF, 0xFFFF, 0xFFFF, 0xFFFF, 0xFFFF, 0xFFFF, 0xFFFF, 0xFFFF, 0xFFFF,
  0xFFFF, 0xFFFF, 0xFFFF, 0xFFFF, 0xFFFF, 0xFFFF, 0xFFFF, 0xFFFF, 0xFFFF, 0xFFFF, 0xFFFF, 0xFFFF,
  0xFFFF, 0xFFFF, 0xFFFF, 0xFFFF, 0xFFFF, 0xFFFF, 0xE73C, 0x528A, 0x2104, 0x20E4, 0x20E4, 0x20E4,
  0x20E4, 0x20E4, 0x20E4, 0x20E4, 0x20E4, 0x20E4, 0x20E4, 0x20E4, 0x20E4, 0x20E4, 0x20E4, 0x39A6,
  0xDEBA, 0xFFFF, 0xFFFF, 0xFFFF, 0xFFFF, 0xFFFF, 0xFFFF, 0xFFFF, 0xFFFF, 0xFFFF, 0xFFFF, 0xFFFF,
  0xFFFF, 0xFFFF, 0xFFFF, 0xFFFF, 0xFFFF, 0xFFFF, 0xFFFF, 0xFFFF, 0xFFFF, 0xFFFF, 0xFFFF, 0xFFFF,
  0xFFFF, 0xFFFF, 0xFFFF, 0xFFFF, 0xFFFF, 0xFFFF, 0xFFFF, 0xFFFF, 0xFFFF, 0xFFFF, 0xC618, 0x41E7,
  0x20E4, 0x20E4, 0x20E4, 0x20E4, 0x20E4, 0x20E4, 0x20E4, 0x20E4, 0x20E4, 0x2924, 0x6B4D, 0xFFDF,
  0xFFFF, 0xFFFF, 0xFFFF, 0xFFFF, 0xFFFF, 0xFFFF, 0xFFFF, 0xFFFF, 0xFFFF, 0xFFFF, 0xFFFF, 0xFFFF,
  0xFFFF, 0xFFFF, 0xFFFF, 0xFFFF, 0xFFFF, 0xFFFF, 0xFFFF, 0xFFFF, 0xFFFF, 0xFFFF, 0xFFFF, 0xFFFF,
  0xFFFF, 0xFFFF, 0xFFFF, 0xFFFF, 0xFFFF, 0xFFFF, 0xFFFF, 0xFFFF, 0xFFFF, 0xFFFF, 0xFFFF, 0xFFFF,
  0xFFFF, 0xFFFF, 0xFFFF, 0x8C30, 0x2104, 0x20E4, 0x20E4, 0x20E4, 0x20E4, 0x20E4, 0x20E4, 0x20E4,
  0x20E4, 0x20E4, 0x2924, 0xBDF7, 0xFFDF, 0xFFFF, 0xFFFF, 0xFFFF, 0xFFFF, 0xFFFF, 0xFFFF, 0xFFFF,
  0xFFFF, 0xFFFF, 0xFFFF, 0xFFFF, 0xFFFF, 0xFFFF, 0xFFFF, 0xFFFF, 0xFFFF, 0xFFFF, 0xFFFF, 0xFFFF,
  0xFFFF, 0xFFFF, 0xFFFF, 0xFFFF, 0xFFFF, 0xFFFF, 0xFFFF, 0xFFFF, 0xFFFF, 0xFFFF, 0xFFFF, 0xFFFF,
  0xFFFF, 0xFFFF, 0xFFFF, 0xFFFF, 0xFFFF, 0xFFFF, 0xDEFB, 0x630C, 0x20E4, 0x20E4, 0x20E4, 0x20E4,
  0x20E4, 0x20E4, 0x20E4, 0x20E4, 0x20E4, 0x20E4, 0x20E4, 0x20E4, 0x20E4, 0x20E4, 0x20E4, 0x20E4,
  0x20E4, 0x20E4, 0x20E4, 0x20E4, 0x20E4, 0x20E4, 0x20E4, 0x20E4, 0x20E4, 0x20E4, 0x20E4, 0x20E4,
  0x20E4, 0x20E4, 0x20E4, 0x20E4, 0x20E4, 0x20E4, 0x20E4, 0x20E4, 0x20E4, 0x20E4, 0x20E4, 0x2925,
  0x7BAE, 0xFFBF, 0xFFFF, 0xFFFF, 0xFFFF, 0xFFFF, 0xFFFF, 0xFFFF, 0xFFFF, 0xFFFF, 0xFFFF, 0xFFFF,
  0xFFFF, 0xFFFF, 0xFFFF, 0xFFFF, 0xFFFF, 0xFFFF, 0xFFFF, 0xFFFF, 0xFFFF, 0xFFFF, 0xFFFF, 0xFFFF,
  0xFFFF, 0xFFFF, 0xFFFF, 0xFFFF, 0xFFFF, 0xFFFF, 0xFFFF, 0xFFFF, 0xFFFF, 0xFFFF, 0xFFFF, 0xFFFF,
  0xFFFF, 0xFFFF, 0xFFFF, 0xFFFF, 0xFFFF, 0xFFFF, 0xAD34, 0x3186, 0x20E4, 0x20E4, 0x20E4, 0x20E4,
  0x20E4, 0x20E4, 0x20E4, 0x20E4, 0x20E4, 0x20E4, 0x20E4, 0x20E4, 0x20E4, 0x20E4, 0x20E4, 0x2924,
  0xCE38, 0xFFFF, 0xFFFF, 0xFFFF, 0xFFFF, 0xFFFF, 0xFFFF, 0xFFFF, 0xFFFF, 0xFFFF, 0xFFFF, 0xFFFF,
  0xFFFF, 0xFFFF, 0xFFFF, 0xFFFF, 0xFFFF, 0xFFFF, 0xFFFF, 0xFFFF, 0xFFFF, 0xFFFF, 0xFFFF, 0xFFFF,
  0xFFFF, 0xFFFF, 0xFFFF, 0xFFFF, 0xFFFF, 0xFFFF, 0xFFFF, 0xFFFF, 0xFFFF, 0xFFFF, 0xBDD7, 0x39C7,
  0x20E4, 0x20E4, 0x20E4, 0x20E4, 0x20E4, 0x20E4, 0x20E4, 0x20E4, 0x20E4, 0x2924, 0x6B6D, 0xFFDF,
  0xFFFF, 0xFFFF, 0xFFFF, 0xFFFF, 0xFFFF, 0xFFFF, 0xFFFF, 0xFFFF, 0xFFFF, 0xFFFF, 0xFFFF, 0xFFFF,
  0xFFFF, 0xFFFF, 0xFFFF, 0xFFFF, 0xFFFF, 0xFFFF, 0xFFFF, 0xFFFF, 0xFFFF, 0xFFFF, 0xFFFF, 0xFFFF,
  0xFFFF, 0xFFFF, 0xFFFF, 0xFFFF, 0xFFFF, 0xFFFF, 0xFFFF, 0xFFFF, 0xFFFF, 0xFFFF, 0xFFFF, 0xFFFF,
  0xFFFF, 0xFFFF, 0xFFFF, 0x8C71, 0x2924, 0x20E4, 0x20E4, 0x20E4, 0x20E4, 0x20E4, 0x20E4, 0x20E4,
  0x20E4, 0x20E4, 0x2924, 0xB596, 0xFFDF, 0xFFFF, 0xFFFF, 0xFFFF, 0xFFFF, 0xFFFF, 0xFFFF, 0xFFFF,
  0xFFFF, 0xFFFF, 0xFFFF, 0xFFFF, 0xFFFF, 0xFFFF, 0xFFFF, 0xFFFF, 0xFFFF, 0xFFFF, 0xFFFF, 0xFFFF,
  0xFFFF, 0xFFFF, 0xFFFF, 0xFFFF, 0xFFFF, 0xFFFF, 0xFFFF, 0xFFFF, 0xFFFF, 0xFFFF, 0xFFFF, 0xFFFF,
  0xFFFF, 0xFFFF, 0xFFFF, 0xFFFF, 0xFFFF, 0xFFFF, 0xD69A, 0x4A69, 0x20E4, 0x20E4, 0x20E4, 0x20E4,
  0x20E4, 0x20E4, 0x20E4, 0x20E4, 0x20E4, 0x20E4, 0x20E4, 0x20E4, 0x20E4, 0x20E4, 0x20E4, 0x20E4,
  0x20E4, 0x20E4, 0x20E4, 0x20E4, 0x20E4, 0x20E4, 0x20E4, 0x20E4, 0x20E4, 0x20E4, 0x20E4, 0x20E4,
  0x20E4, 0x20E4, 0x20E4, 0x20E4, 0x20E4, 0x20E4, 0x20E4, 0x20E4, 0x20E4, 0x20E4, 0x20E4, 0x2104,
  0x4A28, 0xD6BA, 0xFFFF, 0xFFFF, 0xFFFF, 0xFFFF, 0xFFFF, 0xFFFF, 0xFFFF, 0xFFFF, 0xFFFF, 0xFFFF,
  0xFFFF, 0xFFFF, 0xFFFF, 0xFFFF, 0xFFFF, 0xFFFF, 0xFFFF, 0xFFFF, 0xFFFF, 0xFFFF, 0xFFFF, 0xFFFF,
  0xFFFF, 0xFFFF, 0xFFFF, 0xFFFF, 0xFFFF, 0xFFFF, 0xFFFF, 0xFFFF, 0xFFFF, 0xFFFF, 0xFFFF, 0xFFFF,
  0xFFFF, 0xFFFF, 0xFFFF, 0xFFFF, 0xFFFF, 0xEF7D, 0x630C, 0x2104, 0x20E4, 0x20E4, 0x20E4, 0x20E4,
  0x20E4, 0x20E4, 0x20E4, 0x20E4, 0x20E4, 0x20E4, 0x20E4, 0x20E4, 0x20E4, 0x20E4, 0x20E4, 0x2124,
  0xAD75, 0xF7BE, 0xFFFF, 0xFFFF, 0xFFFF, 0xFFFF, 0xFFFF, 0xFFFF, 0xFFFF, 0xFFFF, 0xFFFF, 0xFFFF,
  0xFFFF, 0xFFFF, 0xFFFF, 0xFFFF, 0xFFFF, 0xFFFF, 0xFFFF, 0xFFFF, 0xFFFF, 0xFFFF, 0xFFFF, 0xFFFF,
  0xFFFF, 0xFFFF, 0xFFFF, 0xFFFF, 0xFFFF, 0xFFFF, 0xFFFF, 0xFFFF, 0xFFFF, 0xFFFF, 0xB596, 0x39C7,
  0x20E4, 0x20E4, 0x20E4, 0x20E4, 0x20E4, 0x20E4, 0x20E4, 0x20E4, 0x20E4, 0x2925, 0x7BAE, 0xFFDF,
  0xFFFF, 0xFFFF, 0xFFFF, 0xFFFF, 0xFFFF, 0xFFFF, 0xFFFF, 0xFFFF, 0xFFFF, 0xFFFF, 0xFFFF, 0xFFFF,
  0xFFFF, 0xFFFF, 0xFFFF, 0xFFFF, 0xFFFF, 0xFFFF, 0xFFFF, 0xFFFF, 0xFFFF, 0xFFFF, 0xFFFF, 0xFFFF,
  0xFFFF, 0xFFFF, 0xFFFF, 0xFFFF, 0xFFFF, 0xFFFF, 0xFFFF, 0xFFFF, 0xFFFF, 0xFFFF, 0xFFFF, 0xFFFF,
  0xFFFF, 0xFFFF, 0xFFFF, 0x94B2, 0x2945, 0x20E4, 0x20E4, 0x20E4, 0x20E4, 0x20E4, 0x20E4, 0x20E4,
  0x20E4, 0x20E4, 0x2924, 0xA534, 0xF7BE, 0xFFFF, 0xFFFF, 0xFFFF, 0xFFFF, 0xFFFF, 0xFFFF, 0xFFFF,
  0xFFFF, 0xFFFF, 0xFFFF, 0xFFFF, 0xFFFF, 0xFFFF, 0xFFFF, 0xFFFF, 0xFFFF, 0xFFFF, 0xFFFF, 0xFFFF,
  0xFFFF, 0xFFFF, 0xFFFF, 0xFFFF, 0xFFFF, 0xFFFF, 0xFFFF, 0xFFFF, 0xFFFF, 0xFFFF, 0xFFFF, 0xFFFF,
  0xFFFF, 0xFFFF, 0xFFFF, 0xFFFF, 0xFFFF, 0xFFFF, 0xC618, 0x39A7, 0x20E4, 0x20E4, 0x20E4, 0x20E4,
  0x20E4, 0x20E4, 0x20E4, 0x20E4, 0x20E4, 0x20E4, 0x20E4, 0x20E4, 0x20E4, 0x20E4, 0x20E4, 0x20E4,
  0x20E4, 0x20E4, 0x20E4, 0x20E4, 0x20E4, 0x20E4, 0x20E4, 0x20E4, 0x20E4, 0x20E4, 0x20E4, 0x20E4,
  0x20E4, 0x20E4, 0x20E4, 0x20E4, 0x20E4, 0x20E4, 0x20E4, 0x20E4, 0x20E4, 0x20E4, 0x20E4, 0x20E4,
  0x2945, 0x8C30, 0xFFFF, 0xFFFF, 0xFFFF, 0xFFFF, 0xFFFF, 0xFFFF, 0xFFFF, 0xFFFF, 0xFFFF, 0xFFFF,
  0xFFFF, 0xFFFF, 0xFFFF, 0xFFFF, 0xFFFF, 0xFFFF, 0xFFFF, 0xFFFF, 0xFFFF, 0xFFFF, 0xFFFF, 0xFFFF,
  0xFFFF, 0xFFFF, 0xFFFF, 0xFFFF, 0xFFFF, 0xFFFF, 0xFFFF, 0xFFFF, 0xFFFF, 0xFFFF, 0xFFFF, 0xFFFF,
  0xFFFF, 0xFFFF, 0xFFFF, 0xFFFF, 0xFFFF, 0xB5B6, 0x39C7, 0x20E4, 0x20E4, 0x20E4, 0x20E4, 0x20E4,
  0x20E4, 0x20E4, 0x20E4, 0x20E4, 0x20E4, 0x20E4, 0x20E4, 0x20E4, 0x20E4, 0x20E4, 0x20E4, 0x2104,
  0x9492, 0xF79E, 0xFFFF, 0xFFFF, 0xFFFF, 0xFFFF, 0xFFFF, 0xFFFF, 0xFFFF, 0xFFFF, 0xFFFF, 0xFFFF,
  0xFFFF, 0xFFFF, 0xFFFF, 0xFFFF, 0xFFFF, 0xFFFF, 0xFFFF, 0xFFFF, 0xFFFF, 0xFFFF, 0xFFFF, 0xFFFF,
  0xFFFF, 0xFFFF, 0xFFFF, 0xFFFF, 0xFFFF, 0xFFFF, 0xFFFF, 0xFFFF, 0xFFFF, 0xFFFF, 0xAD55, 0x39A6,
  0x20E4, 0x20E4, 0x20E4, 0x20E4, 0x20E4, 0x20E4, 0x20E4, 0x20E4, 0x20E4, 0x2945, 0x8410, 0xFFDF,
  0xFFFF, 0xFFFF, 0xFFFF, 0xFFFF, 0xFFFF, 0xFFFF, 0xFFFF, 0xFFFF, 0xFFFF, 0xFFFF, 0xFFFF, 0xFFFF,
  0xFFFF, 0xFFFF, 0xFFFF, 0xFFFF, 0xFFFF, 0xFFFF, 0xFFFF, 0xFFFF, 0xFFFF, 0xFFFF, 0xFFFF, 0xFFFF,
  0xFFFF, 0xFFFF, 0xFFFF, 0xFFFF, 0xFFFF, 0xFFFF, 0xFFFF, 0xFFFF, 0xFFFF, 0xFFFF, 0xFFFF, 0xFFFF,
  0xFFFF, 0xFFFF, 0xFFFF, 0xA4F3, 0x3186, 0x20E4, 0x20E4, 0x20E4, 0x20E4, 0x20E4, 0x20E4, 0x20E4,
  0x20E4, 0x20E4, 0x2924, 0x9CD3, 0xF7BE, 0xFFFF, 0xFFFF, 0xFFFF, 0xFFFF, 0xFFFF, 0xFFFF, 0xFFFF,
  0xFFFF, 0xFFFF, 0xFFFF, 0xFFFF, 0xFFFF, 0xFFFF, 0xFFFF, 0xFFFF, 0xFFFF, 0xFFFF, 0xFFFF, 0xFFFF,
  0xFFFF, 0xFFFF, 0xFFFF, 0xFFFF, 0xFFFF, 0xFFFF, 0xFFFF, 0xFFFF, 0xFFFF, 0xFFFF, 0xFFFF, 0xFFFF,
  0xFFFF, 0xFFFF, 0xFFFF, 0xFFFF, 0xFFFF, 0xFFFF, 0xB5B6, 0x2924, 0x20E4, 0x20E4, 0x20E4, 0x20E4,
  0x20E4, 0x20E4, 0x20E4, 0x20E4, 0x20E4, 0x20E4, 0x20E4, 0x20E4, 0x20E4, 0x20E4, 0x20E4, 0x20E4,
  0x20E4, 0x20E4, 0x20E4, 0x20E4, 0x20E4, 0x20E4, 0x20E4, 0x20E4, 0x20E4, 0x20E4, 0x20E4, 0x20E4,
  0x20E4, 0x20E4, 0x20E4, 0x20E4, 0x20E4, 0x20E4, 0x20E4, 0x20E4, 0x20E4, 0x20E4, 0x20E4, 0x20E4,
  0x2104, 0x4A49, 0xD679, 0xFFFF, 0xFFFF, 0xFFFF, 0xFFFF, 0xFFFF, 0xFFFF, 0xFFFF, 0xFFFF, 0xFFFF,
  0xFFFF, 0xFFFF, 0xFFFF, 0xFFFF, 0xFFFF, 0xFFFF, 0xFFFF, 0xFFFF, 0xFFFF, 0xFFFF, 0xFFFF, 0xFFFF,
  0xFFFF, 0xFFFF, 0xFFFF, 0xFFFF, 0xFFFF, 0xFFFF, 0xFFFF, 0xFFFF, 0xFFFF, 0xFFFF, 0xFFFF, 0xFFFF,
  0xFFFF, 0xFFFF, 0xFFFF, 0xFFFF, 0xF79E, 0x6B4D, 0x2924, 0x20E4, 0x20E4, 0x20E4, 0x20E4, 0x20E4,
  0x20E4, 0x20E4, 0x20E4, 0x20E4, 0x20E4, 0x20E4, 0x20E4, 0x20E4, 0x20E4, 0x20E4, 0x20E4, 0x2104,
  0x7BAE, 0xEF7D, 0xFFFF, 0xFFFF, 0xFFFF, 0xFFFF, 0xFFFF, 0xFFFF, 0xFFFF, 0xFFFF, 0xFFFF, 0xFFFF,
  0xFFFF, 0xFFFF, 0xFFFF, 0xFFFF, 0xFFFF, 0xFFFF, 0xFFFF, 0xFFFF, 0xFFFF, 0xFFFF, 0xFFFF, 0xFFFF,
  0xFFFF, 0xFFFF, 0xFFFF, 0xFFFF, 0xFFFF, 0xFFFF, 0xFFFF, 0xFFFF, 0xFFFF, 0xFFFF, 0xA4F3, 0x3186,
  0x20E4, 0x20E4, 0x20E4, 0x20E4, 0x20E4, 0x20E4, 0x20E4, 0x20E4, 0x20E4, 0x2965, 0x9471, 0xFFDF,
  0xFFFF, 0xFFFF, 0xFFFF, 0xFFFF, 0xFFFF, 0xFFFF, 0xFFFF, 0xFFFF, 0xFFFF, 0xFFFF, 0xFFFF, 0xFFFF,
  0xFFFF, 0xFFFF, 0xFFFF, 0xFFFF, 0xFFFF, 0xFFFF, 0xFFFF, 0xFFFF, 0xFFFF, 0xFFFF, 0xFFFF, 0xFFFF,
  0xFFFF, 0xFFFF, 0xFFFF, 0xFFFF, 0xFFFF, 0xFFFF, 0xFFFF, 0xFFFF, 0xFFFF, 0xFFFF, 0xFFFF, 0xFFFF,
  0xFFFF, 0xFFFF, 0xFFFF, 0xAD55, 0x39A6, 0x20E4, 0x20E4, 0x20E4, 0x20E4, 0x20E4, 0x20E4, 0x20E4,
  0x20E4, 0x20E4, 0x2104, 0x8C51, 0xF79E, 0xFFFF, 0xFFFF, 0xFFFF, 0xFFFF, 0xFFFF, 0xFFFF, 0xFFFF,
  0xFFFF, 0xFFFF, 0xFFFF, 0xFFFF, 0xFFFF, 0xFFFF, 0xFFFF, 0xFFFF, 0xFFFF, 0xFFFF, 0xFFFF, 0xFFFF,
  0xFFFF, 0xFFFF, 0xFFFF, 0xFFFF, 0xFFFF, 0xFFFF, 0xFFFF, 0xFFFF, 0xFFFF, 0xFFFF, 0xFFFF, 0xFFFF,
  0xFFFF, 0xFFFF, 0xFFFF, 0xFFFF, 0xFFFF, 0xFFDF, 0xAD35, 0x20E4, 0x20E4, 0x20E4, 0x20E4, 0x20E4,
  0x20E4, 0x20E4, 0x20E4, 0x20E4, 0x20E4, 0x20E4, 0x20E4, 0x20E4, 0x20E4, 0x20E4, 0x20E4, 0x20E4,
  0x20E4, 0x20E4, 0x20E4, 0x20E4, 0x20E4, 0x20E4, 0x20E4, 0x20E4, 0x20E4, 0x20E4, 0x20E4, 0x20E4,
  0x20E4, 0x20E4, 0x20E4, 0x20E4, 0x20E4, 0x20E4, 0x20E4, 0x20E4, 0x20E4, 0x20E4, 0x20E4, 0x20E4,
  0x20E4, 0x2925, 0x738E, 0xEF5D, 0xFFFF, 0xFFFF, 0xFFFF, 0xFFFF, 0xFFFF, 0xFFFF, 0xFFFF, 0xFFFF,
  0xFFFF, 0xFFFF, 0xFFFF, 0xFFFF, 0xFFFF, 0xFFFF, 0xFFFF, 0xFFFF, 0xFFFF, 0xFFFF, 0xFFFF, 0xFFFF,
  0xFFFF, 0xFFFF, 0xFFFF, 0xFFFF, 0xFFFF, 0xFFFF, 0xFFFF, 0xFFFF, 0xFFFF, 0xFFFF, 0xFFFF, 0xFFFF,
  0xFFFF, 0xFFFF, 0xFFFF, 0xFFFF, 0xAD55, 0x39C7, 0x20E4, 0x20E4, 0x20E4, 0x20E4, 0x20E4, 0x20E4,
  0x20E4, 0x20E4, 0x20E4, 0x20E4, 0x20E4, 0x20E4, 0x20E4, 0x20E4, 0x20E4, 0x20E4, 0x20E4, 0x2104,
  0x6B2C, 0xEF5D, 0xFFFF, 0xFFFF, 0xFFFF, 0xFFFF, 0xFFFF, 0xFFFF, 0xFFFF, 0xFFFF, 0xFFFF, 0xFFFF,
  0xFFFF, 0xFFFF, 0xFFFF, 0xFFFF, 0xFFFF, 0xFFFF, 0xFFFF, 0xFFFF, 0xFFFF, 0xFFFF, 0xFFFF, 0xFFFF,
  0xFFFF, 0xFFFF, 0xFFFF, 0xFFFF, 0xFFFF, 0xFFFF, 0xFFFF, 0xFFFF, 0xFFFF, 0xFFFF, 0x8C71, 0x3165,
  0x20E4, 0x20E4, 0x20E4, 0x20E4, 0x20E4, 0x20E4, 0x20E4, 0x20E4, 0x20E4, 0x3165, 0x9CD3, 0xFFFF,
  0xFFFF, 0xFFFF, 0xFFFF, 0xFFFF, 0xFFFF, 0xFFFF, 0xFFFF, 0xFFFF, 0xFFFF, 0xFFFF, 0xFFFF, 0xFFFF,
  0xFFFF, 0xFFFF, 0xFFFF, 0xFFFF, 0xFFFF, 0xFFFF, 0xFFFF, 0xFFFF, 0xFFFF, 0xFFFF, 0xFFFF, 0xFFFF,
  0xFFFF, 0xFFFF, 0xFFFF, 0xFFFF, 0xFFFF, 0xFFFF, 0xFFFF, 0xFFFF, 0xFFFF, 0xFFFF, 0xFFFF, 0xFFFF,
  0xFFFF, 0xFFFF, 0xFFFF, 0xB5B6, 0x41E7, 0x20E4, 0x20E4, 0x20E4, 0x20E4, 0x20E4, 0x20E4, 0x20E4,
  0x20E4, 0x20E4, 0x2104, 0x7BCF, 0xEF7D, 0xFFFF, 0xFFFF, 0xFFFF, 0xFFFF, 0xFFFF, 0xFFFF, 0xFFFF,
  0xFFFF, 0xFFFF, 0xFFFF, 0xFFFF, 0xFFFF, 0xFFFF, 0xFFFF, 0xFFFF, 0xFFFF, 0xFFFF, 0xFFFF, 0xFFFF,
  0xFFFF, 0xFFFF, 0xFFFF, 0xFFFF, 0xFFFF, 0xFFFF, 0xFFFF, 0xFFFF, 0xFFFF, 0xFFFF, 0xFFFF, 0xFFFF,
  0xFFFF, 0xFFFF, 0xFFFF, 0xFFFF, 0xFFFF, 0xF7BE, 0x9CD3, 0x20E4, 0x20E4, 0x20E4, 0x20E4, 0x20E4,
  0x20E4, 0x20E4, 0x20E4, 0x20E4, 0x20E4, 0x20E4, 0x20E4, 0x20E4, 0x20E4, 0x20E4, 0x20E4, 0x20E4,
  0x20E4, 0x20E4, 0x20E4, 0x20E4, 0x20E4, 0x20E4, 0x20E4, 0x20E4, 0x20E4, 0x20E4, 0x20E4, 0x20E4,
  0x20E4, 0x20E4, 0x20E4, 0x20E4, 0x20E4, 0x20E4, 0x20E4, 0x20E4, 0x20E4, 0x20E4, 0x20E4, 0x20E4,
  0x20E4, 0x20E4, 0x3186, 0x94B2, 0xF79E, 0xFFFF, 0xFFFF, 0xFFFF, 0xFFFF, 0xFFFF, 0xFFFF, 0xFFFF,
  0xFFFF, 0xFFFF, 0xFFFF, 0xFFFF, 0xFFFF, 0xFFFF, 0xFFFF, 0xFFFF, 0xFFFF, 0xFFFF, 0xFFFF, 0xFFFF,
  0xFFFF, 0xFFFF, 0xFFFF, 0xFFFF, 0xFFFF, 0xFFFF, 0xFFFF, 0xFFFF, 0xFFFF, 0xFFFF, 0xFFFF, 0xFFFF,
  0xFFFF, 0xFFFF, 0xFFFF, 0xD6BA, 0x5ACB, 0x2104, 0x20E4, 0x20E4, 0x20E4, 0x20E4, 0x20E4, 0x20E4,
  0x20E4, 0x20E4, 0x20E4, 0x20E4, 0x20E4, 0x20E4, 0x20E4, 0x20E4, 0x20E4, 0x20E4, 0x20E4, 0x2104,
  0x5AEB, 0xEF5D, 0xFFFF, 0xFFFF, 0xFFFF, 0xFFFF, 0xFFFF, 0xFFFF, 0xFFFF, 0xFFFF, 0xFFFF, 0xFFFF,
  0xFFFF, 0xFFFF, 0xFFFF, 0xFFFF, 0xFFFF, 0xFFFF, 0xFFFF, 0xFFFF, 0xFFFF, 0xFFFF, 0xFFFF, 0xFFFF,
  0xFFFF, 0xFFFF, 0xFFFF, 0xFFFF, 0xFFFF, 0xFFFF, 0xFFFF, 0xFFFF, 0xFFFF, 0xFFFF, 0x7BCF, 0x2945,
  0x20E4, 0x20E4, 0x20E4, 0x20E4, 0x20E4, 0x20E4, 0x20E4, 0x20E4, 0x20E4, 0x3186, 0xAD55, 0xFFFF,
  0xFFFF, 0xFFFF, 0xFFFF, 0xFFFF, 0xFFFF, 0xFFFF, 0xFFFF, 0xFFFF, 0xFFFF, 0xFFFF, 0xFFFF, 0xFFFF,
  0xFFFF, 0xFFFF, 0xFFFF, 0xFFFF, 0xFFFF, 0xFFFF, 0xFFFF, 0xFFFF, 0xFFFF, 0xFFFF, 0xFFFF, 0xFFFF,
  0xFFFF, 0xFFFF, 0xFFFF, 0xFFFF, 0xFFFF, 0xFFFF, 0xFFFF, 0xFFFF, 0xFFFF, 0xFFFF, 0xFFFF, 0xFFFF,
  0xFFFF, 0xFFFF, 0xFFFF, 0xC5F7, 0x4208, 0x20E4, 0x20E4, 0x20E4, 0x20E4, 0x20E4, 0x20E4, 0x20E4,
  0x20E4, 0x20E4, 0x2104, 0x6B2C, 0xEF5D, 0xFFFF, 0xFFFF, 0xFFFF, 0xFFFF, 0xFFFF, 0xFFFF, 0xFFFF,
  0xFFFF, 0xFFFF, 0xFFFF, 0xFFFF, 0xFFFF, 0xFFFF, 0xFFFF, 0xFFFF, 0xFFFF, 0xFFFF, 0xFFFF, 0xFFFF,
  0xFFFF, 0xFFFF, 0xFFFF, 0xFFFF, 0xFFFF, 0xFFFF, 0xFFFF, 0xFFFF, 0xFFFF, 0xFFFF, 0xFFFF, 0xFFFF,
  0xFFFF, 0xFFFF, 0xFFFF, 0xFFFF, 0xFFFF, 0xF79E, 0x9472, 0x20E4, 0x20E4, 0x20E4, 0x20E4, 0x20E4,
  0x20E4, 0x20E4, 0x20E4, 0x20E4, 0x20E4, 0x20E4, 0x20E4, 0x20E4, 0x20E4, 0x20E4, 0x20E4, 0x20E4,
  0x20E4, 0x20E4, 0x20E4, 0x20E4, 0x20E4, 0x20E4, 0x20E4, 0x20E4, 0x20E4, 0x20E4, 0x20E4, 0x20E4,
  0x20E4, 0x20E4, 0x20E4, 0x20E4, 0x20E4, 0x20E4, 0x20E4, 0x20E4, 0x20E4, 0x20E4, 0x20E4, 0x20E4,
  0x20E4, 0x20E4, 0x2104, 0x4208, 0xB596, 0xFFDF, 0xFFFF, 0xFFFF, 0xFFFF, 0xFFFF, 0xFFFF, 0xFFFF,
  0xFFFF, 0xFFFF, 0xFFFF, 0xFFFF, 0xFFFF, 0xFFFF, 0xFFFF, 0xFFFF, 0xFFFF, 0xFFFF, 0xFFFF, 0xFFFF,
  0xFFFF, 0xFFFF, 0xFFFF, 0xFFFF, 0xFFFF, 0xFFFF, 0xFFFF, 0xFFFF, 0xFFFF, 0xFFFF, 0xFFFF, 0xFFFF,
  0xFFFF, 0xFFFF, 0xEF5D, 0x8410, 0x2945, 0x20E4, 0x20E4, 0x20E4, 0x20E4, 0x20E4, 0x20E4, 0x20E4,
  0x20E4, 0x20E4, 0x20E4, 0x20E4, 0x20E4, 0x20E4, 0x20E4, 0x20E4, 0x20E4, 0x20E4, 0x20E4, 0x2104,
  0x52AA, 0xE73C, 0xFFFF, 0xFFFF, 0xFFFF, 0xFFFF, 0xFFFF, 0xFFFF, 0xFFFF, 0xFFFF, 0xFFFF, 0xFFFF,
  0xFFFF, 0xFFFF, 0xFFFF, 0xFFFF, 0xFFFF, 0xFFFF, 0xFFFF, 0xFFFF, 0xFFFF, 0xFFFF, 0xFFFF, 0xFFFF,
  0xFFFF, 0xFFFF, 0xFFFF, 0xFFFF, 0xFFFF, 0xFFFF, 0xFFFF, 0xFFFF, 0xFFFF, 0xFFFF, 0x6B2C, 0x2104,
  0x20E4, 0x20E4, 0x20E4, 0x20E4, 0x20E4, 0x20E4, 0x20E4, 0x20E4, 0x20E4, 0x3186, 0xB5B6, 0xFFFF,
  0xFFFF, 0xFFFF, 0xFFFF, 0xFFFF, 0xFFFF, 0xFFFF, 0xFFFF, 0xFFFF, 0xFFFF, 0xFFFF, 0xFFFF, 0xFFFF,
  0xFFFF, 0xFFFF, 0xFFFF, 0xFFFF, 0xFFFF, 0xFFFF, 0xFFFF, 0xFFFF, 0xFFFF, 0xFFFF, 0xFFFF, 0xFFFF,
  0xFFFF, 0xFFFF, 0xFFFF, 0xFFFF, 0xFFFF, 0xFFFF, 0xFFFF, 0xFFFF, 0xFFFF, 0xFFFF, 0xFFFF, 0xFFFF,
  0xFFFF, 0xFFFF, 0xFFFF, 0xCE79, 0x5269, 0x20E4, 0x20E4, 0x20E4, 0x20E4, 0x20E4, 0x20E4, 0x20E4,
  0x20E4, 0x20E4, 0x2104, 0x5269, 0xE73C, 0xFFFF, 0xFFFF, 0xFFFF, 0xFFFF, 0xFFFF, 0xFFFF, 0xFFFF,
  0xFFFF, 0xFFFF, 0xFFFF, 0xFFFF, 0xFFFF, 0xFFFF, 0xFFFF, 0xFFFF, 0xFFFF, 0xFFFF, 0xFFFF, 0xFFFF,
  0xFFFF, 0xFFFF, 0xFFFF, 0xFFFF, 0xFFFF, 0xFFFF, 0xFFFF, 0xFFFF, 0xFFFF, 0xFFFF, 0xFFFF, 0xFFFF,
  0xFFFF, 0xFFFF, 0xFFFF, 0xFFFF, 0xFFFF, 0xEF7D, 0x8C51, 0x20E4, 0x20E4, 0x20E4, 0x20E4, 0x20E4,
  0x20E4, 0x20E4, 0x20E4, 0x20E4, 0x20E4, 0x20E4, 0x20E4, 0x20E4, 0x20E4, 0x20E4, 0x20E4, 0x20E4,
  0x20E4, 0x20E4, 0x20E4, 0x20E4, 0x20E4, 0x20E4, 0x20E4, 0x20E4, 0x20E4, 0x20E4, 0x20E4, 0x20E4,
  0x20E4, 0x20E4, 0x20E4, 0x20E4, 0x20E4, 0x20E4, 0x20E4, 0x20E4, 0x20E4, 0x20E4, 0x20E4, 0x20E4,
  0x20E4, 0x20E4, 0x20E4, 0x2104, 0x5ACB, 0xCE79, 0xFFDF, 0xFFFF, 0xFFFF, 0xFFFF, 0xFFFF, 0xFFFF,
  0xFFFF, 0xFFFF, 0xFFFF, 0xFFFF, 0xFFFF, 0xFFFF, 0xFFFF, 0xFFFF, 0xFFFF, 0xFFFF, 0xFFFF, 0xFFFF,
  0xFFFF, 0xFFFF, 0xFFFF, 0xFFFF, 0xFFFF, 0xFFFF, 0xFFFF, 0xFFFF, 0xFFFF, 0xFFFF, 0xFFFF, 0xFFFF,
  0xFFFF, 0xEF7D, 0x9CB3, 0x3186, 0x20E4, 0x20E4, 0x20E4, 0x20E4, 0x20E4, 0x20E4, 0x20E4, 0x20E4,
  0x20E4, 0x20E4, 0x20E4, 0x20E4, 0x20E4, 0x20E4, 0x20E4, 0x20E4, 0x20E4, 0x20E4, 0x20E4, 0x2104,
  0x4A49, 0xE73C, 0xFFFF, 0xFFFF, 0xFFFF, 0xFFFF, 0xFFFF, 0xFFFF, 0xFFFF, 0xFFFF, 0xFFFF, 0xFFFF,
  0xFFFF, 0xFFFF, 0xFFFF, 0xFFFF, 0xFFFF, 0xFFFF, 0xFFFF, 0xFFFF, 0xFFFF, 0xFFFF, 0xFFFF, 0xFFFF,
  0xFFFF, 0xFFFF, 0xFFFF, 0xFFFF, 0xFFFF, 0xFFFF, 0xFFFF, 0xFFFF, 0xFFFF, 0xF7BE, 0x5AAB, 0x20E4,
  0x20E4, 0x20E4, 0x20E4, 0x20E4, 0x20E4, 0x20E4, 0x20E4, 0x20E4, 0x20E4, 0x39A7, 0xCE59, 0xFFFF,
  0xFFFF, 0xFFFF, 0xFFFF, 0xFFFF, 0xFFFF, 0xFFFF, 0xFFFF, 0xFFFF, 0xFFFF, 0xFFFF, 0xFFFF, 0xFFFF,
  0xFFFF, 0xFFFF, 0xFFFF, 0xFFFF, 0xFFFF, 0xFFFF, 0xFFFF, 0xFFFF, 0xFFFF, 0xFFFF, 0xFFFF, 0xFFFF,
  0xFFFF, 0xFFFF, 0xFFFF, 0xFFFF, 0xFFFF, 0xFFFF, 0xFFFF, 0xFFFF, 0xFFFF, 0xFFFF, 0xFFFF, 0xFFFF,
  0xFFFF, 0xFFFF, 0xFFFF, 0xE6FB, 0x5AAA, 0x20E4, 0x20E4, 0x20E4, 0x20E4, 0x20E4, 0x20E4, 0x20E4,
  0x20E4, 0x20E4, 0x20E4, 0x39C7, 0xE71C, 0xFFFF, 0xFFFF, 0xFFFF, 0xFFFF, 0xFFFF, 0xFFFF, 0xFFFF,
  0xFFFF, 0xFFFF, 0xFFFF, 0xFFFF, 0xFFFF, 0xFFFF, 0xFFFF, 0xFFFF, 0xFFFF, 0xFFFF, 0xFFFF, 0xFFFF,
  0xFFFF, 0xFFFF, 0xFFFF, 0xFFFF, 0xFFFF, 0xFFFF, 0xFFFF, 0xFFFF, 0xFFFF, 0xFFFF, 0xFFFF, 0xFFFF,
  0xFFFF, 0xFFFF, 0xFFFF, 0xFFFF, 0xFFFF, 0xEF7D, 0x8C30, 0x20E4, 0x20E4, 0x20E4, 0x20E4, 0x20E4,
  0x20E4, 0x20E4, 0x20E4, 0x20E4, 0x20E4, 0x20E4, 0x20E4, 0x20E4, 0x20E4, 0x20E4, 0x20E4, 0x20E4,
  0x20E4, 0x20E4, 0x20E4, 0x20E4, 0x20E4, 0x20E4, 0x20E4, 0x20E4, 0x20E4, 0x20E4, 0x20E4, 0x20E4,
  0x20E4, 0x20E4, 0x20E4, 0x20E4, 0x20E4, 0x20E4, 0x20E4, 0x20E4, 0x20E4, 0x20E4, 0x20E4, 0x20E4,
  0x20E4, 0x20E4, 0x20E4, 0x20E4, 0x2104, 0x738E, 0xDEBA, 0xFFDF, 0xFFFF, 0xFFFF, 0xFFFF, 0xFFFF,
  0xFFFF, 0xFFFF, 0xFFFF, 0xFFFF, 0xFFFF, 0xFFFF, 0xFFFF, 0xFFFF, 0xFFFF, 0xFFFF, 0xFFFF, 0xFFFF,
  0xFFFF, 0xFFFF, 0xFFFF, 0xFFFF, 0xFFFF, 0xFFFF, 0xFFFF, 0xFFFF, 0xFFFF, 0xFFFF, 0xFFFF, 0xFFFF,
  0xEF7D, 0xA514, 0x39A6, 0x20E4, 0x20E4, 0x20E4, 0x20E4, 0x20E4, 0x20E4, 0x20E4, 0x20E4, 0x20E4,
  0x20E4, 0x20E4, 0x20E4, 0x20E4, 0x20E4, 0x20E4, 0x20E4, 0x20E4, 0x20E4, 0x20E4, 0x20E4, 0x20E4,
  0x4208, 0xE71C, 0xFFFF, 0xFFFF, 0xFFFF, 0xFFFF, 0xFFFF, 0xFFFF, 0xFFFF, 0xFFFF, 0xFFFF, 0xFFFF,
  0xFFFF, 0xFFFF, 0xFFFF, 0xFFFF, 0xFFFF, 0xFFFF, 0xFFFF, 0xFFFF, 0xFFFF, 0xFFFF, 0xFFFF, 0xFFFF,
  0xFFFF, 0xFFFF, 0xFFFF, 0xFFFF, 0xFFFF, 0xFFFF, 0xFFFF, 0xFFFF, 0xFFFF, 0xE73C, 0x526A, 0x20E4,
  0x20E4, 0x20E4, 0x20E4, 0x20E4, 0x20E4, 0x20E4, 0x20E4, 0x20E4, 0x20E4, 0x39E7, 0xDEFB, 0xFFFF,
  0xFFFF, 0xFFFF, 0xFFFF, 0xFFFF, 0xFFFF, 0xFFFF, 0xFFFF, 0xFFFF, 0xFFFF, 0xFFFF, 0xFFFF, 0xFFFF,
  0xFFFF, 0xFFFF, 0xFFFF, 0xFFFF, 0xFFFF, 0xFFFF, 0xFFFF, 0xFFFF, 0xFFFF, 0xFFFF, 0xFFFF, 0xFFFF,
  0xFFFF, 0xFFFF, 0xFFFF, 0xFFFF, 0xFFFF, 0xFFFF, 0xFFFF, 0xFFFF, 0xFFFF, 0xFFFF, 0xFFFF, 0xFFFF,
  0xFFFF, 0xFFFF, 0xFFFF, 0xF79E, 0x630C, 0x20E4, 0x20E4, 0x20E4, 0x20E4, 0x20E4, 0x20E4, 0x20E4,
  0x20E4, 0x20E4, 0x20E4, 0x3186, 0xD69A, 0xFFFF, 0xFFFF, 0xFFFF, 0xFFFF, 0xFFFF, 0xFFFF, 0xFFFF,
  0xFFFF, 0xFFFF, 0xFFFF, 0xFFFF, 0xFFFF, 0xFFFF, 0xFFFF, 0xFFFF, 0xFFFF, 0xFFFF, 0xFFFF, 0xFFFF,
  0xFFFF, 0xFFFF, 0xFFFF, 0xFFFF, 0xFFFF, 0xFFFF, 0xFFFF, 0xFFFF, 0xFFFF, 0xFFFF, 0xFFFF, 0xFFFF,
  0xFFFF, 0xFFFF, 0xFFFF, 0xFFFF, 0xFFFF, 0xEF7D, 0x8430, 0x20E4, 0x20E4, 0x20E4, 0x20E4, 0x20E4,
  0x20E4, 0x20E4, 0x20E4, 0x20E4, 0x20E4, 0x20E4, 0x20E4, 0x20E4, 0x20E4, 0x20E4, 0x20E4, 0x20E4,
  0x20E4, 0x20E4, 0x20E4, 0x20E4, 0x20E4, 0x20E4, 0x20E4, 0x20E4, 0x20E4, 0x20E4, 0x20E4, 0x20E4,
  0x20E4, 0x20E4, 0x20E4, 0x20E4, 0x20E4, 0x20E4, 0x20E4, 0x20E4, 0x20E4, 0x20E4, 0x20E4, 0x20E4,
  0x20E4, 0x20E4, 0x20E4, 0x20E4, 0x20E4, 0x2104, 0x6B4D, 0xCE59, 0xFFDF, 0xFFFF, 0xFFFF, 0xFFFF,
  0xFFFF, 0xFFFF, 0xFFFF, 0xFFFF, 0xFFFF, 0xFFFF, 0xFFFF, 0xFFFF, 0xFFFF, 0xFFFF, 0xFFFF, 0xFFFF,
  0xFFFF, 0xFFFF, 0xFFFF, 0xFFFF, 0xFFFF, 0xFFFF, 0xFFFF, 0xFFFF, 0xFFFF, 0xFFFF, 0xFFFF, 0xE73C,
  0x94B2, 0x3186, 0x20E4, 0x20E4, 0x20E4, 0x20E4, 0x20E4, 0x20E4, 0x20E4, 0x20E4, 0x20E4, 0x20E4,
  0x20E4, 0x20E4, 0x20E4, 0x20E4, 0x20E4, 0x20E4, 0x20E4, 0x20E4, 0x20E4, 0x20E4, 0x20E4, 0x20E4,
  0x4208, 0xE71C, 0xFFFF, 0xFFFF, 0xFFFF, 0xFFFF, 0xFFFF, 0xFFFF, 0xFFFF, 0xFFFF, 0xFFFF, 0xFFFF,
  0xFFFF, 0xFFFF, 0xFFFF, 0xFFFF, 0xFFFF, 0xFFFF, 0xFFFF, 0xFFFF, 0xFFFF, 0xFFFF, 0xFFFF, 0xFFFF,
  0xFFFF, 0xFFFF, 0xFFFF, 0xFFFF, 0xFFFF, 0xFFFF, 0xFFFF, 0xFFFF, 0xFFFF, 0xD69A, 0x4A29, 0x20E4,
  0x20E4, 0x20E4, 0x20E4, 0x20E4, 0x20E4, 0x20E4, 0x20E4, 0x20E4, 0x2104, 0x4A49, 0xEF7D, 0xFFFF,
  0xFFFF, 0xFFFF, 0xFFFF, 0xFFFF, 0xFFFF, 0xFFFF, 0xFFFF, 0xFFFF, 0xFFFF, 0xFFFF, 0xFFFF, 0xFFFF,
  0xFFFF, 0xFFFF, 0xFFFF, 0xFFFF, 0xFFFF, 0xFFFF, 0xFFFF, 0xFFFF, 0xFFFF, 0xFFFF, 0xFFFF, 0xFFFF,
  0xFFFF, 0xFFFF, 0xFFFF, 0xFFFF, 0xFFFF, 0xFFFF, 0xFFFF, 0xFFFF, 0xFFFF, 0xFFFF, 0xFFFF, 0xFFFF,
  0xFFFF, 0xFFFF, 0xFFFF, 0xFFFF, 0x736E, 0x2104, 0x20E4, 0x20E4, 0x20E4, 0x20E4, 0x20E4, 0x20E4,
  0x20E4, 0x20E4, 0x20E4, 0x3165, 0xB5B6, 0xFFDF, 0xFFFF, 0xFFFF, 0xFFFF, 0xFFFF, 0xFFFF, 0xFFFF,
  0xFFFF, 0xFFFF, 0xFFFF, 0xFFFF, 0xFFFF, 0xFFFF, 0xFFFF, 0xFFFF, 0xFFFF, 0xFFFF, 0xFFFF, 0xFFFF,
  0xFFFF, 0xFFFF, 0xFFFF, 0xFFFF, 0xFFFF, 0xFFFF, 0xFFFF, 0xFFFF, 0xFFFF, 0xFFFF, 0xFFFF, 0xFFFF,
  0xFFFF, 0xFFFF, 0xFFFF, 0xFFFF, 0xFFFF, 0xEF7D, 0x8C51, 0x20E4, 0x20E4, 0x20E4, 0x20E4, 0x20E4,
  0x20E4, 0x20E4, 0x20E4, 0x20E4, 0x20E4, 0x20E4, 0x20E4, 0x20E4, 0x20E4, 0x20E4, 0x20E4, 0x20E4,
  0x20E4, 0x20E4, 0x20E4, 0x20E4, 0x20E4, 0x20E4, 0x20E4, 0x20E4, 0x20E4, 0x20E4, 0x20E4, 0x20E4,
  0x20E4, 0x20E4, 0x20E4, 0x20E4, 0x20E4, 0x20E4, 0x20E4, 0x20E4, 0x20E4, 0x20E4, 0x20E4, 0x20E4,
  0x20E4, 0x20E4, 0x20E4, 0x20E4, 0x20E4, 0x20E4, 0x2104, 0x5ACB, 0xB596, 0xF79E, 0xFFFF, 0xFFFF,
  0xFFFF, 0xFFFF, 0xFFFF, 0xFFFF, 0xFFFF, 0xFFFF, 0xFFFF, 0xFFFF, 0xFFFF, 0xFFFF, 0xFFFF, 0xFFFF,
  0xFFFF, 0xFFFF, 0xFFFF, 0xFFFF, 0xFFFF, 0xFFFF, 0xFFFF, 0xFFFF, 0xFFFF, 0xFFDF, 0xCE79, 0x7BCF,
  0x3186, 0x20E4, 0x20E4, 0x20E4, 0x20E4, 0x20E4, 0x20E4, 0x20E4, 0x20E4, 0x20E4, 0x20E4, 0x20E4,
  0x20E4, 0x20E4, 0x20E4, 0x20E4, 0x20E4, 0x20E4, 0x20E4, 0x20E4, 0x20E4, 0x20E4, 0x20E4, 0x2104,
  0x4A49, 0xE73C, 0xFFFF, 0xFFFF, 0xFFFF, 0xFFFF, 0xFFFF, 0xFFFF, 0xFFFF, 0xFFFF, 0xFFFF, 0xFFFF,
  0xFFFF, 0xFFFF, 0xFFFF, 0xFFFF, 0xFFFF, 0xFFFF, 0xFFFF, 0xFFFF, 0xFFFF, 0xFFFF, 0xFFFF, 0xFFFF,
  0xFFFF, 0xFFFF, 0xFFFF, 0xFFFF, 0xFFFF, 0xFFFF, 0xFFFF, 0xFFFF, 0xFFFF, 0xBDD7, 0x41E7, 0x20E4,
  0x20E4, 0x20E4, 0x20E4, 0x20E4, 0x20E4, 0x20E4, 0x20E4, 0x20E4, 0x2104, 0x62EB, 0xF77E, 0xFFFF,
  0xFFFF, 0xFFFF, 0xFFFF, 0xFFFF, 0xFFFF, 0xFFFF, 0xFFFF, 0xFFFF, 0xFFFF, 0xFFFF, 0xFFFF, 0xFFFF,
  0xFFFF, 0xFFFF, 0xFFFF, 0xFFFF, 0xFFFF, 0xFFFF, 0xFFFF, 0xFFFF, 0xFFFF, 0xFFFF, 0xFFFF, 0xFFFF,
  0xFFFF, 0xFFFF, 0xFFFF, 0xFFFF, 0xFFFF, 0xFFFF, 0xFFFF, 0xFFFF, 0xFFFF, 0xFFFF, 0xFFFF, 0xFFFF,
  0xFFFF, 0xFFFF, 0xFFFF, 0xFFFF, 0x8410, 0x2945, 0x20E4, 0x20E4, 0x20E4, 0x20E4, 0x20E4, 0x20E4,
  0x20E4, 0x20E4, 0x20E4, 0x2945, 0x9CB3, 0xF7BE, 0xFFFF, 0xFFFF, 0xFFFF, 0xFFFF, 0xFFFF, 0xFFFF,
  0xFFFF, 0xFFFF, 0xFFFF, 0xFFFF, 0xFFFF, 0xFFFF, 0xFFFF, 0xFFFF, 0xFFFF, 0xFFFF, 0xFFFF, 0xFFFF,
  0xFFFF, 0xFFFF, 0xFFFF, 0xFFFF, 0xFFFF, 0xFFFF, 0xFFFF, 0xFFFF, 0xFFFF, 0xFFFF, 0xFFFF, 0xFFFF,
  0xFFFF, 0xFFFF, 0xFFFF, 0xFFFF, 0xFFFF, 0xF79E, 0x9471, 0x20E4, 0x20E4, 0x20E4, 0x20E4, 0x20E4,
  0x20E4, 0x20E4, 0x20E4, 0x20E4, 0x20E4, 0x20E4, 0x20E4, 0x20E4, 0x20E4, 0x20E4, 0x20E4, 0x20E4,
  0x20E4, 0x20E4, 0x20E4, 0x20E4, 0x20E4, 0x20E4, 0x20E4, 0x20E4, 0x20E4, 0x20E4, 0x20E4, 0x20E4,
  0x20E4, 0x20E4, 0x20E4, 0x20E4, 0x20E4, 0x20E4, 0x20E4, 0x20E4, 0x20E4, 0x20E4, 0x20E4, 0x20E4,
  0x20E4, 0x20E4, 0x20E4, 0x20E4, 0x20E4, 0x20E4, 0x20E4, 0x2104, 0x41E8, 0x8430, 0xDEDB, 0xFFFF,
  0xFFFF, 0xFFFF, 0xFFFF, 0xFFFF, 0xFFFF, 0xFFFF, 0xFFFF, 0xFFFF, 0xFFFF, 0xFFFF, 0xFFFF, 0xFFFF,
  0xFFFF, 0xFFFF, 0xFFFF, 0xFFFF, 0xFFFF, 0xFFFF, 0xFFFF, 0xFFFF, 0xE73C, 0x9CF3, 0x5AAA, 0x2924,
  0x20E4, 0x20E4, 0x20E4, 0x20E4, 0x20E4, 0x20E4, 0x20E4, 0x20E4, 0x20E4, 0x20E4, 0x20E4, 0x20E4,
  0x20E4, 0x20E4, 0x20E4, 0x20E4, 0x20E4, 0x20E4, 0x20E4, 0x20E4, 0x20E4, 0x20E4, 0x20E4, 0x2104,
  0x528A, 0xE73C, 0xFFFF, 0xFFFF, 0xFFFF, 0xFFFF, 0xFFFF, 0xFFFF, 0xFFFF, 0xFFFF, 0xFFFF, 0xFFFF,
  0xFFFF, 0xFFFF, 0xFFFF, 0xFFFF, 0xFFFF, 0xFFFF, 0xFFFF, 0xFFFF, 0xFFFF, 0xFFFF, 0xFFFF, 0xFFFF,
  0xFFFF, 0xFFFF, 0xFFFF, 0xFFFF, 0xFFFF, 0xFFFF, 0xFFFF, 0xFFFF, 0xFFFF, 0x9CF3, 0x3186, 0x20E4,
  0x20E4, 0x20E4, 0x20E4, 0x20E4, 0x20E4, 0x20E4, 0x20E4, 0x20E4, 0x2924, 0x738E, 0xF79E, 0xFFFF,
  0xFFFF, 0xFFFF, 0xFFFF, 0xFFFF, 0xFFFF, 0xFFFF, 0xFFFF, 0xFFFF, 0xFFFF, 0xFFFF, 0xFFFF, 0xFFFF,
  0xFFFF, 0xFFFF, 0xFFFF, 0xFFFF, 0xFFFF, 0xFFFF, 0xFFFF, 0xFFFF, 0xFFFF, 0xFFFF, 0xFFFF, 0xFFFF,
  0xFFFF, 0xFFFF, 0xFFFF, 0xFFFF, 0xFFFF, 0xFFFF, 0xFFFF, 0xFFFF, 0xFFFF, 0xFFFF, 0xFFFF, 0xFFFF,
  0xFFFF, 0xFFFF, 0xFFFF, 0xFFFF, 0x9CD3, 0x3186, 0x20E4, 0x20E4, 0x20E4, 0x20E4, 0x20E4, 0x20E4,
  0x20E4, 0x20E4, 0x20E4, 0x2924, 0x7BCF, 0xF7BE, 0xFFFF, 0xFFFF, 0xFFFF, 0xFFFF, 0xFFFF, 0xFFFF,
  0xFFFF, 0xFFFF, 0xFFFF, 0xFFFF, 0xFFFF, 0xFFFF, 0xFFFF, 0xFFFF, 0xFFFF, 0xFFFF, 0xFFFF, 0xFFFF,
  0xFFFF, 0xFFFF, 0xFFFF, 0xFFFF, 0xFFFF, 0xFFFF, 0xFFFF, 0xFFFF, 0xFFFF, 0xFFFF, 0xFFFF, 0xFFFF,
  0xFFFF, 0xFFFF, 0xFFFF, 0xFFFF, 0xFFFF, 0xF7BE, 0x9CB3, 0x20E4, 0x20E4, 0x20E4, 0x20E4, 0x20E4,
  0x20E4, 0x20E4, 0x20E4, 0x20E4, 0x20E4, 0x20E4, 0x20E4, 0x20E4, 0x20E4, 0x20E4, 0x20E4, 0x20E4,
  0x20E4, 0x20E4, 0x20E4, 0x20E4, 0x20E4, 0x20E4, 0x20E4, 0x20E4, 0x20E4, 0x20E4, 0x20E4, 0x20E4,
  0x20E4, 0x20E4, 0x20E4, 0x20E4, 0x20E4, 0x20E4, 0x20E4, 0x20E4, 0x20E4, 0x20E4, 0x20E4, 0x20E4,
  0x20E4, 0x20E4, 0x20E4, 0x20E4, 0x20E4, 0x20E4, 0x20E4, 0x20E4, 0x20E4, 0x2945, 0x528A, 0x94B2,
  0xE71C, 0xFFFF, 0xFFFF, 0xFFFF, 0xFFFF, 0xFFFF, 0xFFFF, 0xFFFF, 0xFFFF, 0xFFFF, 0xFFFF, 0xFFFF,
  0xFFFF, 0xFFFF, 0xFFFF, 0xFFFF, 0xFFFF, 0xFFFF, 0xE71C, 0xA4F4, 0x62EB, 0x3186, 0x2104, 0x20E4,
  0x20E4, 0x20E4, 0x20E4, 0x20E4, 0x20E4, 0x20E4, 0x20E4, 0x20E4, 0x20E4, 0x20E4, 0x20E4, 0x20E4,
  0x20E4, 0x20E4, 0x20E4, 0x20E4, 0x20E4, 0x20E4, 0x20E4, 0x20E4, 0x20E4, 0x20E4, 0x20E4, 0x2104,
  0x5ACB, 0xEF5D, 0xFFFF, 0xFFFF, 0xFFFF, 0xFFFF, 0xFFFF, 0xFFFF, 0xFFFF, 0xFFFF, 0xFFFF, 0xFFFF,
  0xFFFF, 0xFFFF, 0xFFFF, 0xFFFF, 0xFFFF, 0xFFFF, 0xFFFF, 0xFFFF, 0xFFFF, 0xFFFF, 0xFFFF, 0xFFFF,
  0xFFFF, 0xFFFF, 0xFFFF, 0xFFFF, 0xFFFF, 0xFFFF, 0xFFFF, 0xFFFF, 0xFFFF, 0x8410, 0x2924, 0x20E4,
  0x20E4, 0x20E4, 0x20E4, 0x20E4, 0x20E4, 0x20E4, 0x20E4, 0x20E4, 0x2925, 0x8C71, 0xF7BE, 0xFFFF,
  0xFFFF, 0xFFFF, 0xFFFF, 0xFFFF, 0xFFFF, 0xFFFF, 0xFFFF, 0xFFFF, 0xFFFF, 0xFFFF, 0xFFFF, 0xFFFF,
  0xFFFF, 0xFFFF, 0xFFFF, 0xFFFF, 0xFFFF, 0xFFFF, 0xFFFF, 0xFFFF, 0xFFFF, 0xFFFF, 0xFFFF, 0xFFFF,
  0xFFFF, 0xFFFF, 0xFFFF, 0xFFFF, 0xFFFF, 0xFFFF, 0xFFFF, 0xFFFF, 0xFFFF, 0xFFFF, 0xFFFF, 0xFFFF,
  0xFFFF, 0xFFFF, 0xFFFF, 0xFFFF, 0xBDD7, 0x41E7, 0x20E4, 0x20E4, 0x20E4, 0x20E4, 0x20E4, 0x20E4,
  0x20E4, 0x20E4, 0x20E4, 0x2104, 0x5ACB, 0xF79E, 0xFFFF, 0xFFFF, 0xFFFF, 0xFFFF, 0xFFFF, 0xFFFF,
  0xFFFF, 0xFFFF, 0xFFFF, 0xFFFF, 0xFFFF, 0xFFFF, 0xFFFF, 0xFFFF, 0xFFFF, 0xFFFF, 0xFFFF, 0xFFFF,
  0xFFFF, 0xFFFF, 0xFFFF, 0xFFFF, 0xFFFF, 0xFFFF, 0xFFFF, 0xFFFF, 0xFFFF, 0xFFFF, 0xFFFF, 0xFFFF,
  0xFFFF, 0xFFFF, 0xFFFF, 0xFFFF, 0xFFFF, 0xFFDF, 0xA534, 0x20E4, 0x20E4, 0x20E4, 0x20E4, 0x20E4,
  0x20E4, 0x20E4, 0x20E4, 0x20E4, 0x20E4, 0x20E4, 0x20E4, 0x20E4, 0x20E4, 0x20E4, 0x20E4, 0x20E4,
  0x20E4, 0x20E4, 0x20E4, 0x20E4, 0x20E4, 0x20E4, 0x20E4, 0x20E4, 0x20E4, 0x20E4, 0x20E4, 0x20E4,
  0x20E4, 0x20E4, 0x20E4, 0x20E4, 0x20E4, 0x20E4, 0x20E4, 0x20E4, 0x20E4, 0x20E4, 0x20E4, 0x20E4,
  0x20E4, 0x20E4, 0x20E4, 0x20E4, 0x20E4, 0x20E4, 0x20E4, 0x20E4, 0x20E4, 0x20E4, 0x2104, 0x3186,
  0x528A, 0x8C51, 0xCE59, 0xEF7D, 0xF7BE, 0xFFDF, 0xFFDF, 0xFFFF, 0xFFFF, 0xFFFF, 0xFFFF, 0xFFFF,
  0xFFFF, 0xFFFF, 0xFFDF, 0xF7BE, 0xDEDB, 0x9492, 0x528A, 0x3186, 0x2104, 0x20E4, 0x20E4, 0x20E4,
  0x20E4, 0x20E4, 0x20E4, 0x20E4, 0x20E4, 0x20E4, 0x20E4, 0x20E4, 0x20E4, 0x20E4, 0x20E4, 0x20E4,
  0x20E4, 0x20E4, 0x20E4, 0x20E4, 0x20E4, 0x20E4, 0x20E4, 0x20E4, 0x20E4, 0x20E4, 0x20E4, 0x2104,
  0x630C, 0xEF5D, 0xFFFF, 0xFFFF, 0xFFFF, 0xFFFF, 0xFFFF, 0xFFFF, 0xFFFF, 0xFFFF, 0xFFFF, 0xFFFF,
  0xFFFF, 0xFFFF, 0xFFFF, 0xFFFF, 0xFFFF, 0xFFFF, 0xFFFF, 0xFFFF, 0xFFFF, 0xFFFF, 0xFFFF, 0xFFFF,
  0xFFFF, 0xFFFF, 0xFFFF, 0xFFFF, 0xFFFF, 0xFFFF, 0xFFFF, 0xFFFF, 0xF7BE, 0x6B6D, 0x2104, 0x20E4,
  0x20E4, 0x20E4, 0x20E4, 0x20E4, 0x20E4, 0x20E4, 0x20E4, 0x20E4, 0x2945, 0xAD55, 0xFFDF, 0xFFFF,
  0xFFFF, 0xFFFF, 0xFFFF, 0xFFFF, 0xFFFF, 0xFFFF, 0xFFFF, 0xFFFF, 0xFFFF, 0xFFFF, 0xFFFF, 0xFFFF,
  0xFFFF, 0xFFFF, 0xFFFF, 0xFFFF, 0xFFFF, 0xFFFF, 0xFFFF, 0xFFFF, 0xFFFF, 0xFFFF, 0xFFFF, 0xFFFF,
  0xFFFF, 0xFFFF, 0xFFFF, 0xFFFF, 0xFFFF, 0xFFFF, 0xFFFF, 0xFFFF, 0xFFFF, 0xFFFF, 0xFFFF, 0xFFFF,
  0xFFFF, 0xFFFF, 0xFFFF, 0xFFFF, 0xD6BA, 0x4A29, 0x20E4, 0x20E4, 0x20E4, 0x20E4, 0x20E4, 0x20E4,
  0x20E4, 0x20E4, 0x20E4, 0x20E4, 0x4208, 0xE73C, 0xFFFF, 0xFFFF, 0xFFFF, 0xFFFF, 0xFFFF, 0xFFFF,
  0xFFFF, 0xFFFF, 0xFFFF, 0xFFFF, 0xFFFF, 0xFFFF, 0xFFFF, 0xFFFF, 0xFFFF, 0xFFFF, 0xFFFF, 0xFFFF,
  0xFFFF, 0xFFFF, 0xFFFF, 0xFFFF, 0xFFFF, 0xFFFF, 0xFFFF, 0xFFFF, 0xFFFF, 0xFFFF, 0xFFFF, 0xFFFF,
  0xFFFF, 0xFFFF, 0xFFFF, 0xFFFF, 0xFFFF, 0xFFFF, 0xB596, 0x2104, 0x20E4, 0x20E4, 0x20E4, 0x20E4,
  0x20E4, 0x20E4, 0x20E4, 0x20E4, 0x20E4, 0x20E4, 0x20E4, 0x20E4, 0x20E4, 0x20E4, 0x20E4, 0x20E4,
  0x20E4, 0x20E4, 0x20E4, 0x20E4, 0x20E4, 0x20E4, 0x20E4, 0x20E4, 0x20E4, 0x20E4, 0x20E4, 0x20E4,
  0x20E4, 0x20E4, 0x20E4, 0x20E4, 0x20E4, 0x20E4, 0x20E4, 0x20E4, 0x20E4, 0x20E4, 0x20E4, 0x20E4,
  0x20E4, 0x20E4, 0x20E4, 0x20E4, 0x20E4, 0x20E4, 0x20E4, 0x20E4, 0x20E4, 0x20E4, 0x20E4, 0x20E4,
  0x2104, 0x2965, 0x39C7, 0x5ACB, 0x7BCF, 0x9492, 0xAD55, 0xC618, 0xDEDB, 0xE73C, 0xEF5D, 0xEF5D,
  0xDEFB, 0xC618, 0x9CF3, 0x6B4D, 0x4208, 0x3165, 0x2104, 0x20E4, 0x20E4, 0x20E4, 0x20E4, 0x20E4,
  0x20E4, 0x20E4, 0x20E4, 0x20E4, 0x20E4, 0x20E4, 0x20E4, 0x20E4, 0x20E4, 0x20E4, 0x20E4, 0x20E4,
  0x20E4, 0x20E4, 0x20E4, 0x20E4, 0x20E4, 0x20E4, 0x20E4, 0x20E4, 0x20E4, 0x20E4, 0x20E4, 0x2104,
  0x738E, 0xEF7D, 0xFFFF, 0xFFFF, 0xFFFF, 0xFFFF, 0xFFFF, 0xFFFF, 0xFFFF, 0xFFFF, 0xFFFF, 0xFFFF,
  0xFFFF, 0xFFFF, 0xFFFF, 0xFFFF, 0xFFFF, 0xFFFF, 0xFFFF, 0xFFFF, 0xFFFF, 0xFFFF, 0xFFFF, 0xFFFF,
  0xFFFF, 0xFFFF, 0xFFFF, 0xFFFF, 0xFFFF, 0xFFFF, 0xFFFF, 0xFFFF, 0xE71C, 0x5AEB, 0x20E4, 0x20E4,
  0x20E4, 0x20E4, 0x20E4, 0x20E4, 0x20E4, 0x20E4, 0x20E4, 0x20E4, 0x3166, 0xCE59, 0xFFFF, 0xFFFF,
  0xFFFF, 0xFFFF, 0xFFFF, 0xFFFF, 0xFFFF, 0xFFFF, 0xFFFF, 0xFFFF, 0xFFFF, 0xFFFF, 0xFFFF, 0xFFFF,
  0xFFFF, 0xFFFF, 0xFFFF, 0xFFFF, 0xFFFF, 0xFFFF, 0xFFFF, 0xFFFF, 0xFFFF, 0xFFFF, 0xFFFF, 0xFFFF,
  0xFFFF, 0xFFFF, 0xFFFF, 0xFFFF, 0xFFFF, 0xFFFF, 0xFFFF, 0xFFFF, 0xFFFF, 0xFFFF, 0xFFFF, 0xFFFF,
  0xFFFF, 0xFFFF, 0xFFFF, 0xFFFF, 0xF79E, 0x52AA, 0x20E4, 0x20E4, 0x20E4, 0x20E4, 0x20E4, 0x20E4,
  0x20E4, 0x20E4, 0x20E4, 0x20E4, 0x39A7, 0xC618, 0xFFFF, 0xFFFF, 0xFFFF, 0xFFFF, 0xFFFF, 0xFFFF,
  0xFFFF, 0xFFFF, 0xFFFF, 0xFFFF, 0xFFFF, 0xFFFF, 0xFFFF, 0xFFFF, 0xFFFF, 0xFFFF, 0xFFFF, 0xFFFF,
  0xFFFF, 0xFFFF, 0xFFFF, 0xFFFF, 0xFFFF, 0xFFFF, 0xFFFF, 0xFFFF, 0xFFFF, 0xFFFF, 0xFFFF, 0xFFFF,
  0xFFFF, 0xFFFF, 0xFFFF, 0xFFFF, 0xFFFF, 0xFFFF, 0xC5F8, 0x3186, 0x20E4, 0x20E4, 0x20E4, 0x20E4,
  0x20E4, 0x20E4, 0x20E4, 0x20E4, 0x20E4, 0x20E4, 0x20E4, 0x20E4, 0x20E4, 0x20E4, 0x20E4, 0x20E4,
  0x20E4, 0x20E4, 0x20E4, 0x20E4, 0x20E4, 0x20E4, 0x20E4, 0x20E4, 0x20E4, 0x20E4, 0x20E4, 0x20E4,
  0x20E4, 0x20E4, 0x20E4, 0x20E4, 0x20E4, 0x20E4, 0x20E4, 0x20E4, 0x20E4, 0x20E4, 0x20E4, 0x20E4,
  0x20E4, 0x20E4, 0x20E4, 0x20E4, 0x20E4, 0x20E4, 0x20E4, 0x20E4, 0x20E4, 0x20E4, 0x20E4, 0x20E4,
  0x20E4, 0x20E4, 0x20E4, 0x2104, 0x2925, 0x2945, 0x3166, 0x3186, 0x39A7, 0x41E8, 0x4208, 0x4208,
  0x39C7, 0x3186, 0x3165, 0x2924, 0x20E4, 0x20E4, 0x20E4, 0x20E4, 0x20E4, 0x20E4, 0x20E4, 0x20E4,
  0x20E4, 0x20E4, 0x20E4, 0x20E4, 0x20E4, 0x20E4, 0x20E4, 0x20E4, 0x20E4, 0x20E4, 0x20E4, 0x20E4,
  0x20E4, 0x20E4, 0x20E4, 0x20E4, 0x20E4, 0x20E4, 0x20E4, 0x20E4, 0x20E4, 0x20E4, 0x20E4, 0x2104,
  0x8C51, 0xF79E, 0xFFFF, 0xFFFF, 0xFFFF, 0xFFFF, 0xFFFF, 0xFFFF, 0xFFFF, 0xFFFF, 0xFFFF, 0xFFFF,
  0xFFFF, 0xFFFF, 0xFFFF, 0xFFFF, 0xFFFF, 0xFFFF, 0xFFFF, 0xFFFF, 0xFFFF, 0xFFFF, 0xFFFF, 0xFFFF,
  0xFFFF, 0xFFFF, 0xFFFF, 0xFFFF, 0xFFFF, 0xFFFF, 0xFFFF, 0xFFFF, 0xCE59, 0x4A49, 0x20E4, 0x20E4,
  0x20E4, 0x20E4, 0x20E4, 0x20E4, 0x20E4, 0x20E4, 0x20E4, 0x20E4, 0x41E7, 0xE6FC, 0xFFFF, 0xFFFF,
  0xFFFF, 0xFFFF, 0xFFFF, 0xFFFF, 0xFFFF, 0xFFFF, 0xFFFF, 0xFFFF, 0xFFFF, 0xFFFF, 0xFFFF, 0xFFFF,
  0xFFFF, 0xFFFF, 0xFFFF, 0xFFFF, 0xFFFF, 0xFFFF, 0xFFFF, 0xFFFF, 0xFFFF, 0xFFFF, 0xFFFF, 0xFFFF,
  0xFFFF, 0xFFFF, 0xFFFF, 0xFFFF, 0xFFFF, 0xFFFF, 0xFFFF, 0xFFFF, 0xFFFF, 0xFFFF, 0xFFFF, 0xFFFF,
  0xFFFF, 0xFFFF, 0xFFFF, 0xFFFF, 0xFFFF, 0x6B6D, 0x2924, 0x20E4, 0x20E4, 0x20E4, 0x20E4, 0x20E4,
  0x20E4, 0x20E4, 0x20E4, 0x20E4, 0x3166, 0x9CD3, 0xFFFF, 0xFFFF, 0xFFFF, 0xFFFF, 0xFFFF, 0xFFFF,
  0xFFFF, 0xFFFF, 0xFFFF, 0xFFFF, 0xFFFF, 0xFFFF, 0xFFFF, 0xFFFF, 0xFFFF, 0xFFFF, 0xFFFF, 0xFFFF,
  0xFFFF, 0xFFFF, 0xFFFF, 0xFFFF, 0xFFFF, 0xFFFF, 0xFFFF, 0xFFFF, 0xFFFF, 0xFFFF, 0xFFFF, 0xFFFF,
  0xFFFF, 0xFFFF, 0xFFFF, 0xFFFF, 0xFFFF, 0xFFFF, 0xCE79, 0x4A28, 0x20E4, 0x20E4, 0x20E4, 0x20E4,
  0x20E4, 0x20E4, 0x20E4, 0x20E4, 0x20E4, 0x20E4, 0x20E4, 0x20E4, 0x20E4, 0x20E4, 0x20E4, 0x20E4,
  0x20E4, 0x20E4, 0x20E4, 0x20E4, 0x20E4, 0x20E4, 0x20E4, 0x20E4, 0x20E4, 0x20E4, 0x20E4, 0x20E4,
  0x20E4, 0x20E4, 0x20E4, 0x20E4, 0x20E4, 0x20E4, 0x20E4, 0x20E4, 0x20E4, 0x20E4, 0x20E4, 0x20E4,
  0x20E4, 0x20E4, 0x20E4, 0x20E4, 0x20E4, 0x20E4, 0x20E4, 0x20E4, 0x20E4, 0x20E4, 0x20E4, 0x20E4,
  0x20E4, 0x20E4, 0x20E4, 0x20E4, 0x20E4, 0x20E4, 0x20E4, 0x20E4, 0x20E4, 0x20E4, 0x2104, 0x20E4,
  0x20E4, 0x20E4, 0x20E4, 0x20E4, 0x20E4, 0x20E4, 0x20E4, 0x20E4, 0x20E4, 0x20E4, 0x20E4, 0x20E4,
  0x20E4, 0x20E4, 0x20E4, 0x20E4, 0x20E4, 0x20E4, 0x20E4, 0x20E4, 0x20E4, 0x20E4, 0x20E4, 0x20E4,
  0x20E4, 0x20E4, 0x20E4, 0x20E4, 0x20E4, 0x20E4, 0x20E4, 0x20E4, 0x20E4, 0x20E4, 0x20E4, 0x2104,
  0xA534, 0xF7BE, 0xFFFF, 0xFFFF, 0xFFFF, 0xFFFF, 0xFFFF, 0xFFFF, 0xFFFF, 0xFFFF, 0xFFFF, 0xFFFF,
  0xFFFF, 0xFFFF, 0xFFFF, 0xFFFF, 0xFFFF, 0xFFFF, 0xFFFF, 0xFFFF, 0xFFFF, 0xFFFF, 0xFFFF, 0xFFFF,
  0xFFFF, 0xFFFF, 0xFFFF, 0xFFFF, 0xFFFF, 0xFFFF, 0xFFFF, 0xFFFF, 0xAD55, 0x39A6, 0x20E4, 0x20E4,
  0x20E4, 0x20E4, 0x20E4, 0x20E4, 0x20E4, 0x20E4, 0x20E4, 0x2104, 0x5AEB, 0xEF5D, 0xFFFF, 0xFFFF,
  0xFFFF, 0xFFFF, 0xFFFF, 0xFFFF, 0xFFFF, 0xFFFF, 0xFFFF, 0xFFFF, 0xFFFF, 0xFFFF, 0xFFFF, 0xFFFF,
  0xFFFF, 0xFFFF, 0xFFFF, 0xFFFF, 0xFFFF, 0xFFFF, 0xFFFF, 0xFFFF, 0xFFFF, 0xFFFF, 0xFFFF, 0xFFFF,
  0xFFFF, 0xFFFF, 0xFFFF, 0xFFFF, 0xFFFF, 0xFFFF, 0xFFFF, 0xFFFF, 0xFFFF, 0xFFFF, 0xFFFF, 0xFFFF,
  0xFFFF, 0xFFFF, 0xFFFF, 0xFFFF, 0xFFFF, 0x8C71, 0x3165, 0x20E4, 0x20E4, 0x20E4, 0x20E4, 0x20E4,
  0x20E4, 0x20E4, 0x20E4, 0x20E4, 0x2924, 0x738E, 0xFFFF, 0xFFFF, 0xFFFF, 0xFFFF, 0xFFFF, 0xFFFF,
  0xFFFF, 0xFFFF, 0xFFFF, 0xFFFF, 0xFFFF, 0xFFFF, 0xFFFF, 0xFFFF, 0xFFFF, 0xFFFF, 0xFFFF, 0xFFFF,
  0xFFFF, 0xFFFF, 0xFFFF, 0xFFFF, 0xFFFF, 0xFFFF, 0xFFFF, 0xFFFF, 0xFFFF, 0xFFFF, 0xFFFF, 0xFFFF,
  0xFFFF, 0xFFFF, 0xFFFF, 0xFFFF, 0xFFFF, 0xFFFF, 0xDEDB, 0x5AEB, 0x20E4, 0x20E4, 0x20E4, 0x20E4,
  0x20E4, 0x20E4, 0x20E4, 0x20E4, 0x20E4, 0x20E4, 0x20E4, 0x20E4, 0x20E4, 0x20E4, 0x20E4, 0x20E4,
  0x20E4, 0x20E4, 0x20E4, 0x20E4, 0x20E4, 0x20E4, 0x20E4, 0x20E4, 0x20E4, 0x20E4, 0x20E4, 0x20E4,
  0x20E4, 0x20E4, 0x20E4, 0x20E4, 0x20E4, 0x20E4, 0x20E4, 0x20E4, 0x20E4, 0x20E4, 0x20E4, 0x20E4,
  0x20E4, 0x20E4, 0x20E4, 0x20E4, 0x20E4, 0x20E4, 0x20E4, 0x20E4, 0x20E4, 0x20E4, 0x20E4, 0x20E4,
  0x20E4, 0x20E4, 0x20E4, 0x20E4, 0x20E4, 0x20E4, 0x20E4, 0x20E4, 0x20E4, 0x20E4, 0x20E4, 0x20E4,
  0x20E4, 0x20E4, 0x20E4, 0x20E4, 0x20E4, 0x20E4, 0x20E4, 0x20E4, 0x20E4, 0x20E4, 0x20E4, 0x20E4,
  0x20E4, 0x20E4, 0x20E4, 0x20E4, 0x20E4, 0x20E4, 0x20E4, 0x20E4, 0x20E4, 0x20E4, 0x20E4, 0x20E4,
  0x20E4, 0x20E4, 0x20E4, 0x20E4, 0x20E4, 0x20E4, 0x20E4, 0x20E4, 0x20E4, 0x20E4, 0x20E4, 0x2924,
  0xC618, 0xFFDF, 0xFFFF, 0xFFFF, 0xFFFF, 0xFFFF, 0xFFFF, 0xFFFF, 0xFFFF, 0xFFFF, 0xFFFF, 0xFFFF,
  0xFFFF, 0xFFFF, 0xFFFF, 0xFFFF, 0xFFFF, 0xFFFF, 0xFFFF, 0xFFFF, 0xFFFF, 0xFFFF, 0xFFFF, 0xFFFF,
  0xFFFF, 0xFFFF, 0xFFFF, 0xFFFF, 0xFFFF, 0xFFFF, 0xFFFF, 0xFFDF, 0x8C71, 0x2924, 0x20E4, 0x20E4,
  0x20E4, 0x20E4, 0x20E4, 0x20E4, 0x20E4, 0x20E4, 0x20E4, 0x2104, 0x7BEF, 0xEF7D, 0xFFFF, 0xFFFF,
  0xFFFF, 0xFFFF, 0xFFFF, 0xFFFF, 0xFFFF, 0xFFFF, 0xFFFF, 0xFFFF, 0xFFFF, 0xFFFF, 0xFFFF, 0xFFFF,
  0xFFFF, 0xFFFF, 0xFFFF, 0xFFFF, 0xFFFF, 0xFFFF, 0xFFFF, 0xFFFF, 0xFFFF, 0xFFFF, 0xFFFF, 0xFFFF,
  0xFFFF, 0xFFFF, 0xFFFF, 0xFFFF, 0xFFFF, 0xFFFF, 0xFFFF, 0xFFFF, 0xFFFF, 0xFFFF, 0xFFFF, 0xFFFF,
  0xFFFF, 0xFFFF, 0xFFFF, 0xFFFF, 0xFFFF, 0xB596, 0x39A7, 0x20E4, 0x20E4, 0x20E4, 0x20E4, 0x20E4,
  0x20E4, 0x20E4, 0x20E4, 0x20E4, 0x2104, 0x528A, 0xF79E, 0xFFFF, 0xFFFF, 0xFFFF, 0xFFFF, 0xFFFF,
  0xFFFF, 0xFFFF, 0xFFFF, 0xFFFF, 0xFFFF, 0xFFFF, 0xFFFF, 0xFFFF, 0xFFFF, 0xFFFF, 0xFFFF, 0xFFFF,
  0xFFFF, 0xFFFF, 0xFFFF, 0xFFFF, 0xFFFF, 0xFFFF, 0xFFFF, 0xFFFF, 0xFFFF, 0xFFFF, 0xFFFF, 0xFFFF,
  0xFFFF, 0xFFFF, 0xFFFF, 0xFFFF, 0xFFFF, 0xFFFF, 0xE73C, 0x738E, 0x20E4, 0x20E4, 0x20E4, 0x20E4,
  0x20E4, 0x20E4, 0x20E4, 0x20E4, 0x20E4, 0x20E4, 0x20E4, 0x20E4, 0x20E4, 0x20E4, 0x20E4, 0x20E4,
  0x20E4, 0x20E4, 0x20E4, 0x20E4, 0x20E4, 0x20E4, 0x20E4, 0x20E4, 0x20E4, 0x20E4, 0x20E4, 0x20E4,
  0x20E4, 0x20E4, 0x20E4, 0x20E4, 0x20E4, 0x20E4, 0x20E4, 0x20E4, 0x20E4, 0x20E4, 0x20E4, 0x20E4,
  0x20E4, 0x20E4, 0x20E4, 0x20E4, 0x20E4, 0x20E4, 0x20E4, 0x20E4, 0x20E4, 0x20E4, 0x20E4, 0x20E4,
  0x20E4, 0x20E4, 0x20E4, 0x20E4, 0x20E4, 0x20E4, 0x20E4, 0x20E4, 0x20E4, 0x20E4, 0x20E4, 0x20E4,
  0x20E4, 0x20E4, 0x20E4, 0x20E4, 0x20E4, 0x20E4, 0x20E4, 0x20E4, 0x20E4, 0x20E4, 0x20E4, 0x20E4,
  0x20E4, 0x20E4, 0x20E4, 0x20E4, 0x20E4, 0x20E4, 0x20E4, 0x20E4, 0x20E4, 0x20E4, 0x20E4, 0x20E4,
  0x20E4, 0x20E4, 0x20E4, 0x20E4, 0x20E4, 0x20E4, 0x20E4, 0x20E4, 0x20E4, 0x20E4, 0x20E4, 0x3186,
  0xD6BA, 0xFFFF, 0xFFFF, 0xFFFF, 0xFFFF, 0xFFFF, 0xFFFF, 0xFFFF, 0xFFFF, 0xFFFF, 0xFFFF, 0xFFFF,
  0xFFFF, 0xFFFF, 0xFFFF, 0xFFFF, 0xFFFF, 0xFFFF, 0xFFFF, 0xFFFF, 0xFFFF, 0xFFFF, 0xFFFF, 0xFFFF,
  0xFFFF, 0xFFFF, 0xFFFF, 0xFFFF, 0xFFFF, 0xFFFF, 0xFFFF, 0xEF5D, 0x738E, 0x20E4, 0x20E4, 0x20E4,
  0x20E4, 0x20E4, 0x20E4, 0x20E4, 0x20E4, 0x20E4, 0x20E4, 0x2104, 0xA514, 0xF7BE, 0xFFFF, 0xFFFF,
  0xFFFF, 0xFFFF, 0xFFFF, 0xFFFF, 0xFFFF, 0xFFFF, 0xFFFF, 0xFFFF, 0xFFFF, 0xFFFF, 0xFFFF, 0xFFFF,
  0xFFFF, 0xFFFF, 0xFFFF, 0xFFFF, 0xFFFF, 0xFFFF, 0xFFFF, 0xFFFF, 0xFFFF, 0xFFFF, 0xFFFF, 0xFFFF,
  0xFFFF, 0xFFFF, 0xFFFF, 0xFFFF, 0xFFFF, 0xFFFF, 0xFFFF, 0xFFFF, 0xFFFF, 0xFFFF, 0xFFFF, 0xFFFF,
  0xFFFF, 0xFFFF, 0xFFFF, 0xFFFF, 0xFFFF, 0xDEFB, 0x4208, 0x20E4, 0x20E4, 0x20E4, 0x20E4, 0x20E4,
  0x20E4, 0x20E4, 0x20E4, 0x20E4, 0x20E4, 0x4208, 0xCE79, 0xFFFF, 0xFFFF, 0xFFFF, 0xFFFF, 0xFFFF,
  0xFFFF, 0xFFFF, 0xFFFF, 0xFFFF, 0xFFFF, 0xFFFF, 0xFFFF, 0xFFFF, 0xFFFF, 0xFFFF, 0xFFFF, 0xFFFF,
  0xFFFF, 0xFFFF, 0xFFFF, 0xFFFF, 0xFFFF, 0xFFFF, 0xFFFF, 0xFFFF, 0xFFFF, 0xFFFF, 0xFFFF, 0xFFFF,
  0xFFFF, 0xFFFF, 0xFFFF, 0xFFFF, 0xFFFF, 0xFFFF, 0xF7BE, 0x8C51, 0x2104, 0x20E4, 0x20E4, 0x20E4,
  0x20E4, 0x20E4, 0x20E4, 0x20E4, 0x20E4, 0x20E4, 0x20E4, 0x20E4, 0x20E4, 0x20E4, 0x20E4, 0x20E4,
  0x20E4, 0x20E4, 0x20E4, 0x20E4, 0x20E4, 0x20E4, 0x20E4, 0x20E4, 0x20E4, 0x20E4, 0x20E4, 0x20E4,
  0x20E4, 0x20E4, 0x20E4, 0x20E4, 0x20E4, 0x20E4, 0x20E4, 0x20E4, 0x20E4, 0x20E4, 0x20E4, 0x20E4,
  0x20E4, 0x20E4, 0x20E4, 0x20E4, 0x20E4, 0x20E4, 0x20E4, 0x20E4, 0x20E4, 0x20E4, 0x20E4, 0x20E4,
  0x20E4, 0x20E4, 0x20E4, 0x20E4, 0x20E4, 0x20E4, 0x20E4, 0x20E4, 0x20E4, 0x20E4, 0x20E4, 0x20E4,
  0x20E4, 0x20E4, 0x20E4, 0x20E4, 0x20E4, 0x20E4, 0x20E4, 0x20E4, 0x20E4, 0x20E4, 0x20E4, 0x20E4,
  0x20E4, 0x20E4, 0x20E4, 0x20E4, 0x20E4, 0x20E4, 0x20E4, 0x20E4, 0x20E4, 0x20E4, 0x20E4, 0x20E4,
  0x20E4, 0x20E4, 0x20E4, 0x20E4, 0x20E4, 0x20E4, 0x20E4, 0x20E4, 0x20E4, 0x20E4, 0x20E4, 0x5269,
  0xDEFB, 0xFFFF, 0xFFFF, 0xFFFF, 0xFFFF, 0xFFFF, 0xFFFF, 0xFFFF, 0xFFFF, 0xFFFF, 0xFFFF, 0xFFFF,
  0xFFFF, 0xFFFF, 0xFFFF, 0xFFFF, 0xFFFF, 0xFFFF, 0xFFFF, 0xFFFF, 0xFFFF, 0xFFFF, 0xFFFF, 0xFFFF,
  0xFFFF, 0xFFFF, 0xFFFF, 0xFFFF, 0xFFFF, 0xFFFF, 0xFFFF, 0xD69A, 0x52AA, 0x20E4, 0x20E4, 0x20E4,
  0x20E4, 0x20E4, 0x20E4, 0x20E4, 0x20E4, 0x20E4, 0x20E4, 0x2945, 0xC638, 0xFFFF, 0xFFFF, 0xFFFF,
  0xFFFF, 0xFFFF, 0xFFFF, 0xFFFF, 0xFFFF, 0xFFFF, 0xFFFF, 0xFFFF, 0xFFFF, 0xFFFF, 0xFFFF, 0xFFFF,
  0xFFFF, 0xFFFF, 0xFFFF, 0xFFFF, 0xFFFF, 0xFFFF, 0xFFFF, 0xFFFF, 0xFFFF, 0xFFFF, 0xFFFF, 0xFFFF,
  0xFFFF, 0xFFFF, 0xFFFF, 0xFFFF, 0xFFFF, 0xFFFF, 0xFFFF, 0xFFFF, 0xFFFF, 0xFFFF, 0xFFFF, 0xFFFF,
  0xFFFF, 0xFFFF, 0xFFFF, 0xFFFF, 0xFFFF, 0xF7BE, 0x5ACB, 0x2104, 0x20E4, 0x20E4, 0x20E4, 0x20E4,
  0x20E4, 0x20E4, 0x20E4, 0x20E4, 0x20E4, 0x3186, 0xA4F4, 0xFFFF, 0xFFFF, 0xFFFF, 0xFFFF, 0xFFFF,
  0xFFFF, 0xFFFF, 0xFFFF, 0xFFFF, 0xFFFF, 0xFFFF, 0xFFFF, 0xFFFF, 0xFFFF, 0xFFFF, 0xFFFF, 0xFFFF,
  0xFFFF, 0xFFFF, 0xFFFF, 0xFFFF, 0xFFFF, 0xFFFF, 0xFFFF, 0xFFFF, 0xFFFF, 0xFFFF, 0xFFFF, 0xFFFF,
  0xFFFF, 0xFFFF, 0xFFFF, 0xFFFF, 0xFFFF, 0xFFFF, 0xFFFF, 0xA534, 0x3165, 0x20E4, 0x20E4, 0x20E4,
  0x20E4, 0x20E4, 0x20E4, 0x20E4, 0x20E4, 0x20E4, 0x20E4, 0x20E4, 0x20E4, 0x20E4, 0x20E4, 0x20E4,
  0x20E4, 0x20E4, 0x20E4, 0x20E4, 0x20E4, 0x20E4, 0x20E4, 0x20E4, 0x20E4, 0x20E4, 0x20E4, 0x20E4,
  0x20E4, 0x20E4, 0x20E4, 0x20E4, 0x20E4, 0x20E4, 0x20E4, 0x20E4, 0x20E4, 0x20E4, 0x20E4, 0x2104,
  0x2924, 0x2104, 0x20E4, 0x20E4, 0x20E4, 0x20E4, 0x20E4, 0x20E4, 0x20E4, 0x20E4, 0x20E4, 0x20E4,
  0x20E4, 0x20E4, 0x20E4, 0x20E4, 0x20E4, 0x20E4, 0x20E4, 0x20E4, 0x20E4, 0x20E4, 0x20E4, 0x20E4,
  0x20E4, 0x20E4, 0x20E4, 0x20E4, 0x20E4, 0x20E4, 0x20E4, 0x20E4, 0x20E4, 0x20E4, 0x20E4, 0x20E4,
  0x20E4, 0x20E4, 0x20E4, 0x20E4, 0x20E4, 0x20E4, 0x20E4, 0x20E4, 0x20E4, 0x20E4, 0x20E4, 0x20E4,
  0x20E4, 0x20E4, 0x20E4, 0x20E4, 0x20E4, 0x20E4, 0x20E4, 0x20E4, 0x20E4, 0x20E4, 0x20E4, 0x7BAE,
  0xEF5D, 0xFFFF, 0xFFFF, 0xFFFF, 0xFFFF, 0xFFFF, 0xFFFF, 0xFFFF, 0xFFFF, 0xFFFF, 0xFFFF, 0xFFFF,
  0xFFFF, 0xFFFF, 0xFFFF, 0xFFFF, 0xFFFF, 0xFFFF, 0xFFFF, 0xFFFF, 0xFFFF, 0xFFFF, 0xFFFF, 0xFFFF,
  0xFFFF, 0xFFFF, 0xFFFF, 0xFFFF, 0xFFFF, 0xFFFF, 0xFFFF, 0xBDD7, 0x39C7, 0x20E4, 0x20E4, 0x20E4,
  0x20E4, 0x20E4, 0x20E4, 0x20E4, 0x20E4, 0x20E4, 0x20E4, 0x4A28, 0xDEDB, 0xFFFF, 0xFFFF, 0xFFFF,
  0xFFFF, 0xFFFF, 0xFFFF, 0xFFFF, 0xFFFF, 0xFFFF, 0xFFFF, 0xFFFF, 0xFFFF, 0xFFFF, 0xFFFF, 0xFFFF,
  0xFFFF, 0xFFFF, 0xFFFF, 0xFFFF, 0xFFFF, 0xFFFF, 0xFFFF, 0xFFFF, 0xFFFF, 0xFFFF, 0xFFFF, 0xFFFF,
  0xFFFF, 0xFFFF, 0xFFFF, 0xFFFF, 0xFFFF, 0xFFFF, 0xFFFF, 0xFFFF, 0xFFFF, 0xFFFF, 0xFFFF, 0xFFFF,
  0xFFFF, 0xFFFF, 0xFFFF, 0xFFFF, 0xFFFF, 0xFFDF, 0x8410, 0x2945, 0x20E4, 0x20E4, 0x20E4, 0x20E4,
  0x20E4, 0x20E4, 0x20E4, 0x20E4, 0x20E4, 0x2924, 0x736D, 0xFFFF, 0xFFFF, 0xFFFF, 0xFFFF, 0xFFFF,
  0xFFFF, 0xFFFF, 0xFFFF, 0xFFFF, 0xFFFF, 0xFFFF, 0xFFFF, 0xFFFF, 0xFFFF, 0xFFFF, 0xFFFF, 0xFFFF,
  0xFFFF, 0xFFFF, 0xFFFF, 0xFFFF, 0xFFFF, 0xFFFF, 0xFFFF, 0xFFFF, 0xFFFF, 0xFFFF, 0xFFFF, 0xFFFF,
  0xFFFF, 0xFFFF, 0xFFFF, 0xFFFF, 0xFFFF, 0xFFFF, 0xFFFF, 0xC618, 0x4A28, 0x20E4, 0x20E4, 0x20E4,
  0x20E4, 0x20E4, 0x20E4, 0x20E4, 0x20E4, 0x20E4, 0x20E4, 0x20E4, 0x20E4, 0x20E4, 0x20E4, 0x20E4,
  0x20E4, 0x20E4, 0x20E4, 0x20E4, 0x20E4, 0x20E4, 0x20E4, 0x20E4, 0x20E4, 0x20E4, 0x20E4, 0x20E4,
  0x20E4, 0x20E4, 0x20E4, 0x20E4, 0x20E4, 0x20E4, 0x20E4, 0x20E4, 0x2925, 0x5ACB, 0x94B2, 0xBDB7,
  0xC618, 0xBDF7, 0xAD55, 0x9492, 0x6B4D, 0x39A6, 0x2104, 0x20E4, 0x20E4, 0x20E4, 0x20E4, 0x20E4,
  0x20E4, 0x20E4, 0x20E4, 0x20E4, 0x20E4, 0x20E4, 0x20E4, 0x20E4, 0x20E4, 0x20E4, 0x20E4, 0x20E4,
  0x20E4, 0x20E4, 0x20E4, 0x20E4, 0x20E4, 0x20E4, 0x20E4, 0x20E4, 0x20E4, 0x20E4, 0x20E4, 0x20E4,
  0x20E4, 0x20E4, 0x20E4, 0x20E4, 0x20E4, 0x20E4, 0x20E4, 0x20E4, 0x20E4, 0x20E4, 0x20E4, 0x20E4,
  0x20E4, 0x20E4, 0x20E4, 0x20E4, 0x20E4, 0x20E4, 0x20E4, 0x20E4, 0x20E4, 0x20E4, 0x20E4, 0xA534,
  0xF7BE, 0xFFFF, 0xFFFF, 0xFFFF, 0xFFFF, 0xFFFF, 0xFFFF, 0xFFFF, 0xFFFF, 0xFFFF, 0xFFFF, 0xFFFF,
  0xFFFF, 0xFFFF, 0xFFFF, 0xFFFF, 0xFFFF, 0xFFFF, 0xFFFF, 0xFFFF, 0xFFFF, 0xFFFF, 0xFFFF, 0xFFFF,
  0xFFFF, 0xFFFF, 0xFFFF, 0xFFFF, 0xFFFF, 0xFFFF, 0xFFDF, 0x9CD3, 0x2104, 0x20E4, 0x20E4, 0x20E4,
  0x20E4, 0x20E4, 0x20E4, 0x20E4, 0x20E4, 0x20E4, 0x20E4, 0x736D, 0xE73C, 0xFFFF, 0xFFFF, 0xFFFF,
  0xFFFF, 0xFFFF, 0xFFFF, 0xFFFF, 0xFFFF, 0xFFFF, 0xFFFF, 0xFFFF, 0xFFFF, 0xFFFF, 0xFFFF, 0xFFFF,
  0xFFFF, 0xFFFF, 0xFFFF, 0xFFFF, 0xFFFF, 0xFFFF, 0xFFFF, 0xFFFF, 0xFFFF, 0xFFFF, 0xFFFF, 0xFFFF,
  0xFFFF, 0xFFFF, 0xFFFF, 0xFFFF, 0xFFFF, 0xFFFF, 0xFFFF, 0xFFFF, 0xFFFF, 0xFFFF, 0xFFFF, 0xFFFF,
  0xFFFF, 0xFFFF, 0xFFFF, 0xFFFF, 0xFFFF, 0xFFFF, 0xAD55, 0x3186, 0x20E4, 0x20E4, 0x20E4, 0x20E4,
  0x20E4, 0x20E4, 0x20E4, 0x20E4, 0x20E4, 0x20E4, 0x528A, 0xE71C, 0xFFFF, 0xFFFF, 0xFFFF, 0xFFFF,
  0xFFFF, 0xFFFF, 0xFFFF, 0xFFFF, 0xFFFF, 0xFFFF, 0xFFFF, 0xFFFF, 0xFFFF, 0xFFFF, 0xFFFF, 0xFFFF,
  0xFFFF, 0xFFFF, 0xFFFF, 0xFFFF, 0xFFFF, 0xFFFF, 0xFFFF, 0xFFFF, 0xFFFF, 0xFFFF, 0xFFFF, 0xFFFF,
  0xFFFF, 0xFFFF, 0xFFFF, 0xFFFF, 0xFFFF, 0xFFFF, 0xFFFF, 0xE6FC, 0x630C, 0x20E4, 0x20E4, 0x20E4,
  0x20E4, 0x20E4, 0x20E4, 0x20E4, 0x20E4, 0x20E4, 0x20E4, 0x20E4, 0x20E4, 0x20E4, 0x20E4, 0x20E4,
  0x20E4, 0x20E4, 0x20E4, 0x20E4, 0x20E4, 0x20E4, 0x20E4, 0x20E4, 0x20E4, 0x20E4, 0x20E4, 0x20E4,
  0x20E4, 0x20E4, 0x20E4, 0x20E4, 0x20E4, 0x2104, 0x3165, 0x630C, 0xB596, 0xDEFB, 0xF79E, 0xFFFF,
  0xFFFF, 0xFFFF, 0xFFDF, 0xF79E, 0xE73C, 0xCE59, 0x8C31, 0x39C7, 0x2104, 0x20E4, 0x20E4, 0x20E4,
  0x20E4, 0x20E4, 0x20E4, 0x20E4, 0x20E4, 0x20E4, 0x20E4, 0x20E4, 0x20E4, 0x20E4, 0x20E4, 0x20E4,
  0x20E4, 0x20E4, 0x20E4, 0x20E4, 0x20E4, 0x20E4, 0x20E4, 0x20E4, 0x20E4, 0x20E4, 0x20E4, 0x20E4,
  0x20E4, 0x20E4, 0x20E4, 0x20E4, 0x20E4, 0x20E4, 0x20E4, 0x20E4, 0x20E4, 0x20E4, 0x20E4, 0x20E4,
  0x20E4, 0x20E4, 0x20E4, 0x20E4, 0x20E4, 0x20E4, 0x20E4, 0x20E4, 0x20E4, 0x20E4, 0x3166, 0xCE59,
  0xFFFF, 0xFFFF, 0xFFFF, 0xFFFF, 0xFFFF, 0xFFFF, 0xFFFF, 0xFFFF, 0xFFFF, 0xFFFF, 0xFFFF, 0xFFFF,
  0xFFFF, 0xFFFF, 0xFFFF, 0xFFFF, 0xFFFF, 0xFFFF, 0xFFFF, 0xFFFF, 0xFFFF, 0xFFFF, 0xFFFF, 0xFFFF,
  0xFFFF, 0xFFFF, 0xFFFF, 0xFFFF, 0xFFFF, 0xFFFF, 0xE73C, 0x736D, 0x20E4, 0x20E4, 0x20E4, 0x20E4,
  0x20E4, 0x20E4, 0x20E4, 0x20E4, 0x20E4, 0x20E4, 0x20E4, 0x9CB2, 0xF79E, 0xFFFF, 0xFFFF, 0xFFFF,
  0xFFFF, 0xFFFF, 0xFFFF, 0xFFFF, 0xFFFF, 0xFFFF, 0xFFFF, 0xFFFF, 0xFFFF, 0xFFFF, 0xFFFF, 0xFFFF,
  0xFFFF, 0xFFFF, 0xFFFF, 0xFFFF, 0xFFFF, 0xFFFF, 0xFFFF, 0xFFFF, 0xFFFF, 0xFFFF, 0xFFFF, 0xFFFF,
  0xFFFF, 0xFFFF, 0xFFFF, 0xFFFF, 0xFFFF, 0xFFFF, 0xFFFF, 0xFFFF, 0xFFFF, 0xFFFF, 0xFFFF, 0xFFFF,
  0xFFFF, 0xFFFF, 0xFFFF, 0xFFFF, 0xFFFF, 0xFFFF, 0xD6BA, 0x41E7, 0x20E4, 0x20E4, 0x20E4, 0x20E4,
  0x20E4, 0x20E4, 0x20E4, 0x20E4, 0x20E4, 0x20E4, 0x39C7, 0xB5B6, 0xFFFF, 0xFFFF, 0xFFFF, 0xFFFF,
  0xFFFF, 0xFFFF, 0xFFFF, 0xFFFF, 0xFFFF, 0xFFFF, 0xFFFF, 0xFFFF, 0xFFFF, 0xFFFF, 0xFFFF, 0xFFFF,
  0xFFFF, 0xFFFF, 0xFFFF, 0xFFFF, 0xFFFF, 0xFFFF, 0xFFFF, 0xFFFF, 0xFFFF, 0xFFFF, 0xFFFF, 0xFFFF,
  0xFFFF, 0xFFFF, 0xFFFF, 0xFFFF, 0xFFFF, 0xFFFF, 0xFFFF, 0xF7BE, 0x8410, 0x2104, 0x20E4, 0x20E4,
  0x20E4, 0x20E4, 0x20E4, 0x20E4, 0x20E4, 0x20E4, 0x20E4, 0x20E4, 0x20E4, 0x20E4, 0x20E4, 0x20E4,
  0x20E4, 0x20E4, 0x20E4, 0x20E4, 0x20E4, 0x20E4, 0x20E4, 0x20E4, 0x20E4, 0x20E4, 0x20E4, 0x20E4,
  0x20E4, 0x20E4, 0x20E4, 0x20E4, 0x2104, 0x4208, 0x9CF3, 0xE71C, 0xFFDF, 0xFFFF, 0xFFFF, 0xFFFF,
  0xFFFF, 0xFFFF, 0xFFFF, 0xFFFF, 0xFFFF, 0xFFFF, 0xEF7D, 0xBDF7, 0x5ACB, 0x2925, 0x20E4, 0x20E4,
  0x20E4, 0x20E4, 0x20E4, 0x20E4, 0x20E4, 0x20E4, 0x20E4, 0x20E4, 0x20E4, 0x20E4, 0x20E4, 0x20E4,
  0x20E4, 0x20E4, 0x20E4, 0x20E4, 0x20E4, 0x20E4, 0x20E4, 0x20E4, 0x20E4, 0x20E4, 0x20E4, 0x20E4,
  0x20E4, 0x20E4, 0x20E4, 0x20E4, 0x20E4, 0x20E4, 0x20E4, 0x20E4, 0x20E4, 0x20E4, 0x20E4, 0x20E4,
  0x20E4, 0x20E4, 0x20E4, 0x20E4, 0x20E4, 0x20E4, 0x20E4, 0x20E4, 0x20E4, 0x20E4, 0x5AAA, 0xDEDB,
  0xFFFF, 0xFFFF, 0xFFFF, 0xFFFF, 0xFFFF, 0xFFFF, 0xFFFF, 0xFFFF, 0xFFFF, 0xFFFF, 0xFFFF, 0xFFFF,
  0xFFFF, 0xFFFF, 0xFFFF, 0xFFFF, 0xFFFF, 0xFFFF, 0xFFFF, 0xFFFF, 0xFFFF, 0xFFFF, 0xFFFF, 0xFFFF,
  0xFFFF, 0xFFFF, 0xFFFF, 0xFFFF, 0xFFFF, 0xFFFF, 0xCE79, 0x4A28, 0x20E4, 0x20E4, 0x20E4, 0x20E4,
  0x20E4, 0x20E4, 0x20E4, 0x20E4, 0x20E4, 0x20E4, 0x2924, 0xBDF7, 0xFFDF, 0xFFFF, 0xFFFF, 0xFFFF,
  0xFFFF, 0xFFFF, 0xFFFF, 0xFFFF, 0xFFFF, 0xFFFF, 0xFFFF, 0xFFFF, 0xFFFF, 0xFFFF, 0xFFFF, 0xFFFF,
  0xFFFF, 0xFFFF, 0xFFFF, 0xFFFF, 0xFFFF, 0xFFFF, 0xFFFF, 0xFFFF, 0xFFFF, 0xFFFF, 0xFFFF, 0xFFFF,
  0xFFFF, 0xFFFF, 0xFFFF, 0xFFFF, 0xFFFF, 0xFFFF, 0xFFFF, 0xFFFF, 0xFFFF, 0xFFFF, 0xFFFF, 0xFFFF,
  0xFFFF, 0xFFFF, 0xFFFF, 0xFFFF, 0xFFFF, 0xFFFF, 0xEF7D, 0x62EC, 0x2104, 0x20E4, 0x20E4, 0x20E4,
  0x20E4, 0x20E4, 0x20E4, 0x20E4, 0x20E4, 0x20E4, 0x2945, 0x8C51, 0xFFFF, 0xFFFF, 0xFFFF, 0xFFFF,
  0xFFFF, 0xFFFF, 0xFFFF, 0xFFFF, 0xFFFF, 0xFFFF, 0xFFFF, 0xFFFF, 0xFFFF, 0xFFFF, 0xFFFF, 0xFFFF,
  0xFFFF, 0xFFFF, 0xFFFF, 0xFFFF, 0xFFFF, 0xFFFF, 0xFFFF, 0xFFFF, 0xFFFF, 0xFFFF, 0xFFFF, 0xFFFF,
  0xFFFF, 0xFFFF, 0xFFFF, 0xFFFF, 0xFFFF, 0xFFFF, 0xFFFF, 0xFFFF, 0xA534, 0x39A6, 0x20E4, 0x20E4,
  0x20E4, 0x20E4, 0x20E4, 0x20E4, 0x20E4, 0x20E4, 0x20E4, 0x20E4, 0x20E4, 0x20E4, 0x20E4, 0x20E4,
  0x20E4, 0x20E4, 0x20E4, 0x20E4, 0x20E4, 0x20E4, 0x20E4, 0x20E4, 0x20E4, 0x20E4, 0x20E4, 0x20E4,
  0x20E4, 0x20E4, 0x20E4, 0x2104, 0x4A49, 0xBDB6, 0xF7BE, 0xFFFF, 0xFFFF, 0xFFFF, 0xFFFF, 0xFFFF,
  0xFFFF, 0xFFFF, 0xFFFF, 0xFFFF, 0xFFFF, 0xFFFF, 0xFFFF, 0xFFDF, 0xD69A, 0x630C, 0x2104, 0x20E4,
  0x20E4, 0x20E4, 0x20E4, 0x20E4, 0x20E4, 0x20E4, 0x20E4, 0x20E4, 0x20E4, 0x20E4, 0x20E4, 0x20E4,
  0x20E4, 0x20E4, 0x20E4, 0x20E4, 0x20E4, 0x20E4, 0x20E4, 0x20E4, 0x20E4, 0x20E4, 0x20E4, 0x20E4,
  0x20E4, 0x20E4, 0x20E4, 0x20E4, 0x20E4, 0x20E4, 0x20E4, 0x20E4, 0x20E4, 0x20E4, 0x20E4, 0x20E4,
  0x20E4, 0x20E4, 0x20E4, 0x20E4, 0x20E4, 0x20E4, 0x20E4, 0x20E4, 0x20E4, 0x2104, 0x8410, 0xEF7D,
  0xFFFF, 0xFFFF, 0xFFFF, 0xFFFF, 0xFFFF, 0xFFFF, 0xFFFF, 0xFFFF, 0xFFFF, 0xFFFF, 0xFFFF, 0xFFFF,
  0xFFFF, 0xFFFF, 0xFFFF, 0xFFFF, 0xFFFF, 0xFFFF, 0xFFFF, 0xFFFF, 0xFFFF, 0xFFFF, 0xFFFF, 0xFFFF,
  0xFFFF, 0xFFFF, 0xFFFF, 0xFFFF, 0xFFFF, 0xFFDF, 0xB596, 0x2924, 0x20E4, 0x20E4, 0x20E4, 0x20E4,
  0x20E4, 0x20E4, 0x20E4, 0x20E4, 0x20E4, 0x20E4, 0x4A49, 0xD6BA, 0xFFFF, 0xFFFF, 0xFFFF, 0xFFFF,
  0xFFFF, 0xFFFF, 0xFFFF, 0xFFFF, 0xFFFF, 0xFFFF, 0xFFFF, 0xFFFF, 0xFFFF, 0xFFFF, 0xFFFF, 0xFFFF,
  0xFFFF, 0xFFFF, 0xFFFF, 0xFFFF, 0xFFFF, 0xFFFF, 0xFFFF, 0xFFFF, 0xFFFF, 0xFFFF, 0xFFFF, 0xFFFF,
  0xFFFF, 0xFFFF, 0xFFFF, 0xFFFF, 0xFFFF, 0xFFFF, 0xFFFF, 0xFFFF, 0xFFFF, 0xFFFF, 0xFFFF, 0xFFFF,
  0xFFFF, 0xFFFF, 0xFFFF, 0xFFFF, 0xFFFF, 0xFFFF, 0xF7BE, 0x9492, 0x2945, 0x20E4, 0x20E4, 0x20E4,
  0x20E4, 0x20E4, 0x20E4, 0x20E4, 0x20E4, 0x20E4, 0x20E4, 0x630C, 0xE73C, 0xFFFF, 0xFFFF, 0xFFFF,
  0xFFFF, 0xFFFF, 0xFFFF, 0xFFFF, 0xFFFF, 0xFFFF, 0xFFFF, 0xFFFF, 0xFFFF, 0xFFFF, 0xFFFF, 0xFFFF,
  0xFFFF, 0xFFFF, 0xFFFF, 0xFFFF, 0xFFFF, 0xFFFF, 0xFFFF, 0xFFFF, 0xFFFF, 0xFFFF, 0xFFFF, 0xFFFF,
  0xFFFF, 0xFFFF, 0xFFFF, 0xFFFF, 0xFFFF, 0xFFFF, 0xFFFF, 0xFFFF, 0xD6BA, 0x528A, 0x20E4, 0x20E4,
  0x20E4, 0x20E4, 0x20E4, 0x20E4, 0x20E4, 0x20E4, 0x20E4, 0x20E4, 0x20E4, 0x20E4, 0x20E4, 0x20E4,
  0x20E4, 0x20E4, 0x20E4, 0x20E4, 0x20E4, 0x20E4, 0x20E4, 0x20E4, 0x20E4, 0x20E4, 0x20E4, 0x20E4,
  0x20E4, 0x20E4, 0x2104, 0x41E7, 0xAD75, 0xFFDF, 0xFFFF, 0xFFFF, 0xFFFF, 0xFFFF, 0xFFFF, 0xFFFF,
  0xFFFF, 0xFFFF, 0xFFFF, 0xFFFF, 0xFFFF, 0xFFFF, 0xFFFF, 0xFFFF, 0xFFDF, 0xCE79, 0x5269, 0x20E4,
  0x20E4, 0x20E4, 0x20E4, 0x20E4, 0x20E4, 0x20E4, 0x20E4, 0x20E4, 0x20E4, 0x20E4, 0x20E4, 0x20E4,
  0x20E4, 0x20E4, 0x20E4, 0x20E4, 0x20E4, 0x20E4, 0x20E4, 0x20E4, 0x20E4, 0x20E4, 0x20E4, 0x20E4,
  0x20E4, 0x20E4, 0x20E4, 0x20E4, 0x20E4, 0x20E4, 0x20E4, 0x20E4, 0x20E4, 0x20E4, 0x20E4, 0x20E4,
  0x20E4, 0x20E4, 0x20E4, 0x20E4, 0x20E4, 0x20E4, 0x20E4, 0x20E4, 0x20E4, 0x3165, 0xB5B6, 0xFFFF,
  0xFFFF, 0xFFFF, 0xFFFF, 0xFFFF, 0xFFFF, 0xFFFF, 0xFFFF, 0xFFFF, 0xFFFF, 0xFFFF, 0xFFFF, 0xFFFF,
  0xFFFF, 0xFFFF, 0xFFFF, 0xFFFF, 0xFFFF, 0xFFFF, 0xFFFF, 0xFFFF, 0xFFFF, 0xFFFF, 0xFFFF, 0xFFFF,
  0xFFFF, 0xFFFF, 0xFFFF, 0xFFFF, 0xFFFF, 0xEF5D, 0x8410, 0x20E4, 0x20E4, 0x20E4, 0x20E4, 0x20E4,
  0x20E4, 0x20E4, 0x20E4, 0x20E4, 0x20E4, 0x20E4, 0x7BAE, 0xEF5D, 0xFFFF, 0xFFFF, 0xFFFF, 0xFFFF,
  0xFFFF, 0xFFFF, 0xFFFF, 0xFFFF, 0xFFFF, 0xFFFF, 0xFFFF, 0xFFFF, 0xFFFF, 0xFFFF, 0xFFFF, 0xFFFF,
  0xFFFF, 0xFFFF, 0xFFFF, 0xFFFF, 0xFFFF, 0xFFFF, 0xFFFF, 0xFFFF, 0xFFFF, 0xFFFF, 0xFFFF, 0xFFFF,
  0xFFFF, 0xFFFF, 0xFFFF, 0xFFFF, 0xFFFF, 0xFFFF, 0xFFFF, 0xFFFF, 0xFFFF, 0xFFFF, 0xFFFF, 0xFFFF,
  0xFFFF, 0xFFFF, 0xFFFF, 0xFFFF, 0xFFFF, 0xFFFF, 0xFFDF, 0xC618, 0x3186, 0x20E4, 0x20E4, 0x20E4,
  0x20E4, 0x20E4, 0x20E4, 0x20E4, 0x20E4, 0x20E4, 0x20E4, 0x4208, 0xBDD7, 0xFFFF, 0xFFFF, 0xFFFF,
  0xFFFF, 0xFFFF, 0xFFFF, 0xFFFF, 0xFFFF, 0xFFFF, 0xFFFF, 0xFFFF, 0xFFFF, 0xFFFF, 0xFFFF, 0xFFFF,
  0xFFFF, 0xFFFF, 0xFFFF, 0xFFFF, 0xFFFF, 0xFFFF, 0xFFFF, 0xFFFF, 0xFFFF, 0xFFFF, 0xFFFF, 0xFFFF,
  0xFFFF, 0xFFFF, 0xFFFF, 0xFFFF, 0xFFFF, 0xFFFF, 0xFFFF, 0xFFFF, 0xFFDF, 0x7BAE, 0x2924, 0x20E4,
  0x20E4, 0x20E4, 0x20E4, 0x20E4, 0x20E4, 0x20E4, 0x20E4, 0x20E4, 0x20E4, 0x20E4, 0x20E4, 0x20E4,
  0x20E4, 0x20E4, 0x20E4, 0x20E4, 0x20E4, 0x20E4, 0x20E4, 0x20E4, 0x20E4, 0x20E4, 0x20E4, 0x20E4,
  0x20E4, 0x20E4, 0x2945, 0x8C51, 0xF7BE, 0xFFFF, 0xFFFF, 0xFFFF, 0xFFFF, 0xFFFF, 0xFFFF, 0xFFFF,
  0xFFFF, 0xFFFF, 0xFFFF, 0xFFFF, 0xFFFF, 0xFFFF, 0xFFFF, 0xFFFF, 0xFFFF, 0xFFBE, 0xB5B6, 0x39A6,
  0x20E4, 0x20E4, 0x20E4, 0x20E4, 0x20E4, 0x20E4, 0x20E4, 0x20E4, 0x20E4, 0x20E4, 0x20E4, 0x20E4,
  0x20E4, 0x20E4, 0x20E4, 0x20E4, 0x20E4, 0x20E4, 0x20E4, 0x20E4, 0x20E4, 0x20E4, 0x20E4, 0x20E4,
  0x20E4, 0x20E4, 0x20E4, 0x20E4, 0x20E4, 0x20E4, 0x20E4, 0x20E4, 0x20E4, 0x20E4, 0x20E4, 0x20E4,
  0x20E4, 0x20E4, 0x20E4, 0x20E4, 0x20E4, 0x20E4, 0x20E4, 0x20E4, 0x20E4, 0x5ACB, 0xDEBA, 0xFFFF,
  0xFFFF, 0xFFFF, 0xFFFF, 0xFFFF, 0xFFFF, 0xFFFF, 0xFFFF, 0xFFFF, 0xFFFF, 0xFFFF, 0xFFFF, 0xFFFF,
  0xFFFF, 0xFFFF, 0xFFFF, 0xFFFF, 0xFFFF, 0xFFFF, 0xFFFF, 0xFFFF, 0xFFFF, 0xFFFF, 0xFFFF, 0xFFFF,
  0xFFFF, 0xFFFF, 0xFFFF, 0xFFFF, 0xFFFF, 0xDEDB, 0x4A69, 0x20E4, 0x20E4, 0x20E4, 0x20E4, 0x20E4,
  0x20E4, 0x20E4, 0x20E4, 0x20E4, 0x20E4, 0x2104, 0xA514, 0xFFDF, 0xFFFF, 0xFFFF, 0xFFFF, 0xFFFF,
  0xFFFF, 0xFFFF, 0xFFFF, 0xFFFF, 0xFFFF, 0xFFFF, 0xFFFF, 0xFFFF, 0xFFFF, 0xFFFF, 0xFFFF, 0xFFFF,
  0xFFFF, 0xFFFF, 0xFFFF, 0xFFFF, 0xFFFF, 0xFFFF, 0xFFFF, 0xFFFF, 0xFFFF, 0xFFFF, 0xFFFF, 0xFFFF,
  0xFFFF, 0xFFFF, 0xFFFF, 0xFFFF, 0xFFFF, 0xFFFF, 0xFFFF, 0xFFFF, 0xFFFF, 0xFFFF, 0xFFFF, 0xFFFF,
  0xFFFF, 0xFFFF, 0xFFFF, 0xFFFF, 0xFFFF, 0xFFFF, 0xFFFF, 0xE71C, 0x4A49, 0x2104, 0x20E4, 0x20E4,
  0x20E4, 0x20E4, 0x20E4, 0x20E4, 0x20E4, 0x20E4, 0x20E4, 0x2945, 0x9492, 0xFFDF, 0xFFFF, 0xFFFF,
  0xFFFF, 0xFFFF, 0xFFFF, 0xFFFF, 0xFFFF, 0xFFFF, 0xFFFF, 0xFFFF, 0xFFFF, 0xFFFF, 0xFFFF, 0xFFFF,
  0xFFFF, 0xFFFF, 0xFFFF, 0xFFFF, 0xFFFF, 0xFFFF, 0xFFFF, 0xFFFF, 0xFFFF, 0xFFFF, 0xFFFF, 0xFFFF,
  0xFFFF, 0xFFFF, 0xFFFF, 0xFFFF, 0xFFFF, 0xFFFF, 0xFFFF, 0xFFFF, 0xFFFF, 0xB596, 0x39C7, 0x20E4,
  0x20E4, 0x20E4, 0x20E4, 0x20E4, 0x20E4, 0x20E4, 0x20E4, 0x20E4, 0x20E4, 0x20E4, 0x20E4, 0x20E4,
  0x20E4, 0x20E4, 0x20E4, 0x20E4, 0x20E4, 0x20E4, 0x20E4, 0x20E4, 0x20E4, 0x20E4, 0x20E4, 0x20E4,
  0x20E4, 0x2104, 0x4A69, 0xDEDB, 0xFFFF, 0xFFFF, 0xFFFF, 0xFFFF, 0xFFFF, 0xFFFF, 0xFFFF, 0xFFFF,
  0xFFFF, 0xFFFF, 0xFFFF, 0xFFFF, 0xFFFF, 0xFFFF, 0xFFFF, 0xFFFF, 0xFFFF, 0xFFFF, 0xEF7D, 0x8C30,
  0x2104, 0x20E4, 0x20E4, 0x20E4, 0x20E4, 0x20E4, 0x20E4, 0x20E4, 0x20E4, 0x20E4, 0x20E4, 0x20E4,
  0x20E4, 0x20E4, 0x20E4, 0x20E4, 0x20E4, 0x20E4, 0x20E4, 0x20E4, 0x20E4, 0x20E4, 0x20E4, 0x20E4,
  0x20E4, 0x20E4, 0x20E4, 0x20E4, 0x20E4, 0x20E4, 0x20E4, 0x20E4, 0x20E4, 0x20E4, 0x20E4, 0x20E4,
  0x20E4, 0x20E4, 0x20E4, 0x20E4, 0x20E4, 0x20E4, 0x20E4, 0x20E4, 0x2104, 0x8C51, 0xF79E, 0xFFFF,
  0xFFFF, 0xFFFF, 0xFFFF, 0xFFFF, 0xFFFF, 0xFFFF, 0xFFFF, 0xFFFF, 0xFFFF, 0xFFFF, 0xFFFF, 0xFFFF,
  0xFFFF, 0xFFFF, 0xFFFF, 0xFFFF, 0xFFFF, 0xFFFF, 0xFFFF, 0xFFFF, 0xFFFF, 0xFFFF, 0xFFFF, 0xFFFF,
  0xFFFF, 0xFFFF, 0xFFFF, 0xFFFF, 0xFFDF, 0xB596, 0x2924, 0x20E4, 0x20E4, 0x20E4, 0x20E4, 0x20E4,
  0x20E4, 0x20E4, 0x20E4, 0x20E4, 0x20E4, 0x39E7, 0xC638, 0xFFFF, 0xFFFF, 0xFFFF, 0xFFFF, 0xFFFF,
  0xFFFF, 0xFFFF, 0xFFFF, 0xFFFF, 0xFFFF, 0xFFFF, 0xFFFF, 0xFFFF, 0xFFFF, 0xFFFF, 0xFFFF, 0xFFFF,
  0xFFFF, 0xFFFF, 0xFFFF, 0xFFFF, 0xFFFF, 0xFFFF, 0xFFFF, 0xFFFF, 0xFFFF, 0xFFFF, 0xFFFF, 0xFFFF,
  0xFFFF, 0xFFFF, 0xFFFF, 0xFFFF, 0xFFFF, 0xFFFF, 0xFFFF, 0xFFFF, 0xFFFF, 0xFFFF, 0xFFFF, 0xFFFF,
  0xFFFF, 0xFFFF, 0xFFFF, 0xFFFF, 0xFFFF, 0xFFFF, 0xFFFF, 0xEF7D, 0x8410, 0x2104, 0x20E4, 0x20E4,
  0x20E4, 0x20E4, 0x20E4, 0x20E4, 0x20E4, 0x20E4, 0x20E4, 0x20E4, 0x6B2D, 0xE71C, 0xFFFF, 0xFFFF,
  0xFFFF, 0xFFFF, 0xFFFF, 0xFFFF, 0xFFFF, 0xFFFF, 0xFFFF, 0xFFFF, 0xFFFF, 0xFFFF, 0xFFFF, 0xFFFF,
  0xFFFF, 0xFFFF, 0xFFFF, 0xFFFF, 0xFFFF, 0xFFFF, 0xFFFF, 0xFFFF, 0xFFFF, 0xFFFF, 0xFFFF, 0xFFFF,
  0xFFFF, 0xFFFF, 0xFFFF, 0xFFFF, 0xFFFF, 0xFFFF, 0xFFFF, 0xFFFF, 0xFFFF, 0xEF3C, 0x5AAA, 0x2104,
  0x20E4, 0x20E4, 0x20E4, 0x20E4, 0x20E4, 0x20E4, 0x20E4, 0x20E4, 0x20E4, 0x20E4, 0x20E4, 0x20E4,
  0x20E4, 0x20E4, 0x20E4, 0x20E4, 0x20E4, 0x20E4, 0x20E4, 0x20E4, 0x20E4, 0x20E4, 0x20E4, 0x20E4,
  0x20E4, 0x2924, 0x94B2, 0xF7BE, 0xFFFF, 0xFFFF, 0xFFFF, 0xFFFF, 0xFFFF, 0xFFFF, 0xFFFF, 0xFFFF,
  0xFFFF, 0xFFFF, 0xFFFF, 0xFFFF, 0xFFFF, 0xFFFF, 0xFFFF, 0xFFFF, 0xFFFF, 0xFFFF, 0xFFFF, 0xC618,
  0x41E7, 0x20E4, 0x20E4, 0x20E4, 0x20E4, 0x20E4, 0x20E4, 0x20E4, 0x20E4, 0x20E4, 0x20E4, 0x20E4,
  0x20E4, 0x20E4, 0x20E4, 0x20E4, 0x20E4, 0x20E4, 0x20E4, 0x20E4, 0x20E4, 0x20E4, 0x20E4, 0x20E4,
  0x20E4, 0x20E4, 0x20E4, 0x20E4, 0x20E4, 0x20E4, 0x20E4, 0x20E4, 0x20E4, 0x20E4, 0x20E4, 0x20E4,
  0x20E4, 0x20E4, 0x20E4, 0x20E4, 0x20E4, 0x20E4, 0x20E4, 0x20E4, 0x39C7, 0xBDB6, 0xFFFF, 0xFFFF,
  0xFFFF, 0xFFFF, 0xFFFF, 0xFFFF, 0xFFFF, 0xFFFF, 0xFFFF, 0xFFFF, 0xFFFF, 0xFFFF, 0xFFFF, 0xFFFF,
  0xFFFF, 0xFFFF, 0xFFFF, 0xFFFF, 0xFFFF, 0xFFFF, 0xFFFF, 0xFFFF, 0xFFFF, 0xFFFF, 0xFFFF, 0xFFFF,
  0xFFFF, 0xFFFF, 0xFFFF, 0xFFFF, 0xEF5D, 0x7BAE, 0x20E4, 0x20E4, 0x20E4, 0x20E4, 0x20E4, 0x20E4,
  0x20E4, 0x20E4, 0x20E4, 0x20E4, 0x20E4, 0x630C, 0xDEFB, 0xFFFF, 0xFFFF, 0xFFFF, 0xFFFF, 0xFFFF,
  0xFFFF, 0xFFFF, 0xFFFF, 0xFFFF, 0xFFFF, 0xFFFF, 0xFFFF, 0xFFFF, 0xFFFF, 0xFFFF, 0xFFFF, 0xFFFF,
  0xFFFF, 0xFFFF, 0xFFFF, 0xFFFF, 0xFFFF, 0xFFFF, 0xFFFF, 0xFFFF, 0xFFFF, 0xFFFF, 0xFFFF, 0xFFFF,
  0xFFFF, 0xFFFF, 0xFFFF, 0xFFFF, 0xFFFF, 0xFFFF, 0xFFFF, 0xFFFF, 0xFFFF, 0xFFFF, 0xFFFF, 0xFFFF,
  0xFFFF, 0xFFFF, 0xFFFF, 0xFFFF, 0xFFFF, 0xFFFF, 0xFFFF, 0xFFDF, 0xBDD7, 0x2925, 0x20E4, 0x20E4,
  0x20E4, 0x20E4, 0x20E4, 0x20E4, 0x20E4, 0x20E4, 0x20E4, 0x20E4, 0x41E7, 0xBDF7, 0xFFFF, 0xFFFF,
  0xFFFF, 0xFFFF, 0xFFFF, 0xFFFF, 0xFFFF, 0xFFFF, 0xFFFF, 0xFFFF, 0xFFFF, 0xFFFF, 0xFFFF, 0xFFFF,
  0xFFFF, 0xFFFF, 0xFFFF, 0xFFFF, 0xFFFF, 0xFFFF, 0xFFFF, 0xFFFF, 0xFFFF, 0xFFFF, 0xFFFF, 0xFFFF,
  0xFFFF, 0xFFFF, 0xFFFF, 0xFFFF, 0xFFFF, 0xFFFF, 0xFFFF, 0xFFFF, 0xFFFF, 0xFFFF, 0x9472, 0x3165,
  0x20E4, 0x20E4, 0x20E4, 0x20E4, 0x20E4, 0x20E4, 0x20E4, 0x20E4, 0x20E4, 0x20E4, 0x20E4, 0x20E4,
  0x20E4, 0x20E4, 0x20E4, 0x20E4, 0x20E4, 0x20E4, 0x20E4, 0x20E4, 0x20E4, 0x20E4, 0x20E4, 0x20E4,
  0x20E4, 0x41E7, 0xD69A, 0xFFFF, 0xFFFF, 0xFFFF, 0xFFFF, 0xFFFF, 0xFFFF, 0xFFFF, 0xFFFF, 0xFFFF,
  0xFFFF, 0xFFFF, 0xFFFF, 0xFFFF, 0xFFFF, 0xFFFF, 0xFFFF, 0xFFFF, 0xFFFF, 0xFFFF, 0xFFFF, 0xE71C,
  0x6B4D, 0x20E4, 0x20E4, 0x20E4, 0x20E4, 0x20E4, 0x20E4, 0x20E4, 0x20E4, 0x20E4, 0x20E4, 0x20E4,
  0x20E4, 0x20E4, 0x20E4, 0x20E4, 0x20E4, 0x20E4, 0x20E4, 0x20E4, 0x20E4, 0x20E4, 0x20E4, 0x20E4,
  0x20E4, 0x20E4, 0x20E4, 0x20E4, 0x20E4, 0x20E4, 0x20E4, 0x20E4, 0x20E4, 0x20E4, 0x20E4, 0x20E4,
  0x20E4, 0x20E4, 0x20E4, 0x20E4, 0x20E4, 0x20E4, 0x20E4, 0x2104, 0x6B4D, 0xE73C, 0xFFFF, 0xFFFF,
  0xFFFF, 0xFFFF, 0xFFFF, 0xFFFF, 0xFFFF, 0xFFFF, 0xFFFF, 0xFFFF, 0xFFFF, 0xFFFF, 0xFFFF, 0xFFFF,
  0xFFFF, 0xFFFF, 0xFFFF, 0xFFFF, 0xFFFF, 0xFFFF, 0xFFFF, 0xFFFF, 0xFFFF, 0xFFFF, 0xFFFF, 0xFFFF,
  0xFFFF, 0xFFFF, 0xFFFF, 0xFFFF, 0xD6BA, 0x41E7, 0x20E4, 0x20E4, 0x20E4, 0x20E4, 0x20E4, 0x20E4,
  0x20E4, 0x20E4, 0x20E4, 0x20E4, 0x2104, 0x8C71, 0xF7BE, 0xFFFF, 0xFFFF, 0xFFFF, 0xFFFF, 0xFFFF,
  0xFFFF, 0xFFFF, 0xFFFF, 0xFFFF, 0xFFFF, 0xFFFF, 0xFFFF, 0xFFFF, 0xFFFF, 0xFFFF, 0xFFFF, 0xFFFF,
  0xFFFF, 0xFFFF, 0xFFFF, 0xFFFF, 0xFFFF, 0xFFFF, 0xFFFF, 0xFFFF, 0xFFFF, 0xFFFF, 0xFFFF, 0xFFFF,
  0xFFFF, 0xFFFF, 0xFFFF, 0xFFFF, 0xFFFF, 0xFFFF, 0xFFFF, 0xFFFF, 0xFFFF, 0xFFFF, 0xFFFF, 0xFFFF,
  0xFFFF, 0xFFFF, 0xFFFF, 0xFFFF, 0xFFFF, 0xFFFF, 0xFFFF, 0xFFFF, 0xDEDB, 0x5269, 0x20E4, 0x20E4,
  0x20E4, 0x20E4, 0x20E4, 0x20E4, 0x20E4, 0x20E4, 0x20E4, 0x20E4, 0x2104, 0x8C71, 0xF79E, 0xFFFF,
  0xFFFF, 0xFFFF, 0xFFFF, 0xFFFF, 0xFFFF, 0xFFFF, 0xFFFF, 0xFFFF, 0xFFFF, 0xFFFF, 0xFFFF, 0xFFFF,
  0xFFFF, 0xFFFF, 0xFFFF, 0xFFFF, 0xFFFF, 0xFFFF, 0xFFFF, 0xFFFF, 0xFFFF, 0xFFFF, 0xFFFF, 0xFFFF,
  0xFFFF, 0xFFFF, 0xFFFF, 0xFFFF, 0xFFFF, 0xFFFF, 0xFFFF, 0xFFFF, 0xFFFF, 0xFFFF, 0xDEFB, 0x4A49,
  0x2104, 0x20E4, 0x20E4, 0x20E4, 0x20E4, 0x20E4, 0x20E4, 0x20E4, 0x20E4, 0x20E4, 0x20E4, 0x20E4,
  0x20E4, 0x20E4, 0x20E4, 0x20E4, 0x20E4, 0x20E4, 0x20E4, 0x20E4, 0x20E4, 0x20E4, 0x20E4, 0x20E4,
  0x20E4, 0x6B2C, 0xEF5D, 0xFFFF, 0xFFFF, 0xFFFF, 0xFFFF, 0xFFFF, 0xFFFF, 0xFFFF, 0xFFFF, 0xFFFF,
  0xFFFF, 0xFFFF, 0xFFFF, 0xFFFF, 0xFFFF, 0xFFFF, 0xFFFF, 0xFFFF, 0xFFFF, 0xFFFF, 0xFFFF, 0xF7BE,
  0x9471, 0x20E4, 0x20E4, 0x20E4, 0x20E4, 0x20E4, 0x20E4, 0x20E4, 0x20E4, 0x20E4, 0x20E4, 0x20E4,
  0x20E4, 0x20E4, 0x20E4, 0x20E4, 0x20E4, 0x20E4, 0x20E4, 0x20E4, 0x20E4, 0x20E4, 0x20E4, 0x20E4,
  0x20E4, 0x20E4, 0x20E4, 0x20E4, 0x20E4, 0x20E4, 0x20E4, 0x20E4, 0x20E4, 0x20E4, 0x20E4, 0x20E4,
  0x20E4, 0x20E4, 0x20E4, 0x20E4, 0x20E4, 0x20E4, 0x20E4, 0x39A6, 0xA534, 0xFFFF, 0xFFFF, 0xFFFF,
  0xFFFF, 0xFFFF, 0xFFFF, 0xFFFF, 0xFFFF, 0xFFFF, 0xFFFF, 0xFFFF, 0xFFFF, 0xFFFF, 0xFFFF, 0xFFFF,
  0xFFFF, 0xFFFF, 0xFFFF, 0xFFFF, 0xFFFF, 0xFFFF, 0xFFFF, 0xFFFF, 0xFFFF, 0xFFFF, 0xFFFF, 0xFFFF,
  0xFFFF, 0xFFFF, 0xFFFF, 0xF7BE, 0xA514, 0x2924, 0x20E4, 0x20E4, 0x20E4, 0x20E4, 0x20E4, 0x20E4,
  0x20E4, 0x20E4, 0x20E4, 0x20E4, 0x39C7, 0xB5B6, 0xFFFF, 0xFFFF, 0xFFFF, 0xFFFF, 0xFFFF, 0xFFFF,
  0xFFFF, 0xFFFF, 0xFFFF, 0xFFFF, 0xFFFF, 0xFFFF, 0xFFFF, 0xFFFF, 0xFFFF, 0xFFFF, 0xFFFF, 0xFFFF,
  0xFFFF, 0xFFFF, 0xFFFF, 0xFFFF, 0xFFFF, 0xFFFF, 0xFFFF, 0xFFFF, 0xFFFF, 0xFFFF, 0xFFFF, 0xFFFF,
  0xFFFF, 0xFFFF, 0xFFFF, 0xFFFF, 0xFFFF, 0xFFFF, 0xFFFF, 0xFFFF, 0xFFFF, 0xFFFF, 0xFFFF, 0xFFFF,
  0xFFFF, 0xFFFF, 0xFFFF, 0xFFFF, 0xFFFF, 0xFFFF, 0xFFFF, 0xFFFF, 0xEF7D, 0x8C51, 0x20E4, 0x20E4,
  0x20E4, 0x20E4, 0x20E4, 0x20E4, 0x20E4, 0x20E4, 0x20E4, 0x20E4, 0x20E4, 0x5AAA, 0xDEBA, 0xFFFF,
  0xFFFF, 0xFFFF, 0xFFFF, 0xFFFF, 0xFFFF, 0xFFFF, 0xFFFF, 0xFFFF, 0xFFFF, 0xFFFF, 0xFFFF, 0xFFFF,
  0xFFFF, 0xFFFF, 0xFFFF, 0xFFFF, 0xFFFF, 0xFFFF, 0xFFFF, 0xFFFF, 0xFFFF, 0xFFFF, 0xFFFF, 0xFFFF,
  0xFFFF, 0xFFFF, 0xFFFF, 0xFFFF, 0xFFFF, 0xFFFF, 0xFFFF, 0xFFFF, 0xFFFF, 0xFFFF, 0xFFDF, 0x8C71,
  0x2965, 0x20E4, 0x20E4, 0x20E4, 0x20E4, 0x20E4, 0x20E4, 0x20E4, 0x20E4, 0x20E4, 0x20E4, 0x20E4,
  0x20E4, 0x20E4, 0x20E4, 0x20E4, 0x20E4, 0x20E4, 0x20E4, 0x20E4, 0x20E4, 0x20E4, 0x20E4, 0x20E4,
  0x20E4, 0x8430, 0xEF7D, 0xFFFF, 0xFFFF, 0xFFFF, 0xFFFF, 0xFFFF, 0xFFFF, 0xFFFF, 0xFFFF, 0xFFFF,
  0xFFFF, 0xFFFF, 0xFFFF, 0xFFFF, 0xFFFF, 0xFFFF, 0xFFFF, 0xFFFF, 0xFFFF, 0xFFFF, 0xFFFF, 0xFFFF,
  0xA514, 0x2945, 0x20E4, 0x20E4, 0x20E4, 0x20E4, 0x20E4, 0x20E4, 0x20E4, 0x20E4, 0x20E4, 0x20E4,
  0x20E4, 0x20E4, 0x20E4, 0x20E4, 0x20E4, 0x20E4, 0x20E4, 0x20E4, 0x20E4, 0x20E4, 0x20E4, 0x20E4,
  0x20E4, 0x20E4, 0x20E4, 0x20E4, 0x20E4, 0x20E4, 0x20E4, 0x20E4, 0x20E4, 0x20E4, 0x20E4, 0x20E4,
  0x20E4, 0x20E4, 0x20E4, 0x20E4, 0x20E4, 0x20E4, 0x2104, 0x62EB, 0xE71C, 0xFFFF, 0xFFFF, 0xFFFF,
  0xFFFF, 0xFFFF, 0xFFFF, 0xFFFF, 0xFFFF, 0xFFFF, 0xFFFF, 0xFFFF, 0xFFFF, 0xFFFF, 0xFFFF, 0xFFFF,
  0xFFFF, 0xFFFF, 0xFFFF, 0xFFFF, 0xFFFF, 0xFFFF, 0xFFFF, 0xFFFF, 0xFFFF, 0xFFFF, 0xFFFF, 0xFFFF,
  0xFFFF, 0xFFFF, 0xFFFF, 0xEF5D, 0x630C, 0x2104, 0x20E4, 0x20E4, 0x20E4, 0x20E4, 0x20E4, 0x20E4,
  0x20E4, 0x20E4, 0x20E4, 0x20E4, 0x62EC, 0xDEFB, 0xFFFF, 0xFFFF, 0xFFFF, 0xFFFF, 0xFFFF, 0xFFFF,
  0xFFFF, 0xFFFF, 0xFFFF, 0xFFFF, 0xFFFF, 0xFFFF, 0xFFFF, 0xFFFF, 0xFFFF, 0xFFFF, 0xFFFF, 0xFFFF,
  0xFFFF, 0xFFFF, 0xFFFF, 0xFFFF, 0xFFFF, 0xFFFF, 0xFFFF, 0xFFFF, 0xFFFF, 0xFFFF, 0xFFFF, 0xFFFF,
  0xFFFF, 0xFFFF, 0xFFFF, 0xFFFF, 0xFFFF, 0xFFFF, 0xFFFF, 0xFFFF, 0xFFFF, 0xFFFF, 0xFFFF, 0xFFFF,
  0xFFFF, 0xFFFF, 0xFFFF, 0xFFFF, 0xFFFF, 0xFFFF, 0xFFFF, 0xFFFF, 0xFFDF, 0xBDF7, 0x2945, 0x20E4,
  0x20E4, 0x20E4, 0x20E4, 0x20E4, 0x20E4, 0x20E4, 0x20E4, 0x20E4, 0x20E4, 0x2945, 0xB596, 0xFFDF,
  0xFFFF, 0xFFFF, 0xFFFF, 0xFFFF, 0xFFFF, 0xFFFF, 0xFFFF, 0xFFFF, 0xFFFF, 0xFFFF, 0xFFFF, 0xFFFF,
  0xFFFF, 0xFFFF, 0xFFFF, 0xFFFF, 0xFFFF, 0xFFFF, 0xFFFF, 0xFFFF, 0xFFFF, 0xFFFF, 0xFFFF, 0xFFFF,
  0xFFFF, 0xFFFF, 0xFFFF, 0xFFFF, 0xFFFF, 0xFFFF, 0xFFFF, 0xFFFF, 0xFFFF, 0xFFFF, 0xFFFF, 0xD6BA,
  0x4A28, 0x2104, 0x20E4, 0x20E4, 0x20E4, 0x20E4, 0x20E4, 0x20E4, 0x20E4, 0x20E4, 0x20E4, 0x20E4,
  0x20E4, 0x20E4, 0x20E4, 0x20E4, 0x20E4, 0x20E4, 0x20E4, 0x20E4, 0x20E4, 0x20E4, 0x20E4, 0x20E4,
  0x20E4, 0x9471, 0xF79E, 0xFFFF, 0xFFFF, 0xFFFF, 0xFFFF, 0xFFFF, 0xFFFF, 0xFFFF, 0xFFFF, 0xFFFF,
  0xFFFF, 0xFFFF, 0xFFFF, 0xFFFF, 0xFFFF, 0xFFFF, 0xFFFF, 0xFFFF, 0xFFFF, 0xFFFF, 0xFFFF, 0xFFFF,
  0xAD55, 0x3166, 0x20E4, 0x20E4, 0x20E4, 0x20E4, 0x20E4, 0x20E4, 0x20E4, 0x20E4, 0x20E4, 0x20E4,
  0x20E4, 0x20E4, 0x20E4, 0x20E4, 0x20E4, 0x20E4, 0x20E4, 0x20E4, 0x20E4, 0x20E4, 0x20E4, 0x20E4,
  0x20E4, 0x20E4, 0x20E4, 0x20E4, 0x20E4, 0x20E4, 0x20E4, 0x20E4, 0x20E4, 0x20E4, 0x20E4, 0x20E4,
  0x20E4, 0x20E4, 0x20E4, 0x20E4, 0x20E4, 0x20E4, 0x3186, 0x9CF3, 0xFFFF, 0xFFFF, 0xFFFF, 0xFFFF,
  0xFFFF, 0xFFFF, 0xFFFF, 0xFFFF, 0xFFFF, 0xFFFF, 0xFFFF, 0xFFFF, 0xFFFF, 0xFFFF, 0xFFFF, 0xFFFF,
  0xFFFF, 0xFFFF, 0xFFFF, 0xFFFF, 0xFFFF, 0xFFFF, 0xFFFF, 0xFFFF, 0xFFFF, 0xFFFF, 0xFFFF, 0xFFFF,
  0xFFFF, 0xFFFF, 0xFFDF, 0xC618, 0x39A6, 0x20E4, 0x20E4, 0x20E4, 0x20E4, 0x20E4, 0x20E4, 0x20E4,
  0x20E4, 0x20E4, 0x20E4, 0x2925, 0x8C51, 0xFFDF, 0xFFFF, 0xFFFF, 0xFFFF, 0xFFFF, 0xFFFF, 0xFFFF,
  0xFFFF, 0xFFFF, 0xFFFF, 0xFFFF, 0xFFFF, 0xFFFF, 0xFFFF, 0xFFFF, 0xFFFF, 0xFFFF, 0xFFFF, 0xFFFF,
  0xFFFF, 0xFFFF, 0xFFFF, 0xFFFF, 0xFFFF, 0xFFFF, 0xFFFF, 0xFFFF, 0xFFFF, 0xFFFF, 0xFFFF, 0xFFFF,
  0xFFFF, 0xFFFF, 0xFFFF, 0xFFFF, 0xFFFF, 0xFFFF, 0xFFFF, 0xFFFF, 0xFFFF, 0xFFFF, 0xFFFF, 0xFFFF,
  0xFFFF, 0xFFFF, 0xFFFF, 0xFFFF, 0xFFFF, 0xFFFF, 0xFFFF, 0xFFFF, 0xFFFF, 0xDEDB, 0x5ACB, 0x20E4,
  0x20E4, 0x20E4, 0x20E4, 0x20E4, 0x20E4, 0x20E4, 0x20E4, 0x20E4, 0x20E4, 0x20E4, 0x738E, 0xE73C,
  0xFFFF, 0xFFFF, 0xFFFF, 0xFFFF, 0xFFFF, 0xFFFF, 0xFFFF, 0xFFFF, 0xFFFF, 0xFFFF, 0xFFFF, 0xFFFF,
  0xFFFF, 0xFFFF, 0xFFFF, 0xFFFF, 0xFFFF, 0xFFFF, 0xFFFF, 0xFFFF, 0xFFFF, 0xFFFF, 0xFFFF, 0xFFFF,
  0xFFFF, 0xFFFF, 0xFFFF, 0xFFFF, 0xFFFF, 0xFFFF, 0xFFFF, 0xFFFF, 0xFFFF, 0xFFFF, 0xFFFF, 0xF79E,
  0x8C71, 0x2945, 0x20E4, 0x20E4, 0x20E4, 0x20E4, 0x20E4, 0x20E4, 0x20E4, 0x20E4, 0x20E4, 0x20E4,
  0x20E4, 0x20E4, 0x20E4, 0x20E4, 0x20E4, 0x20E4, 0x20E4, 0x20E4, 0x20E4, 0x20E4, 0x20E4, 0x20E4,
  0x20E4, 0x8C71, 0xF79E, 0xFFFF, 0xFFFF, 0xFFFF, 0xFFFF, 0xFFFF, 0xFFFF, 0xFFFF, 0xFFFF, 0xFFFF,
  0xFFFF, 0xFFFF, 0xFFFF, 0xFFFF, 0xFFFF, 0xFFFF, 0xFFFF, 0xFFFF, 0xFFFF, 0xFFFF, 0xFFFF, 0xFFFF,
  0xAD55, 0x3165, 0x20E4, 0x20E4, 0x20E4, 0x20E4, 0x20E4, 0x20E4, 0x20E4, 0x20E4, 0x20E4, 0x20E4,
  0x20E4, 0x20E4, 0x20E4, 0x20E4, 0x20E4, 0x20E4, 0x20E4, 0x20E4, 0x20E4, 0x20E4, 0x20E4, 0x20E4,
  0x20E4, 0x20E4, 0x20E4, 0x20E4, 0x20E4, 0x20E4, 0x20E4, 0x20E4, 0x20E4, 0x20E4, 0x20E4, 0x20E4,
  0x20E4, 0x20E4, 0x20E4, 0x20E4, 0x20E4, 0x2104, 0x5ACB, 0xE71C, 0xFFFF, 0xFFFF, 0xFFFF, 0xFFFF,
  0xFFFF, 0xFFFF, 0xFFFF, 0xFFFF, 0xFFFF, 0xFFFF, 0xFFFF, 0xFFFF, 0xFFFF, 0xFFFF, 0xFFFF, 0xFFFF,
  0xFFFF, 0xFFFF, 0xFFFF, 0xFFFF, 0xFFFF, 0xFFFF, 0xFFFF, 0xFFFF, 0xFFFF, 0xFFFF, 0xFFFF, 0xFFFF,
  0xFFFF, 0xFFFF, 0xF79E, 0x7BCF, 0x2925, 0x20E4, 0x20E4, 0x20E4, 0x20E4, 0x20E4, 0x20E4, 0x20E4,
  0x20E4, 0x20E4, 0x20E4, 0x41E7, 0xBDD7, 0xFFFF, 0xFFFF, 0xFFFF, 0xFFFF, 0xFFFF, 0xFFFF, 0xFFFF,
  0xFFFF, 0xFFFF, 0xFFFF, 0xFFFF, 0xFFFF, 0xFFFF, 0xFFFF, 0xFFFF, 0xFFFF, 0xFFFF, 0xFFFF, 0xFFFF,
  0xFFFF, 0xFFFF, 0xFFFF, 0xFFFF, 0xFFFF, 0xFFFF, 0xFFFF, 0xFFFF, 0xFFFF, 0xFFFF, 0xFFFF, 0xFFFF,
  0xFFFF, 0xFFFF, 0xFFFF, 0xFFFF, 0xFFFF, 0xFFFF, 0xFFFF, 0xFFFF, 0xFFFF, 0xFFFF, 0xFFFF, 0xFFFF,
  0xFFFF, 0xFFFF, 0xFFFF, 0xFFFF, 0xFFFF, 0xFFFF, 0xFFFF, 0xFFFF, 0xFFFF, 0xF79E, 0x94B2, 0x2104,
  0x20E4, 0x20E4, 0x20E4, 0x20E4, 0x20E4, 0x20E4, 0x20E4, 0x20E4, 0x20E4, 0x20E4, 0x3186, 0xC618,
  0xFFDF, 0xFFFF, 0xFFFF, 0xFFFF, 0xFFFF, 0xFFFF, 0xFFFF, 0xFFFF, 0xFFFF, 0xFFFF, 0xFFFF, 0xFFFF,
  0xFFFF, 0xFFFF, 0xFFFF, 0xFFFF, 0xFFFF, 0xFFFF, 0xFFFF, 0xFFFF, 0xFFFF, 0xFFFF, 0xFFFF, 0xFFFF,
  0xFFFF, 0xFFFF, 0xFFFF, 0xFFFF, 0xFFFF, 0xFFFF, 0xFFFF, 0xFFFF, 0xFFFF, 0xFFFF, 0xFFFF, 0xFFFF,
  0xDEDB, 0x528A, 0x2104, 0x20E4, 0x20E4, 0x20E4, 0x20E4, 0x20E4, 0x20E4, 0x20E4, 0x20E4, 0x20E4,
  0x20E4, 0x20E4, 0x20E4, 0x20E4, 0x20E4, 0x20E4, 0x20E4, 0x20E4, 0x20E4, 0x20E4, 0x20E4, 0x20E4,
  0x20E4, 0x83F0, 0xEF7D, 0xFFFF, 0xFFFF, 0xFFFF, 0xFFFF, 0xFFFF, 0xFFFF, 0xFFFF, 0xFFFF, 0xFFFF,
  0xFFFF, 0xFFFF, 0xFFFF, 0xFFFF, 0xFFFF, 0xFFFF, 0xFFFF, 0xFFFF, 0xFFFF, 0xFFFF, 0xFFFF, 0xFFFF,
  0x9CF3, 0x2104, 0x20E4, 0x20E4, 0x20E4, 0x20E4, 0x20E4, 0x20E4, 0x20E4, 0x20E4, 0x20E4, 0x20E4,
  0x20E4, 0x20E4, 0x20E4, 0x20E4, 0x20E4, 0x20E4, 0x20E4, 0x20E4, 0x20E4, 0x20E4, 0x20E4, 0x20E4,
  0x20E4, 0x20E4, 0x20E4, 0x20E4, 0x20E4, 0x20E4, 0x20E4, 0x20E4, 0x20E4, 0x20E4, 0x20E4, 0x20E4,
  0x20E4, 0x20E4, 0x20E4, 0x20E4, 0x20E4, 0x39C7, 0xAD55, 0xFFFF, 0xFFFF, 0xFFFF, 0xFFFF, 0xFFFF,
  0xFFFF, 0xFFFF, 0xFFFF, 0xFFFF, 0xFFFF, 0xFFFF, 0xFFFF, 0xFFFF, 0xFFFF, 0xFFFF, 0xFFFF, 0xFFFF,
  0xFFFF, 0xFFFF, 0xFFFF, 0xFFFF, 0xFFFF, 0xFFFF, 0xFFFF, 0xFFFF, 0xFFFF, 0xFFFF, 0xFFFF, 0xFFFF,
  0xFFFF, 0xFFFF, 0xD69A, 0x4208, 0x20E4, 0x20E4, 0x20E4, 0x20E4, 0x20E4, 0x20E4, 0x20E4, 0x20E4,
  0x20E4, 0x20E4, 0x2104, 0x62EB, 0xE73C, 0xFFFF, 0xFFFF, 0xFFFF, 0xFFFF, 0xFFFF, 0xFFFF, 0xFFFF,
  0xFFFF, 0xFFFF, 0xFFFF, 0xFFFF, 0xFFFF, 0xFFFF, 0xFFFF, 0xFFFF, 0xFFFF, 0xFFFF, 0xFFFF, 0xFFFF,
  0xFFFF, 0xFFFF, 0xFFFF, 0xFFFF, 0xFFFF, 0xFFFF, 0xFFFF, 0xFFFF, 0xFFFF, 0xFFFF, 0xFFFF, 0xFFFF,
  0xFFFF, 0xFFFF, 0xFFFF, 0xFFFF, 0xFFFF, 0xFFFF, 0xFFFF, 0xFFFF, 0xFFFF, 0xFFFF, 0xFFFF, 0xFFFF,
  0xFFFF, 0xFFFF, 0xFFFF, 0xFFFF, 0xFFFF, 0xFFFF, 0xFFFF, 0xFFFF, 0xFFFF, 0xFFFF, 0xC638, 0x41E8,
  0x20E4, 0x20E4, 0x20E4, 0x20E4, 0x20E4, 0x20E4, 0x20E4, 0x20E4, 0x20E4, 0x20E4, 0x20E4, 0x8410,
  0xEF7D, 0xFFFF, 0xFFFF, 0xFFFF, 0xFFFF, 0xFFFF, 0xFFFF, 0xFFFF, 0xFFFF, 0xFFFF, 0xFFFF, 0xFFFF,
  0xFFFF, 0xFFFF, 0xFFFF, 0xFFFF, 0xFFFF, 0xFFFF, 0xFFFF, 0xFFFF, 0xFFFF, 0xFFFF, 0xFFFF, 0xFFFF,
  0xFFFF, 0xFFFF, 0xFFFF, 0xFFFF, 0xFFFF, 0xFFFF, 0xFFFF, 0xFFFF, 0xFFFF, 0xFFFF, 0xFFFF, 0xFFFF,
  0xF7BE, 0xAD55, 0x3165, 0x20E4, 0x20E4, 0x20E4, 0x20E4, 0x20E4, 0x20E4, 0x20E4, 0x20E4, 0x20E4,
  0x20E4, 0x20E4, 0x20E4, 0x20E4, 0x20E4, 0x20E4, 0x20E4, 0x20E4, 0x20E4, 0x20E4, 0x20E4, 0x20E4,
  0x20E4, 0x6B2C, 0xEF5D, 0xFFFF, 0xFFFF, 0xFFFF, 0xFFFF, 0xFFFF, 0xFFFF, 0xFFFF, 0xFFFF, 0xFFFF,
  0xFFFF, 0xFFFF, 0xFFFF, 0xFFFF, 0xFFFF, 0xFFFF, 0xFFFF, 0xFFFF, 0xFFFF, 0xFFFF, 0xFFFF, 0xF79E,
  0x8C30, 0x20E4, 0x20E4, 0x20E4, 0x20E4, 0x20E4, 0x20E4, 0x20E4, 0x20E4, 0x20E4, 0x20E4, 0x20E4,
  0x20E4, 0x20E4, 0x20E4, 0x20E4, 0x20E4, 0x20E4, 0x20E4, 0x20E4, 0x20E4, 0x20E4, 0x20E4, 0x20E4,
  0x20E4, 0x20E4, 0x20E4, 0x20E4, 0x20E4, 0x20E4, 0x20E4, 0x20E4, 0x20E4, 0x20E4, 0x20E4, 0x20E4,
  0x20E4, 0x20E4, 0x20E4, 0x20E4, 0x2924, 0x738E, 0xF79E, 0xFFFF, 0xFFFF, 0xFFFF, 0xFFFF, 0xFFFF,
  0xFFFF, 0xFFFF, 0xFFFF, 0xFFFF, 0xFFFF, 0xFFFF, 0xFFFF, 0xFFFF, 0xFFFF, 0xFFFF, 0xFFFF, 0xFFFF,
  0xFFFF, 0xFFFF, 0xFFFF, 0xFFFF, 0xFFFF, 0xFFFF, 0xFFFF, 0xFFFF, 0xFFFF, 0xFFFF, 0xFFFF, 0xFFFF,
  0xFFFF, 0xFFFF, 0x8C71, 0x3165, 0x20E4, 0x20E4, 0x20E4, 0x20E4, 0x20E4, 0x20E4, 0x20E4, 0x20E4,
  0x20E4, 0x20E4, 0x3165, 0x9492, 0xFFFF, 0xFFFF, 0xFFFF, 0xFFFF, 0xFFFF, 0xFFFF, 0xFFFF, 0xFFFF,
  0xFFFF, 0xFFFF, 0xFFFF, 0xFFFF, 0xFFFF, 0xFFFF, 0xFFFF, 0xFFFF, 0xFFFF, 0xFFFF, 0xFFFF, 0xFFFF,
  0xFFFF, 0xFFFF, 0xFFFF, 0xFFFF, 0xFFFF, 0xFFFF, 0xFFFF, 0xFFFF, 0xFFFF, 0xFFFF, 0xFFFF, 0xFFFF,
  0xFFFF, 0xFFFF, 0xFFFF, 0xFFFF, 0xFFFF, 0xFFFF, 0xFFFF, 0xFFFF, 0xFFFF, 0xFFFF, 0xFFFF, 0xFFFF,
  0xFFFF, 0xFFFF, 0xFFFF, 0xFFFF, 0xFFFF, 0xFFFF, 0xFFFF, 0xFFFF, 0xFFFF, 0xFFFF, 0xE73C, 0x73AE,
  0x2104, 0x20E4, 0x20E4, 0x20E4, 0x20E4, 0x20E4, 0x20E4, 0x20E4, 0x20E4, 0x20E4, 0x20E4, 0x41E7,
  0xCE79, 0xFFFF, 0xFFFF, 0xFFFF, 0xFFFF, 0xFFFF, 0xFFFF, 0xFFFF, 0xFFFF, 0xFFFF, 0xFFFF, 0xFFFF,
  0xFFFF, 0xFFFF, 0xFFFF, 0xFFFF, 0xFFFF, 0xFFFF, 0xFFFF, 0xFFFF, 0xFFFF, 0xFFFF, 0xFFFF, 0xFFFF,
  0xFFFF, 0xFFFF, 0xFFFF, 0xFFFF, 0xFFFF, 0xFFFF, 0xFFFF, 0xFFFF, 0xFFFF, 0xFFFF, 0xFFFF, 0xFFFF,
  0xFFFF, 0xE73C, 0x736E, 0x2104, 0x20E4, 0x20E4, 0x20E4, 0x20E4, 0x20E4, 0x20E4, 0x20E4, 0x20E4,
  0x20E4, 0x20E4, 0x20E4, 0x20E4, 0x20E4, 0x20E4, 0x20E4, 0x20E4, 0x20E4, 0x20E4, 0x20E4, 0x20E4,
  0x20E4, 0x4208, 0xDEDB, 0xFFFF, 0xFFFF, 0xFFFF, 0xFFFF, 0xFFFF, 0xFFFF, 0xFFFF, 0xFFFF, 0xFFFF,
  0xFFFF, 0xFFFF, 0xFFFF, 0xFFFF, 0xFFFF, 0xFFFF, 0xFFFF, 0xFFFF, 0xFFFF, 0xFFFF, 0xFFFF, 0xDEFB,
  0x630C, 0x20E4, 0x20E4, 0x20E4, 0x20E4, 0x20E4, 0x20E4, 0x20E4, 0x20E4, 0x20E4, 0x20E4, 0x20E4,
  0x20E4, 0x20E4, 0x20E4, 0x20E4, 0x20E4, 0x20E4, 0x20E4, 0x20E4, 0x20E4, 0x20E4, 0x20E4, 0x20E4,
  0x20E4, 0x20E4, 0x20E4, 0x20E4, 0x20E4, 0x20E4, 0x20E4, 0x20E4, 0x20E4, 0x20E4, 0x20E4, 0x20E4,
  0x20E4, 0x20E4, 0x20E4, 0x2104, 0x4A28, 0xCE59, 0xFFFF, 0xFFFF, 0xFFFF, 0xFFFF, 0xFFFF, 0xFFFF,
  0xFFFF, 0xFFFF, 0xFFFF, 0xFFFF, 0xFFFF, 0xFFFF, 0xFFFF, 0xFFFF, 0xFFFF, 0xFFFF, 0xFFFF, 0xFFFF,
  0xFFFF, 0xFFFF, 0xFFFF, 0xFFFF, 0xFFFF, 0xFFFF, 0xFFFF, 0xFFFF, 0xFFFF, 0xFFFF, 0xFFFF, 0xFFFF,
  0xFFFF, 0xE71C, 0x526A, 0x2104, 0x20E4, 0x20E4, 0x20E4, 0x20E4, 0x20E4, 0x20E4, 0x20E4, 0x20E4,
  0x20E4, 0x20E4, 0x4A49, 0xD69A, 0xFFFF, 0xFFFF, 0xFFFF, 0xFFFF, 0xFFFF, 0xFFFF, 0xFFFF, 0xFFFF,
  0xFFFF, 0xFFFF, 0xFFFF, 0xFFFF, 0xFFFF, 0xFFFF, 0xFFFF, 0xFFFF, 0xFFFF, 0xFFFF, 0xFFFF, 0xFFFF,
  0xFFFF, 0xFFFF, 0xFFFF, 0xFFFF, 0xFFFF, 0xFFFF, 0xFFFF, 0xFFFF, 0xFFFF, 0xFFFF, 0xFFFF, 0xFFFF,
  0xFFFF, 0xFFFF, 0xFFFF, 0xFFFF, 0xFFFF, 0xFFFF, 0xFFFF, 0xFFFF, 0xFFFF, 0xFFFF, 0xFFFF, 0xFFFF,
  0xFFFF, 0xFFFF, 0xFFFF, 0xFFFF, 0xFFFF, 0xFFFF, 0xFFFF, 0xFFFF, 0xFFFF, 0xFFFF, 0xFFFF, 0xAD35,
  0x3186, 0x20E4, 0x20E4, 0x20E4, 0x20E4, 0x20E4, 0x20E4, 0x20E4, 0x20E4, 0x20E4, 0x20E4, 0x2924,
  0x8C51, 0xF79E, 0xFFFF, 0xFFFF, 0xFFFF, 0xFFFF, 0xFFFF, 0xFFFF, 0xFFFF, 0xFFFF, 0xFFFF, 0xFFFF,
  0xFFFF, 0xFFFF, 0xFFFF, 0xFFFF, 0xFFFF, 0xFFFF, 0xFFFF, 0xFFFF, 0xFFFF, 0xFFFF, 0xFFFF, 0xFFFF,
  0xFFFF, 0xFFFF, 0xFFFF, 0xFFFF, 0xFFFF, 0xFFFF, 0xFFFF, 0xFFFF, 0xFFFF, 0xFFFF, 0xFFFF, 0xFFFF,
  0xFFFF, 0xFFDF, 0xC638, 0x4208, 0x20E4, 0x20E4, 0x20E4, 0x20E4, 0x20E4, 0x20E4, 0x20E4, 0x20E4,
  0x20E4, 0x20E4, 0x20E4, 0x20E4, 0x20E4, 0x20E4, 0x20E4, 0x20E4, 0x20E4, 0x20E4, 0x20E4, 0x20E4,
  0x20E4, 0x2945, 0xAD55, 0xFFDF, 0xFFFF, 0xFFFF, 0xFFFF, 0xFFFF, 0xFFFF, 0xFFFF, 0xFFFF, 0xFFFF,
  0xFFFF, 0xFFFF, 0xFFFF, 0xFFFF, 0xFFFF, 0xFFFF, 0xFFFF, 0xFFFF, 0xFFFF, 0xFFFF, 0xFFFF, 0xBDD7,
  0x39A7, 0x20E4, 0x20E4, 0x20E4, 0x20E4, 0x20E4, 0x20E4, 0x20E4, 0x20E4, 0x20E4, 0x20E4, 0x20E4,
  0x20E4, 0x20E4, 0x20E4, 0x20E4, 0x20E4, 0x20E4, 0x20E4, 0x20E4, 0x20E4, 0x20E4, 0x20E4, 0x20E4,
  0x20E4, 0x20E4, 0x20E4, 0x20E4, 0x20E4, 0x20E4, 0x20E4, 0x20E4, 0x20E4, 0x20E4, 0x20E4, 0x20E4,
  0x20E4, 0x20E4, 0x20E4, 0x2965, 0x94B2, 0xF7BE, 0xFFFF, 0xFFFF, 0xFFFF, 0xFFFF, 0xFFFF, 0xFFFF,
  0xFFFF, 0xFFFF, 0xFFFF, 0xFFFF, 0xFFFF, 0xFFFF, 0xFFFF, 0xFFFF, 0xFFFF, 0xFFFF, 0xFFFF, 0xFFFF,
  0xFFFF, 0xFFFF, 0xFFFF, 0xFFFF, 0xFFFF, 0xFFFF, 0xFFFF, 0xFFFF, 0xFFFF, 0xFFFF, 0xFFFF, 0xFFFF,
  0xFFFF, 0x9CB3, 0x3186, 0x20E4, 0x20E4, 0x20E4, 0x20E4, 0x20E4, 0x20E4, 0x20E4, 0x20E4, 0x20E4,
  0x20E4, 0x2945, 0x7BAE, 0xFFDF, 0xFFFF, 0xFFFF, 0xFFFF, 0xFFFF, 0xFFFF, 0xFFFF, 0xFFFF, 0xFFFF,
  0xFFFF, 0xFFFF, 0xFFFF, 0xFFFF, 0xFFFF, 0xFFFF, 0xFFFF, 0xFFFF, 0xFFFF, 0xFFFF, 0xFFFF, 0xFFFF,
  0xFFFF, 0xFFFF, 0xFFFF, 0xFFFF, 0xFFFF, 0xFFFF, 0xFFFF, 0xFFFF, 0xFFFF, 0xFFFF, 0xFFFF, 0xFFFF,
  0xFFFF, 0xFFFF, 0xFFFF, 0xFFFF, 0xFFFF, 0xFFFF, 0xFFFF, 0xFFFF, 0xFFFF, 0xFFFF, 0xFFFF, 0xFFFF,
  0xFFFF, 0xFFFF, 0xFFFF, 0xFFFF, 0xFFFF, 0xFFFF, 0xFFFF, 0xFFFF, 0xFFFF, 0xFFFF, 0xFFFF, 0xD6BA,
  0x5ACB, 0x20E4, 0x20E4, 0x20E4, 0x20E4, 0x20E4, 0x20E4, 0x20E4, 0x20E4, 0x20E4, 0x20E4, 0x2104,
  0x4A28, 0xD69A, 0xFFFF, 0xFFFF, 0xFFFF, 0xFFFF, 0xFFFF, 0xFFFF, 0xFFFF, 0xFFFF, 0xFFFF, 0xFFFF,
  0xFFFF, 0xFFFF, 0xFFFF, 0xFFFF, 0xFFFF, 0xFFFF, 0xFFFF, 0xFFFF, 0xFFFF, 0xFFFF, 0xFFFF, 0xFFFF,
  0xFFFF, 0xFFFF, 0xFFFF, 0xFFFF, 0xFFFF, 0xFFFF, 0xFFFF, 0xFFFF, 0xFFFF, 0xFFFF, 0xFFFF, 0xFFFF,
  0xFFFF, 0xFFFF, 0xF79E, 0x9CF3, 0x3186, 0x20E4, 0x20E4, 0x20E4, 0x20E4, 0x20E4, 0x20E4, 0x20E4,
  0x20E4, 0x20E4, 0x20E4, 0x20E4, 0x20E4, 0x20E4, 0x20E4, 0x20E4, 0x20E4, 0x20E4, 0x20E4, 0x20E4,
  0x20E4, 0x2104, 0x630C, 0xEF5D, 0xFFFF, 0xFFFF, 0xFFFF, 0xFFFF, 0xFFFF, 0xFFFF, 0xFFFF, 0xFFFF,
  0xFFFF, 0xFFFF, 0xFFFF, 0xFFFF, 0xFFFF, 0xFFFF, 0xFFFF, 0xFFFF, 0xFFFF, 0xFFFF, 0xEF5D, 0x83EF,
  0x2104, 0x20E4, 0x20E4, 0x20E4, 0x20E4, 0x20E4, 0x20E4, 0x20E4, 0x20E4, 0x20E4, 0x20E4, 0x20E4,
  0x20E4, 0x20E4, 0x20E4, 0x20E4, 0x20E4, 0x20E4, 0x20E4, 0x20E4, 0x20E4, 0x20E4, 0x20E4, 0x20E4,
  0x20E4, 0x20E4, 0x20E4, 0x20E4, 0x20E4, 0x20E4, 0x20E4, 0x20E4, 0x20E4, 0x20E4, 0x20E4, 0x20E4,
  0x20E4, 0x20E4, 0x2104, 0x6B6D, 0xE71C, 0xFFFF, 0xFFFF, 0xFFFF, 0xFFFF, 0xFFFF, 0xFFFF, 0xFFFF,
  0xFFFF, 0xFFFF, 0xFFFF, 0xFFFF, 0xFFFF, 0xFFFF, 0xFFFF, 0xFFFF, 0xFFFF, 0xFFFF, 0xFFFF, 0xFFFF,
  0xFFFF, 0xFFFF, 0xFFFF, 0xFFFF, 0xFFFF, 0xFFFF, 0xFFFF, 0xFFFF, 0xFFFF, 0xFFFF, 0xFFFF, 0xFFFF,
  0xDEFB, 0x5AAA, 0x2104, 0x20E4, 0x20E4, 0x20E4, 0x20E4, 0x20E4, 0x20E4, 0x20E4, 0x20E4, 0x20E4,
  0x20E4, 0x39C7, 0xBDF7, 0xFFFF, 0xFFFF, 0xFFFF, 0xFFFF, 0xFFFF, 0xFFFF, 0xFFFF, 0xFFFF, 0xFFFF,
  0xFFFF, 0xFFFF, 0xFFFF, 0xFFFF, 0xFFFF, 0xFFFF, 0xFFFF, 0xFFFF, 0xFFFF, 0xFFFF, 0xFFFF, 0xFFFF,
  0xFFFF, 0xFFFF, 0xFFFF, 0xFFFF, 0xFFFF, 0xFFFF, 0xFFFF, 0xFFFF, 0xFFFF, 0xFFFF, 0xFFFF, 0xFFFF,
  0xFFFF, 0xFFFF, 0xFFFF, 0xFFFF, 0xFFFF, 0xFFFF, 0xFFFF, 0xFFFF, 0xFFFF, 0xFFFF, 0xFFFF, 0xFFFF,
  0xFFFF, 0xFFFF, 0xFFFF, 0xFFFF, 0xFFFF, 0xFFFF, 0xFFFF, 0xFFFF, 0xFFFF, 0xFFFF, 0xFFFF, 0xFFDF,
  0x9471, 0x2945, 0x20E4, 0x20E4, 0x20E4, 0x20E4, 0x20E4, 0x20E4, 0x20E4, 0x20E4, 0x20E4, 0x20E4,
  0x2945, 0x8C51, 0xF7BE, 0xFFFF, 0xFFFF, 0xFFFF, 0xFFFF, 0xFFFF, 0xFFFF, 0xFFFF, 0xFFFF, 0xFFFF,
  0xFFFF, 0xFFFF, 0xFFFF, 0xFFFF, 0xFFFF, 0xFFFF, 0xFFFF, 0xFFFF, 0xFFFF, 0xFFFF, 0xFFFF, 0xFFFF,
  0xFFFF, 0xFFFF, 0xFFFF, 0xFFFF, 0xFFFF, 0xFFFF, 0xFFFF, 0xFFFF, 0xFFFF, 0xFFFF, 0xFFFF, 0xFFFF,
  0xFFFF, 0xFFFF, 0xFFFF, 0xE73C, 0x7BCF, 0x2924, 0x20E4, 0x20E4, 0x20E4, 0x20E4, 0x20E4, 0x20E4,
  0x20E4, 0x20E4, 0x20E4, 0x20E4, 0x20E4, 0x20E4, 0x20E4, 0x20E4, 0x20E4, 0x20E4, 0x20E4, 0x20E4,
  0x20E4, 0x20E4, 0x3166, 0x9CD3, 0xFFDF, 0xFFFF, 0xFFFF, 0xFFFF, 0xFFFF, 0xFFFF, 0xFFFF, 0xFFFF,
  0xFFFF, 0xFFFF, 0xFFFF, 0xFFFF, 0xFFFF, 0xFFFF, 0xFFFF, 0xFFFF, 0xFFFF, 0xFFDF, 0xBDF7, 0x39A6,
  0x20E4, 0x20E4, 0x20E4, 0x20E4, 0x20E4, 0x20E4, 0x20E4, 0x20E4, 0x20E4, 0x20E4, 0x20E4, 0x20E4,
  0x20E4, 0x20E4, 0x20E4, 0x20E4, 0x20E4, 0x20E4, 0x20E4, 0x20E4, 0x20E4, 0x20E4, 0x20E4, 0x20E4,
  0x20E4, 0x20E4, 0x20E4, 0x20E4, 0x20E4, 0x20E4, 0x20E4, 0x20E4, 0x20E4, 0x20E4, 0x20E4, 0x20E4,
  0x20E4, 0x20E4, 0x5269, 0xCE59, 0xFFDF, 0xFFFF, 0xFFFF, 0xFFFF, 0xFFFF, 0xFFFF, 0xFFFF, 0xFFFF,
  0xFFFF, 0xFFFF, 0xFFFF, 0xFFFF, 0xFFFF, 0xFFFF, 0xFFFF, 0xFFFF, 0xFFFF, 0xFFFF, 0xFFFF, 0xFFFF,
  0xFFFF, 0xFFFF, 0xFFFF, 0xFFFF, 0xFFFF, 0xFFFF, 0xFFFF, 0xFFFF, 0xFFFF, 0xFFFF, 0xFFFF, 0xFFFF,
  0x9CB2, 0x3165, 0x20E4, 0x20E4, 0x20E4, 0x20E4, 0x20E4, 0x20E4, 0x20E4, 0x20E4, 0x20E4, 0x20E4,
  0x2104, 0x62EC, 0xEF7D, 0xFFFF, 0xFFFF, 0xFFFF, 0xFFFF, 0xFFFF, 0xFFFF, 0xFFFF, 0xFFFF, 0xFFFF,
  0xFFFF, 0xFFFF, 0xFFFF, 0xFFFF, 0xFFFF, 0xFFFF, 0xFFFF, 0xFFFF, 0xFFFF, 0xFFFF, 0xFFFF, 0xFFFF,
  0xFFFF, 0xFFFF, 0xFFFF, 0xFFFF, 0xFFFF, 0xFFFF, 0xFFFF, 0xFFFF, 0xFFFF, 0xFFFF, 0xFFFF, 0xFFFF,
  0xFFFF, 0xFFFF, 0xFFFF, 0xFFFF, 0xFFFF, 0xFFFF, 0xFFFF, 0xFFFF, 0xFFFF, 0xFFFF, 0xFFFF, 0xFFFF,
  0xFFFF, 0xFFFF, 0xFFFF, 0xFFFF, 0xFFFF, 0xFFFF, 0xFFFF, 0xFFFF, 0xFFFF, 0xFFFF, 0xFFFF, 0xFFFF,
  0xCE79, 0x4A49, 0x20E4, 0x20E4, 0x20E4, 0x20E4, 0x20E4, 0x20E4, 0x20E4, 0x20E4, 0x20E4, 0x20E4,
  0x2104, 0x4A28, 0xD69A, 0xFFFF, 0xFFFF, 0xFFFF, 0xFFFF, 0xFFFF, 0xFFFF, 0xFFFF, 0xFFFF, 0xFFFF,
  0xFFFF, 0xFFFF, 0xFFFF, 0xFFFF, 0xFFFF, 0xFFFF, 0xFFFF, 0xFFFF, 0xFFFF, 0xFFFF, 0xFFFF, 0xFFFF,
  0xFFFF, 0xFFFF, 0xFFFF, 0xFFFF, 0xFFFF, 0xFFFF, 0xFFFF, 0xFFFF, 0xFFFF, 0xFFFF, 0xFFFF, 0xFFFF,
  0xFFFF, 0xFFFF, 0xFFFF, 0xFFFF, 0xD69A, 0x5ACB, 0x2104, 0x20E4, 0x20E4, 0x20E4, 0x20E4, 0x20E4,
  0x20E4, 0x20E4, 0x20E4, 0x20E4, 0x20E4, 0x20E4, 0x20E4, 0x20E4, 0x20E4, 0x20E4, 0x20E4, 0x20E4,
  0x20E4, 0x20E4, 0x2104, 0x4228, 0xBDD7, 0xFFFF, 0xFFFF, 0xFFFF, 0xFFFF, 0xFFFF, 0xFFFF, 0xFFFF,
  0xFFFF, 0xFFFF, 0xFFFF, 0xFFFF, 0xFFFF, 0xFFFF, 0xFFFF, 0xFFFF, 0xFFFF, 0xDEBA, 0x5ACB, 0x2104,
  0x20E4, 0x20E4, 0x20E4, 0x20E4, 0x20E4, 0x20E4, 0x20E4, 0x20E4, 0x20E4, 0x20E4, 0x20E4, 0x20E4,
  0x20E4, 0x20E4, 0x20E4, 0x20E4, 0x20E4, 0x20E4, 0x20E4, 0x20E4, 0x20E4, 0x20E4, 0x20E4, 0x20E4,
  0x20E4, 0x20E4, 0x20E4, 0x20E4, 0x20E4, 0x20E4, 0x20E4, 0x20E4, 0x20E4, 0x20E4, 0x20E4, 0x20E4,
  0x20E4, 0x39A6, 0xB596, 0xF7BE, 0xFFFF, 0xFFFF, 0xFFFF, 0xFFFF, 0xFFFF, 0xFFFF, 0xFFFF, 0xFFFF,
  0xFFFF, 0xFFFF, 0xFFFF, 0xFFFF, 0xFFFF, 0xFFFF, 0xFFFF, 0xFFFF, 0xFFFF, 0xFFFF, 0xFFFF, 0xFFFF,
  0xFFFF, 0xFFFF, 0xFFFF, 0xFFFF, 0xFFFF, 0xFFFF, 0xFFFF, 0xFFFF, 0xFFFF, 0xFFFF, 0xFFFF, 0xDEBA,
  0x5ACB, 0x2104, 0x20E4, 0x20E4, 0x20E4, 0x20E4, 0x20E4, 0x20E4, 0x20E4, 0x20E4, 0x20E4, 0x20E4,
  0x3186, 0xAD34, 0xFFDF, 0xFFFF, 0xFFFF, 0xFFFF, 0xFFFF, 0xFFFF, 0xFFFF, 0xFFFF, 0xFFFF, 0xFFFF,
  0xFFFF, 0xFFFF, 0xFFFF, 0xFFFF, 0xFFFF, 0xFFFF, 0xFFFF, 0xFFFF, 0xFFFF, 0xFFFF, 0xFFFF, 0xFFFF,
  0xFFFF, 0xFFFF, 0xFFFF, 0xFFFF, 0xFFFF, 0xFFFF, 0xFFFF, 0xFFFF, 0xFFFF, 0xFFFF, 0xFFFF, 0xFFFF,
  0xFFFF, 0xFFFF, 0xFFFF, 0xFFFF, 0xFFFF, 0xFFFF, 0xFFFF, 0xFFFF, 0xFFFF, 0xFFFF, 0xFFFF, 0xFFFF,
  0xFFFF, 0xFFFF, 0xFFFF, 0xFFFF, 0xFFFF, 0xFFFF, 0xFFFF, 0xFFFF, 0xFFFF, 0xFFFF, 0xFFFF, 0xFFFF,
  0xF7BE, 0x7BCF, 0x2945, 0x20E4, 0x20E4, 0x20E4, 0x20E4, 0x20E4, 0x20E4, 0x20E4, 0x20E4, 0x20E4,
  0x20E4, 0x2945, 0x83EF, 0xFFDF, 0xFFFF, 0xFFFF, 0xFFFF, 0xFFFF, 0xFFFF, 0xFFFF, 0xFFFF, 0xFFFF,
  0xFFFF, 0xFFFF, 0xFFFF, 0xFFFF, 0xFFFF, 0xFFFF, 0xFFFF, 0xFFFF, 0xFFFF, 0xFFFF, 0xFFFF, 0xFFFF,
  0xFFFF, 0xFFFF, 0xFFFF, 0xFFFF, 0xFFFF, 0xFFFF, 0xFFFF, 0xFFFF, 0xFFFF, 0xFFFF, 0xFFFF, 0xFFFF,
  0xFFFF, 0xFFFF, 0xFFFF, 0xFFFF, 0xFFDF, 0xB596, 0x4208, 0x2104, 0x20E4, 0x20E4, 0x20E4, 0x20E4,
  0x20E4, 0x20E4, 0x20E4, 0x20E4, 0x20E4, 0x20E4, 0x20E4, 0x20E4, 0x20E4, 0x20E4, 0x20E4, 0x20E4,
  0x20E4, 0x20E4, 0x20E4, 0x2104, 0x52AA, 0xCE59, 0xFFDF, 0xFFFF, 0xFFFF, 0xFFFF, 0xFFFF, 0xFFFF,
  0xFFFF, 0xFFFF, 0xFFFF, 0xFFFF, 0xFFFF, 0xFFFF, 0xFFFF, 0xFFFF, 0xDEFB, 0x738E, 0x2924, 0x20E4,
  0x20E4, 0x20E4, 0x20E4, 0x20E4, 0x20E4, 0x20E4, 0x20E4, 0x20E4, 0x20E4, 0x20E4, 0x20E4, 0x20E4,
  0x20E4, 0x20E4, 0x20E4, 0x20E4, 0x20E4, 0x20E4, 0x20E4, 0x20E4, 0x20E4, 0x20E4, 0x20E4, 0x20E4,
  0x20E4, 0x20E4, 0x20E4, 0x20E4, 0x20E4, 0x20E4, 0x20E4, 0x20E4, 0x20E4, 0x20E4, 0x20E4, 0x20E4,
  0x2945, 0x9492, 0xEF7D, 0xFFFF, 0xFFFF, 0xFFFF, 0xFFFF, 0xFFFF, 0xFFFF, 0xFFFF, 0xFFFF, 0xFFFF,
  0xFFFF, 0xFFFF, 0xFFFF, 0xFFFF, 0xFFFF, 0xFFFF, 0xFFFF, 0xFFFF, 0xFFFF, 0xFFFF, 0xFFFF, 0xFFFF,
  0xFFFF, 0xFFFF, 0xFFFF, 0xFFFF, 0xFFFF, 0xFFFF, 0xFFFF, 0xFFFF, 0xFFFF, 0xFFFF, 0xFFDF, 0x9CD3,
  0x3165, 0x20E4, 0x20E4, 0x20E4, 0x20E4, 0x20E4, 0x20E4, 0x20E4, 0x20E4, 0x20E4, 0x20E4, 0x2104,
  0x5AAB, 0xE71C, 0xFFFF, 0xFFFF, 0xFFFF, 0xFFFF, 0xFFFF, 0xFFFF, 0xFFFF, 0xFFFF, 0xFFFF, 0xFFFF,
  0xFFFF, 0xFFFF, 0xFFFF, 0xFFFF, 0xFFFF, 0xFFFF, 0xFFFF, 0xFFFF, 0xFFFF, 0xFFFF, 0xFFFF, 0xFFFF,
  0xFFFF, 0xFFFF, 0xFFFF, 0xFFFF, 0xFFFF, 0xFFFF, 0xFFFF, 0xFFFF, 0xFFFF, 0xFFFF, 0xFFFF, 0xFFFF,
  0xFFFF, 0xFFFF, 0xFFFF, 0xFFFF, 0xFFFF, 0xFFFF, 0xFFFF, 0xFFFF, 0xFFFF, 0xFFFF, 0xFFFF, 0xFFFF,
  0xFFFF, 0xFFFF, 0xFFFF, 0xFFFF, 0xFFFF, 0xFFFF, 0xFFFF, 0xFFFF, 0xFFFF, 0xFFFF, 0xFFFF, 0xFFFF,
  0xFFFF, 0xC618, 0x4208, 0x20E4, 0x20E4, 0x20E4, 0x20E4, 0x20E4, 0x20E4, 0x20E4, 0x20E4, 0x20E4,
  0x20E4, 0x2104, 0x4208, 0xC638, 0xFFFF, 0xFFFF, 0xFFFF, 0xFFFF, 0xFFFF, 0xFFFF, 0xFFFF, 0xFFFF,
  0xFFFF, 0xFFFF, 0xFFFF, 0xFFFF, 0xFFFF, 0xFFFF, 0xFFFF, 0xFFFF, 0xFFFF, 0xFFFF, 0xFFFF, 0xFFFF,
  0xFFFF, 0xFFFF, 0xFFFF, 0xFFFF, 0xFFFF, 0xFFFF, 0xFFFF, 0xFFFF, 0xFFFF, 0xFFFF, 0xFFFF, 0xFFFF,
  0xFFFF, 0xFFFF, 0xFFFF, 0xFFFF, 0xFFFF, 0xF7BE, 0x9CF3, 0x39C7, 0x2104, 0x20E4, 0x20E4, 0x20E4,
  0x20E4, 0x20E4, 0x20E4, 0x20E4, 0x20E4, 0x20E4, 0x20E4, 0x20E4, 0x20E4, 0x20E4, 0x20E4, 0x20E4,
  0x20E4, 0x20E4, 0x20E4, 0x20E4, 0x2924, 0x528A, 0xB5B6, 0xEF7D, 0xFFFF, 0xFFFF, 0xFFFF, 0xFFFF,
  0xFFFF, 0xFFFF, 0xFFFF, 0xFFFF, 0xFFFF, 0xFFFF, 0xF79E, 0xD679, 0x736D, 0x2945, 0x20E4, 0x20E4,
  0x20E4, 0x20E4, 0x20E4, 0x20E4, 0x20E4, 0x20E4, 0x20E4, 0x20E4, 0x20E4, 0x20E4, 0x20E4, 0x20E4,
  0x20E4, 0x20E4, 0x20E4, 0x20E4, 0x20E4, 0x20E4, 0x20E4, 0x20E4, 0x20E4, 0x20E4, 0x20E4, 0x20E4,
  0x20E4, 0x20E4, 0x20E4, 0x20E4, 0x20E4, 0x20E4, 0x20E4, 0x20E4, 0x20E4, 0x20E4, 0x20E4, 0x2945,
  0x7BCF, 0xE71C, 0xFFFF, 0xFFFF, 0xFFFF, 0xFFFF, 0xFFFF, 0xFFFF, 0xFFFF, 0xFFFF, 0xFFFF, 0xFFFF,
  0xFFFF, 0xFFFF, 0xFFFF, 0xFFFF, 0xFFFF, 0xFFFF, 0xFFFF, 0xFFFF, 0xFFFF, 0xFFFF, 0xFFFF, 0xFFFF,
  0xFFFF, 0xFFFF, 0xFFFF, 0xFFFF, 0xFFFF, 0xFFFF, 0xFFFF, 0xFFFF, 0xFFFF, 0xFFFF, 0xD69A, 0x5ACB,
  0x2104, 0x20E4, 0x20E4, 0x20E4, 0x20E4, 0x20E4, 0x20E4, 0x20E4, 0x20E4, 0x20E4, 0x20E4, 0x3165,
  0xA514, 0xF7BE, 0xFFFF, 0xFFFF, 0xFFFF, 0xFFFF, 0xFFFF, 0xFFFF, 0xFFFF, 0xFFFF, 0xFFFF, 0xFFFF,
  0xFFFF, 0xFFFF, 0xFFFF, 0xFFFF, 0xFFFF, 0xFFFF, 0xFFFF, 0xFFFF, 0xFFFF, 0xFFFF, 0xFFFF, 0xFFFF,
  0xFFFF, 0xFFFF, 0xFFFF, 0xFFFF, 0xFFFF, 0xFFFF, 0xFFFF, 0xFFFF, 0xFFFF, 0xFFFF, 0xFFFF, 0xFFFF,
  0xFFFF, 0xFFFF, 0xFFFF, 0xFFFF, 0xFFFF, 0xFFFF, 0xFFFF, 0xFFFF, 0xFFFF, 0xFFFF, 0xFFFF, 0xFFFF,
  0xFFFF, 0xFFFF, 0xFFFF, 0xFFFF, 0xFFFF, 0xFFFF, 0xFFFF, 0xFFFF, 0xFFFF, 0xFFFF, 0xFFFF, 0xFFFF,
  0xFFFF, 0xFFDF, 0x738E, 0x2925, 0x20E4, 0x20E4, 0x20E4, 0x20E4, 0x20E4, 0x20E4, 0x20E4, 0x20E4,
  0x20E4, 0x20E4, 0x2924, 0x736D, 0xEF7D, 0xFFFF, 0xFFFF, 0xFFFF, 0xFFFF, 0xFFFF, 0xFFFF, 0xFFFF,
  0xFFFF, 0xFFFF, 0xFFFF, 0xFFFF, 0xFFFF, 0xFFFF, 0xFFFF, 0xFFFF, 0xFFFF, 0xFFFF, 0xFFFF, 0xFFFF,
  0xFFFF, 0xFFFF, 0xFFFF, 0xFFFF, 0xFFFF, 0xFFFF, 0xFFFF, 0xFFFF, 0xFFFF, 0xFFFF, 0xFFFF, 0xFFFF,
  0xFFFF, 0xFFFF, 0xFFFF, 0xFFFF, 0xFFFF, 0xFFFF, 0xF7BE, 0x9471, 0x39A6, 0x2104, 0x20E4, 0x20E4,
  0x20E4, 0x20E4, 0x20E4, 0x20E4, 0x20E4, 0x20E4, 0x20E4, 0x20E4, 0x20E4, 0x20E4, 0x20E4, 0x20E4,
  0x20E4, 0x20E4, 0x20E4, 0x20E4, 0x20E4, 0x2104, 0x39C7, 0x8430, 0xCE59, 0xEF5D, 0xF7BE, 0xFFFF,
  0xFFFF, 0xFFFF, 0xFFFF, 0xFFDF, 0xEF5D, 0xD69A, 0x9CD3, 0x4A49, 0x2924, 0x20E4, 0x20E4, 0x20E4,
  0x20E4, 0x20E4, 0x20E4, 0x20E4, 0x20E4, 0x20E4, 0x20E4, 0x20E4, 0x20E4, 0x20E4, 0x20E4, 0x20E4,
  0x20E4, 0x20E4, 0x20E4, 0x20E4, 0x20E4, 0x20E4, 0x20E4, 0x20E4, 0x20E4, 0x20E4, 0x20E4, 0x20E4,
  0x20E4, 0x20E4, 0x20E4, 0x20E4, 0x20E4, 0x20E4, 0x20E4, 0x20E4, 0x20E4, 0x20E4, 0x2925, 0x736D,
  0xDEDB, 0xFFFF, 0xFFFF, 0xFFFF, 0xFFFF, 0xFFFF, 0xFFFF, 0xFFFF, 0xFFFF, 0xFFFF, 0xFFFF, 0xFFFF,
  0xFFFF, 0xFFFF, 0xFFFF, 0xFFFF, 0xFFFF, 0xFFFF, 0xFFFF, 0xFFFF, 0xFFFF, 0xFFFF, 0xFFFF, 0xFFFF,
  0xFFFF, 0xFFFF, 0xFFFF, 0xFFFF, 0xFFFF, 0xFFFF, 0xFFFF, 0xFFFF, 0xFFFF, 0xF79E, 0x9492, 0x2925,
  0x20E4, 0x20E4, 0x20E4, 0x20E4, 0x20E4, 0x20E4, 0x20E4, 0x20E4, 0x20E4, 0x20E4, 0x20E4, 0x528A,
  0xDEFB, 0xFFFF, 0xFFFF, 0xFFFF, 0xFFFF, 0xFFFF, 0xFFFF, 0xFFFF, 0xFFFF, 0xFFFF, 0xFFFF, 0xFFFF,
  0xFFFF, 0xFFFF, 0xFFFF, 0xFFFF, 0xFFFF, 0xFFFF, 0xFFFF, 0xFFFF, 0xFFFF, 0xFFFF, 0xFFFF, 0xFFFF,
  0xFFFF, 0xFFFF, 0xFFFF, 0xFFFF, 0xFFFF, 0xFFFF, 0xFFFF, 0xFFFF, 0xFFFF, 0xFFFF, 0xFFFF, 0xFFFF,
  0xFFFF, 0xFFFF, 0xFFFF, 0xFFFF, 0xFFFF, 0xFFFF, 0xFFFF, 0xFFFF, 0xFFFF, 0xFFFF, 0xFFFF, 0xFFFF,
  0xFFFF, 0xFFFF, 0xFFFF, 0xFFFF, 0xFFFF, 0xFFFF, 0xFFFF, 0xFFFF, 0xFFFF, 0xFFFF, 0xFFFF, 0xFFFF,
  0xFFFF, 0xFFFF, 0xC618, 0x4208, 0x2104, 0x20E4, 0x20E4, 0x20E4, 0x20E4, 0x20E4, 0x20E4, 0x20E4,
  0x20E4, 0x20E4, 0x20E4, 0x39C7, 0xAD55, 0xFFDF, 0xFFFF, 0xFFFF, 0xFFFF, 0xFFFF, 0xFFFF, 0xFFFF,
  0xFFFF, 0xFFFF, 0xFFFF, 0xFFFF, 0xFFFF, 0xFFFF, 0xFFFF, 0xFFFF, 0xFFFF, 0xFFFF, 0xFFFF, 0xFFFF,
  0xFFFF, 0xFFFF, 0xFFFF, 0xFFFF, 0xFFFF, 0xFFFF, 0xFFFF, 0xFFFF, 0xFFFF, 0xFFFF, 0xFFFF, 0xFFFF,
  0xFFFF, 0xFFFF, 0xFFFF, 0xFFFF, 0xFFFF, 0xFFFF, 0xFFFF, 0xF79E, 0x8410, 0x3166, 0x20E4, 0x20E4,
  0x20E4, 0x20E4, 0x20E4, 0x20E4, 0x20E4, 0x20E4, 0x20E4, 0x20E4, 0x20E4, 0x20E4, 0x20E4, 0x20E4,
  0x20E4, 0x20E4, 0x20E4, 0x20E4, 0x20E4, 0x20E4, 0x20E4, 0x2104, 0x39E7, 0x7BAE, 0xA514, 0xBDD7,
  0xCE59, 0xCE79, 0xCE59, 0xB5B6, 0x8410, 0x41E7, 0x2104, 0x20E4, 0x20E4, 0x20E4, 0x20E4, 0x20E4,
  0x20E4, 0x20E4, 0x20E4, 0x20E4, 0x20E4, 0x20E4, 0x20E4, 0x20E4, 0x20E4, 0x20E4, 0x20E4, 0x20E4,
  0x20E4, 0x20E4, 0x20E4, 0x20E4, 0x20E4, 0x20E4, 0x20E4, 0x20E4, 0x20E4, 0x20E4, 0x20E4, 0x20E4,
  0x20E4, 0x20E4, 0x20E4, 0x20E4, 0x20E4, 0x20E4, 0x20E4, 0x20E4, 0x20E4, 0x2924, 0x62EB, 0xD69A,
  0xFFFF, 0xFFFF, 0xFFFF, 0xFFFF, 0xFFFF, 0xFFFF, 0xFFFF, 0xFFFF, 0xFFFF, 0xFFFF, 0xFFFF, 0xFFFF,
  0xFFFF, 0xFFFF, 0xFFFF, 0xFFFF, 0xFFFF, 0xFFFF, 0xFFFF, 0xFFFF, 0xFFFF, 0xFFFF, 0xFFFF, 0xFFFF,
  0xFFFF, 0xFFFF, 0xFFFF, 0xFFFF, 0xFFFF, 0xFFFF, 0xFFFF, 0xFFFF, 0xFFFF, 0xCE59, 0x4A28, 0x20E4,
  0x20E4, 0x20E4, 0x20E4, 0x20E4, 0x20E4, 0x20E4, 0x20E4, 0x20E4, 0x20E4, 0x20E4, 0x2924, 0xA4F3,
  0xF7BE, 0xFFFF, 0xFFFF, 0xFFFF, 0xFFFF, 0xFFFF, 0xFFFF, 0xFFFF, 0xFFFF, 0xFFFF, 0xFFFF, 0xFFFF,
  0xFFFF, 0xFFFF, 0xFFFF, 0xFFFF, 0xFFFF, 0xFFFF, 0xFFFF, 0xFFFF, 0xFFFF, 0xFFFF, 0xFFFF, 0xFFFF,
  0xFFFF, 0xFFFF, 0xFFFF, 0xFFFF, 0xFFFF, 0xFFFF, 0xFFFF, 0xFFFF, 0xFFFF, 0xFFFF, 0xFFFF, 0xFFFF,
  0xFFFF, 0xFFFF, 0xFFFF, 0xFFFF, 0xFFFF, 0xFFFF, 0xFFFF, 0xFFFF, 0xFFFF, 0xFFFF, 0xFFFF, 0xFFFF,
  0xFFFF, 0xFFFF, 0xFFFF, 0xFFFF, 0xFFFF, 0xFFFF, 0xFFFF, 0xFFFF, 0xFFFF, 0xFFFF, 0xFFFF, 0xFFFF,
  0xFFFF, 0xFFFF, 0xF7BE, 0x7BCF, 0x2945, 0x20E4, 0x20E4, 0x20E4, 0x20E4, 0x20E4, 0x20E4, 0x20E4,
  0x20E4, 0x20E4, 0x20E4, 0x2104, 0x62EC, 0xDEFB, 0xFFFF, 0xFFFF, 0xFFFF, 0xFFFF, 0xFFFF, 0xFFFF,
  0xFFFF, 0xFFFF, 0xFFFF, 0xFFFF, 0xFFFF, 0xFFFF, 0xFFFF, 0xFFFF, 0xFFFF, 0xFFFF, 0xFFFF, 0xFFFF,
  0xFFFF, 0xFFFF, 0xFFFF, 0xFFFF, 0xFFFF, 0xFFFF, 0xFFFF, 0xFFFF, 0xFFFF, 0xFFFF, 0xFFFF, 0xFFFF,
  0xFFFF, 0xFFFF, 0xFFFF, 0xFFFF, 0xFFFF, 0xFFFF, 0xFFFF, 0xFFFF, 0xEF5D, 0x83EF, 0x3166, 0x20E4,
  0x20E4, 0x20E4, 0x20E4, 0x20E4, 0x20E4, 0x20E4, 0x20E4, 0x20E4, 0x20E4, 0x20E4, 0x20E4, 0x20E4,
  0x20E4, 0x20E4, 0x20E4, 0x20E4, 0x20E4, 0x20E4, 0x20E4, 0x20E4, 0x20E4, 0x20E4, 0x20E4, 0x2104,
  0x3165, 0x39C7, 0x3186, 0x2104, 0x20E4, 0x20E4, 0x20E4, 0x20E4, 0x20E4, 0x20E4, 0x20E4, 0x20E4,
  0x20E4, 0x20E4, 0x20E4, 0x20E4, 0x20E4, 0x20E4, 0x20E4, 0x20E4, 0x20E4, 0x20E4, 0x20E4, 0x20E4,
  0x20E4, 0x20E4, 0x20E4, 0x20E4, 0x20E4, 0x20E4, 0x20E4, 0x20E4, 0x20E4, 0x20E4, 0x20E4, 0x20E4,
  0x20E4, 0x20E4, 0x20E4, 0x20E4, 0x20E4, 0x20E4, 0x20E4, 0x20E4, 0x2924, 0x62EB, 0xCE59, 0xFFFF,
  0xFFFF, 0xFFFF, 0xFFFF, 0xFFFF, 0xFFFF, 0xFFFF, 0xFFFF, 0xFFFF, 0xFFFF, 0xFFFF, 0xFFFF, 0xFFFF,
  0xFFFF, 0xFFFF, 0xFFFF, 0xFFFF, 0xFFFF, 0xFFFF, 0xFFFF, 0xFFFF, 0xFFFF, 0xFFFF, 0xFFFF, 0xFFFF,
  0xFFFF, 0xFFFF, 0xFFFF, 0xFFFF, 0xFFFF, 0xFFFF, 0xFFFF, 0xFFFF, 0xEF5D, 0x7BCF, 0x20E4, 0x20E4,
  0x20E4, 0x20E4, 0x20E4, 0x20E4, 0x20E4, 0x20E4, 0x20E4, 0x20E4, 0x20E4, 0x20E4, 0x528A, 0xDEDB,
  0xFFFF, 0xFFFF, 0xFFFF, 0xFFFF, 0xFFFF, 0xFFFF, 0xFFFF, 0xFFFF, 0xFFFF, 0xFFFF, 0xFFFF, 0xFFFF,
  0xFFFF, 0xFFFF, 0xFFFF, 0xFFFF, 0xFFFF, 0xFFFF, 0xFFFF, 0xFFFF, 0xFFFF, 0xFFFF, 0xFFFF, 0xFFFF,
  0xFFFF, 0xFFFF, 0xFFFF, 0xFFFF, 0xFFFF, 0xFFFF, 0xFFFF, 0xFFFF, 0xFFFF, 0xFFFF, 0xFFFF, 0xFFFF,
  0xFFFF, 0xFFFF, 0xFFFF, 0xFFFF, 0xFFFF, 0xFFFF, 0xFFFF, 0xFFFF, 0xFFFF, 0xFFFF, 0xFFFF, 0xFFFF,
  0xFFFF, 0xFFFF, 0xFFFF, 0xFFFF, 0xFFFF, 0xFFFF, 0xFFFF, 0xFFFF, 0xFFFF, 0xFFFF, 0xFFFF, 0xFFFF,
  0xFFFF, 0xFFFF, 0xFFFF, 0xCE59, 0x4208, 0x2104, 0x20E4, 0x20E4, 0x20E4, 0x20E4, 0x20E4, 0x20E4,
  0x20E4, 0x20E4, 0x20E4, 0x20E4, 0x3166, 0x9CB2, 0xF7BE, 0xFFFF, 0xFFFF, 0xFFFF, 0xFFFF, 0xFFFF,
  0xFFFF, 0xFFFF, 0xFFFF, 0xFFFF, 0xFFFF, 0xFFFF, 0xFFFF, 0xFFFF, 0xFFFF, 0xFFFF, 0xFFFF, 0xFFFF,
  0xFFFF, 0xFFFF, 0xFFFF, 0xFFFF, 0xFFFF, 0xFFFF, 0xFFFF, 0xFFFF, 0xFFFF, 0xFFFF, 0xFFFF, 0xFFFF,
  0xFFFF, 0xFFFF, 0xFFFF, 0xFFFF, 0xFFFF, 0xFFFF, 0xFFFF, 0xFFFF, 0xFFFF, 0xE73C, 0x8C31, 0x3186,
  0x20E4, 0x20E4, 0x20E4, 0x20E4, 0x20E4, 0x20E4, 0x20E4, 0x20E4, 0x20E4, 0x20E4, 0x20E4, 0x20E4,
  0x20E4, 0x20E4, 0x20E4, 0x20E4, 0x20E4, 0x20E4, 0x20E4, 0x20E4, 0x20E4, 0x20E4, 0x20E4, 0x20E4,
  0x20E4, 0x20E4, 0x20E4, 0x20E4, 0x20E4, 0x20E4, 0x20E4, 0x20E4, 0x20E4, 0x20E4, 0x20E4, 0x20E4,
  0x20E4, 0x20E4, 0x20E4, 0x20E4, 0x20E4, 0x20E4, 0x20E4, 0x20E4, 0x20E4, 0x20E4, 0x20E4, 0x20E4,
  0x20E4, 0x20E4, 0x20E4, 0x20E4, 0x20E4, 0x20E4, 0x20E4, 0x20E4, 0x20E4, 0x20E4, 0x20E4, 0x20E4,
  0x20E4, 0x20E4, 0x20E4, 0x20E4, 0x20E4, 0x20E4, 0x20E4, 0x2925, 0x6B4D, 0xCE79, 0xFFFF, 0xFFFF,
  0xFFFF, 0xFFFF, 0xFFFF, 0xFFFF, 0xFFFF, 0xFFFF, 0xFFFF, 0xFFFF, 0xFFFF, 0xFFFF, 0xFFFF, 0xFFFF,
  0xFFFF, 0xFFFF, 0xFFFF, 0xFFFF, 0xFFFF, 0xFFFF, 0xFFFF, 0xFFFF, 0xFFFF, 0xFFFF, 0xFFFF, 0xFFFF,
  0xFFFF, 0xFFFF, 0xFFFF, 0xFFFF, 0xFFFF, 0xFFFF, 0xFFFF, 0xFFDF, 0xB596, 0x3186, 0x20E4, 0x20E4,
  0x20E4, 0x20E4, 0x20E4, 0x20E4, 0x20E4, 0x20E4, 0x20E4, 0x20E4, 0x20E4, 0x2945, 0xA534, 0xF7BE,
  0xFFFF, 0xFFFF, 0xFFFF, 0xFFFF, 0xFFFF, 0xFFFF, 0xFFFF, 0xFFFF, 0xFFFF, 0xFFFF, 0xFFFF, 0xFFFF,
  0xFFFF, 0xFFFF, 0xFFFF, 0xFFFF, 0xFFFF, 0xFFFF, 0xFFFF, 0xFFFF, 0xFFFF, 0xFFFF, 0xFFFF, 0xFFFF,
  0xFFFF, 0xFFFF, 0xFFFF, 0xFFFF, 0xFFFF, 0xFFFF, 0xFFFF, 0xFFFF, 0xFFFF, 0xFFFF, 0xFFFF, 0xFFFF,
  0xFFFF, 0xFFFF, 0xFFFF, 0xFFFF, 0xFFFF, 0xFFFF, 0xFFFF, 0xFFFF, 0xFFFF, 0xFFFF, 0xFFFF, 0xFFFF,
  0xFFFF, 0xFFFF, 0xFFFF, 0xFFFF, 0xFFFF, 0xFFFF, 0xFFFF, 0xFFFF, 0xFFFF, 0xFFFF, 0xFFFF, 0xFFFF,
  0xFFFF, 0xFFFF, 0xFFFF, 0xF79E, 0x8C30, 0x2924, 0x20E4, 0x20E4, 0x20E4, 0x20E4, 0x20E4, 0x20E4,
  0x20E4, 0x20E4, 0x20E4, 0x20E4, 0x20E4, 0x4A49, 0xC638, 0xFFFF, 0xFFFF, 0xFFFF, 0xFFFF, 0xFFFF,
  0xFFFF, 0xFFFF, 0xFFFF, 0xFFFF, 0xFFFF, 0xFFFF, 0xFFFF, 0xFFFF, 0xFFFF, 0xFFFF, 0xFFFF, 0xFFFF,
  0xFFFF, 0xFFFF, 0xFFFF, 0xFFFF, 0xFFFF, 0xFFFF, 0xFFFF, 0xFFFF, 0xFFFF, 0xFFFF, 0xFFFF, 0xFFFF,
  0xFFFF, 0xFFFF, 0xFFFF, 0xFFFF, 0xFFFF, 0xFFFF, 0xFFFF, 0xFFFF, 0xFFFF, 0xFFFF, 0xEF5D, 0x9CB2,
  0x39C7, 0x20E4, 0x20E4, 0x20E4, 0x20E4, 0x20E4, 0x20E4, 0x20E4, 0x20E4, 0x20E4, 0x20E4, 0x20E4,
  0x20E4, 0x20E4, 0x20E4, 0x20E4, 0x20E4, 0x20E4, 0x20E4, 0x20E4, 0x20E4, 0x20E4, 0x20E4, 0x20E4,
  0x20E4, 0x20E4, 0x20E4, 0x20E4, 0x20E4, 0x20E4, 0x20E4, 0x20E4, 0x20E4, 0x20E4, 0x20E4, 0x20E4,
  0x20E4, 0x20E4, 0x20E4, 0x20E4, 0x20E4, 0x20E4, 0x20E4, 0x20E4, 0x20E4, 0x20E4, 0x20E4, 0x20E4,
  0x20E4, 0x20E4, 0x20E4, 0x20E4, 0x20E4, 0x20E4, 0x20E4, 0x20E4, 0x20E4, 0x20E4, 0x20E4, 0x20E4,
  0x20E4, 0x20E4, 0x20E4, 0x20E4, 0x20E4, 0x20E4, 0x2925, 0x7BAF, 0xD6BA, 0xFFFF, 0xFFFF, 0xFFFF,
  0xFFFF, 0xFFFF, 0xFFFF, 0xFFFF, 0xFFFF, 0xFFFF, 0xFFFF, 0xFFFF, 0xFFFF, 0xFFFF, 0xFFFF, 0xFFFF,
  0xFFFF, 0xFFFF, 0xFFFF, 0xFFFF, 0xFFFF, 0xFFFF, 0xFFFF, 0xFFFF, 0xFFFF, 0xFFFF, 0xFFFF, 0xFFFF,
  0xFFFF, 0xFFFF, 0xFFFF, 0xFFFF, 0xFFFF, 0xFFFF, 0xFFFF, 0xDEDB, 0x5ACB, 0x20E4, 0x20E4, 0x20E4,
  0x20E4, 0x20E4, 0x20E4, 0x20E4, 0x20E4, 0x20E4, 0x20E4, 0x20E4, 0x20E4, 0x632C, 0xE6FB, 0xFFFF,
  0xFFFF, 0xFFFF, 0xFFFF, 0xFFFF, 0xFFFF, 0xFFFF, 0xFFFF, 0xFFFF, 0xFFFF, 0xFFFF, 0xFFFF, 0xFFFF,
  0xFFFF, 0xFFFF, 0xFFFF, 0xFFFF, 0xFFFF, 0xFFFF, 0xFFFF, 0xFFFF, 0xFFFF, 0xFFFF, 0xFFFF, 0xFFFF,
  0xFFFF, 0xFFFF, 0xFFFF, 0xFFFF, 0xFFFF, 0xFFFF, 0xFFFF, 0xFFFF, 0xFFFF, 0xFFFF, 0xFFFF, 0xFFFF,
  0xFFFF, 0xFFFF, 0xFFFF, 0xFFFF, 0xFFFF, 0xFFFF, 0xFFFF, 0xFFFF, 0xFFFF, 0xFFFF, 0xFFFF, 0xFFFF,
  0xFFFF, 0xFFFF, 0xFFFF, 0xFFFF, 0xFFFF, 0xFFFF, 0xFFFF, 0xFFFF, 0xFFFF, 0xFFFF, 0xFFFF, 0xFFFF,
  0xFFFF, 0xFFFF, 0xFFFF, 0xFFFF, 0xD69A, 0x4A28, 0x20E4, 0x20E4, 0x20E4, 0x20E4, 0x20E4, 0x20E4,
  0x20E4, 0x20E4, 0x20E4, 0x20E4, 0x20E4, 0x2104, 0x738E, 0xE73C, 0xFFFF, 0xFFFF, 0xFFFF, 0xFFFF,
  0xFFFF, 0xFFFF, 0xFFFF, 0xFFFF, 0xFFFF, 0xFFFF, 0xFFFF, 0xFFFF, 0xFFFF, 0xFFFF, 0xFFFF, 0xFFFF,
  0xFFFF, 0xFFFF, 0xFFFF, 0xFFFF, 0xFFFF, 0xFFFF, 0xFFFF, 0xFFFF, 0xFFFF, 0xFFFF, 0xFFFF, 0xFFFF,
  0xFFFF, 0xFFFF, 0xFFFF, 0xFFFF, 0xFFFF, 0xFFFF, 0xFFFF, 0xFFFF, 0xFFFF, 0xFFFF, 0xFFFF, 0xF79E,
  0xA534, 0x4208, 0x20E4, 0x20E4, 0x20E4, 0x20E4, 0x20E4, 0x20E4, 0x20E4, 0x20E4, 0x20E4, 0x20E4,
  0x20E4, 0x20E4, 0x20E4, 0x20E4, 0x20E4, 0x20E4, 0x20E4, 0x20E4, 0x20E4, 0x20E4, 0x20E4, 0x20E4,
  0x20E4, 0x20E4, 0x20E4, 0x20E4, 0x20E4, 0x20E4, 0x20E4, 0x20E4, 0x20E4, 0x20E4, 0x20E4, 0x20E4,
  0x20E4, 0x20E4, 0x20E4, 0x20E4, 0x20E4, 0x20E4, 0x20E4, 0x20E4, 0x20E4, 0x20E4, 0x20E4, 0x20E4,
  0x20E4, 0x20E4, 0x20E4, 0x20E4, 0x20E4, 0x20E4, 0x20E4, 0x20E4, 0x20E4, 0x20E4, 0x20E4, 0x20E4,
  0x20E4, 0x20E4, 0x20E4, 0x20E4, 0x20E4, 0x2925, 0x8410, 0xDEFB, 0xFFFF, 0xFFFF, 0xFFFF, 0xFFFF,
  0xFFFF, 0xFFFF, 0xFFFF, 0xFFFF, 0xFFFF, 0xFFFF, 0xFFFF, 0xFFFF, 0xFFFF, 0xFFFF, 0xFFFF, 0xFFFF,
  0xFFFF, 0xFFFF, 0xFFFF, 0xFFFF, 0xFFFF, 0xFFFF, 0xFFFF, 0xFFFF, 0xFFFF, 0xFFFF, 0xFFFF, 0xFFFF,
  0xFFFF, 0xFFFF, 0xFFFF, 0xFFFF, 0xFFFF, 0xFFFF, 0xF79E, 0x8410, 0x2925, 0x20E4, 0x20E4, 0x20E4,
  0x20E4, 0x20E4, 0x20E4, 0x20E4, 0x20E4, 0x20E4, 0x20E4, 0x20E4, 0x39A6, 0xB596, 0xFFDF, 0xFFFF,
  0xFFFF, 0xFFFF, 0xFFFF, 0xFFFF, 0xFFFF, 0xFFFF, 0xFFFF, 0xFFFF, 0xFFFF, 0xFFFF, 0xFFFF, 0xFFFF,
  0xFFFF, 0xFFFF, 0xFFFF, 0xFFFF, 0xFFFF, 0xFFFF, 0xFFFF, 0xFFFF, 0xFFFF, 0xFFFF, 0xFFFF, 0xFFFF,
  0xFFFF, 0xFFFF, 0xFFFF, 0xFFFF, 0xFFFF, 0xFFFF, 0xFFFF, 0xFFFF, 0xFFFF, 0xFFFF, 0xFFFF, 0xFFFF,
  0xFFFF, 0xFFFF, 0xFFFF, 0xFFFF, 0xFFFF, 0xFFFF, 0xFFFF, 0xFFFF, 0xFFFF, 0xFFFF, 0xFFFF, 0xFFFF,
  0xFFFF, 0xFFFF, 0xFFFF, 0xFFFF, 0xFFFF, 0xFFFF, 0xFFFF, 0xFFFF, 0xFFFF, 0xFFFF, 0xFFFF, 0xFFFF,
  0xFFFF, 0xFFFF, 0xFFFF, 0xFFFF, 0xF79E, 0x9CD3, 0x2924, 0x20E4, 0x20E4, 0x20E4, 0x20E4, 0x20E4,
  0x20E4, 0x20E4, 0x20E4, 0x20E4, 0x20E4, 0x20E4, 0x3165, 0xAD34, 0xF7BE, 0xFFFF, 0xFFFF, 0xFFFF,
  0xFFFF, 0xFFFF, 0xFFFF, 0xFFFF, 0xFFFF, 0xFFFF, 0xFFFF, 0xFFFF, 0xFFFF, 0xFFFF, 0xFFFF, 0xFFFF,
  0xFFFF, 0xFFFF, 0xFFFF, 0xFFFF, 0xFFFF, 0xFFFF, 0xFFFF, 0xFFFF, 0xFFFF, 0xFFFF, 0xFFFF, 0xFFFF,
  0xFFFF, 0xFFFF, 0xFFFF, 0xFFFF, 0xFFFF, 0xFFFF, 0xFFFF, 0xFFFF, 0xFFFF, 0xFFFF, 0xFFFF, 0xFFFF,
  0xF79E, 0xBDD7, 0x5AAA, 0x2924, 0x20E4, 0x20E4, 0x20E4, 0x20E4, 0x20E4, 0x20E4, 0x20E4, 0x20E4,
  0x20E4, 0x20E4, 0x20E4, 0x20E4, 0x20E4, 0x20E4, 0x20E4, 0x20E4, 0x20E4, 0x20E4, 0x20E4, 0x20E4,
  0x20E4, 0x20E4, 0x20E4, 0x20E4, 0x20E4, 0x20E4, 0x20E4, 0x20E4, 0x20E4, 0x20E4, 0x20E4, 0x20E4,
  0x20E4, 0x20E4, 0x20E4, 0x20E4, 0x20E4, 0x20E4, 0x20E4, 0x20E4, 0x20E4, 0x20E4, 0x20E4, 0x20E4,
  0x20E4, 0x20E4, 0x20E4, 0x20E4, 0x20E4, 0x20E4, 0x20E4, 0x20E4, 0x20E4, 0x20E4, 0x20E4, 0x20E4,
  0x20E4, 0x20E4, 0x20E4, 0x2104, 0x41E7, 0xA4F3, 0xE73C, 0xFFFF, 0xFFFF, 0xFFFF, 0xFFFF, 0xFFFF,
  0xFFFF, 0xFFFF, 0xFFFF, 0xFFFF, 0xFFFF, 0xFFFF, 0xFFFF, 0xFFFF, 0xFFFF, 0xFFFF, 0xFFFF, 0xFFFF,
  0xFFFF, 0xFFFF, 0xFFFF, 0xFFFF, 0xFFFF, 0xFFFF, 0xFFFF, 0xFFFF, 0xFFFF, 0xFFFF, 0xFFFF, 0xFFFF,
  0xFFFF, 0xFFFF, 0xFFFF, 0xFFFF, 0xFFFF, 0xFFDF, 0xB596, 0x39C7, 0x20E4, 0x20E4, 0x20E4, 0x20E4,
  0x20E4, 0x20E4, 0x20E4, 0x20E4, 0x20E4, 0x20E4, 0x20E4, 0x2104, 0x738E, 0xE73C, 0xFFFF, 0xFFFF,
  0xFFFF, 0xFFFF, 0xFFFF, 0xFFFF, 0xFFFF, 0xFFFF, 0xFFFF, 0xFFFF, 0xFFFF, 0xFFFF, 0xFFFF, 0xFFFF,
  0xFFFF, 0xFFFF, 0xFFFF, 0xFFFF, 0xFFFF, 0xFFFF, 0xFFFF, 0xFFFF, 0xFFFF, 0xFFFF, 0xFFFF, 0xFFFF,
  0xFFFF, 0xFFFF, 0xFFFF, 0xFFFF, 0xFFFF, 0xFFFF, 0xFFFF, 0xFFFF, 0xFFFF, 0xFFFF, 0xFFFF, 0xFFFF,
  0xFFFF, 0xFFFF, 0xFFFF, 0xFFFF, 0xFFFF, 0xFFFF, 0xFFFF, 0xFFFF, 0xFFFF, 0xFFFF, 0xFFFF, 0xFFFF,
  0xFFFF, 0xFFFF, 0xFFFF, 0xFFFF, 0xFFFF, 0xFFFF, 0xFFFF, 0xFFFF, 0xFFFF, 0xFFFF, 0xFFFF, 0xFFFF,
  0xFFFF, 0xFFFF, 0xFFFF, 0xFFFF, 0xFFFF, 0xDEFB, 0x630C, 0x2104, 0x20E4, 0x20E4, 0x20E4, 0x20E4,
  0x20E4, 0x20E4, 0x20E4, 0x20E4, 0x20E4, 0x20E4, 0x20E4, 0x4A28, 0xCE59, 0xFFDF, 0xFFFF, 0xFFFF,
  0xFFFF, 0xFFFF, 0xFFFF, 0xFFFF, 0xFFFF, 0xFFFF, 0xFFFF, 0xFFFF, 0xFFFF, 0xFFFF, 0xFFFF, 0xFFFF,
  0xFFFF, 0xFFFF, 0xFFFF, 0xFFFF, 0xFFFF, 0xFFFF, 0xFFFF, 0xFFFF, 0xFFFF, 0xFFFF, 0xFFFF, 0xFFFF,
  0xFFFF, 0xFFFF, 0xFFFF, 0xFFFF, 0xFFFF, 0xFFFF, 0xFFFF, 0xFFFF, 0xFFFF, 0xFFFF, 0xFFFF, 0xFFFF,
  0xFFFF, 0xFFDF, 0xD6BA, 0x738E, 0x3186, 0x2104, 0x20E4, 0x20E4, 0x20E4, 0x20E4, 0x20E4, 0x20E4,
  0x20E4, 0x20E4, 0x20E4, 0x20E4, 0x20E4, 0x20E4, 0x20E4, 0x20E4, 0x20E4, 0x20E4, 0x20E4, 0x20E4,
  0x20E4, 0x20E4, 0x20E4, 0x20E4, 0x20E4, 0x20E4, 0x20E4, 0x20E4, 0x20E4, 0x20E4, 0x20E4, 0x20E4,
  0x20E4, 0x20E4, 0x20E4, 0x20E4, 0x20E4, 0x20E4, 0x20E4, 0x20E4, 0x20E4, 0x20E4, 0x20E4, 0x20E4,
  0x20E4, 0x20E4, 0x20E4, 0x20E4, 0x20E4, 0x20E4, 0x20E4, 0x20E4, 0x20E4, 0x20E4, 0x20E4, 0x20E4,
  0x20E4, 0x20E4, 0x2924, 0x5AEB, 0xBDF7, 0xF79E, 0xFFFF, 0xFFFF, 0xFFFF, 0xFFFF, 0xFFFF, 0xFFFF,
  0xFFFF, 0xFFFF, 0xFFFF, 0xFFFF, 0xFFFF, 0xFFFF, 0xFFFF, 0xFFFF, 0xFFFF, 0xFFFF, 0xFFFF, 0xFFFF,
  0xFFFF, 0xFFFF, 0xFFFF, 0xFFFF, 0xFFFF, 0xFFFF, 0xFFFF, 0xFFFF, 0xFFFF, 0xFFFF, 0xFFFF, 0xFFFF,
  0xFFFF, 0xFFFF, 0xFFFF, 0xFFFF, 0xFFFF, 0xDEDB, 0x5AAA, 0x2104, 0x20E4, 0x20E4, 0x20E4, 0x20E4,
  0x20E4, 0x20E4, 0x20E4, 0x20E4, 0x20E4, 0x20E4, 0x20E4, 0x4208, 0xB5B6, 0xFFFF, 0xFFFF, 0xFFFF,
  0xFFFF, 0xFFFF, 0xFFFF, 0xFFFF, 0xFFFF, 0xFFFF, 0xFFFF, 0xFFFF, 0xFFFF, 0xFFFF, 0xFFFF, 0xFFFF,
  0xFFFF, 0xFFFF, 0xFFFF, 0xFFFF, 0xFFFF, 0xFFFF, 0xFFFF, 0xFFFF, 0xFFFF, 0xFFFF, 0xFFFF, 0xFFFF,
  0xFFFF, 0xFFFF, 0xFFFF, 0xFFFF, 0xFFFF, 0xFFFF, 0xFFFF, 0xFFFF, 0xFFFF, 0xFFFF, 0xFFFF, 0xFFFF,
  0xFFFF, 0xFFFF, 0xFFFF, 0xFFFF, 0xFFFF, 0xFFFF, 0xFFFF, 0xFFFF, 0xFFFF, 0xFFFF, 0xFFFF, 0xFFFF,
  0xFFFF, 0xFFFF, 0xFFFF, 0xFFFF, 0xFFFF, 0xFFFF, 0xFFFF, 0xFFFF, 0xFFFF, 0xFFFF, 0xFFFF, 0xFFFF,
  0xFFFF, 0xFFFF, 0xFFFF, 0xFFFF, 0xFFFF, 0xFFDF, 0xB5B6, 0x3186, 0x20E4, 0x20E4, 0x20E4, 0x20E4,
  0x20E4, 0x20E4, 0x20E4, 0x20E4, 0x20E4, 0x20E4, 0x20E4, 0x2104, 0x6B6D, 0xE71C, 0xFFFF, 0xFFFF,
  0xFFFF, 0xFFFF, 0xFFFF, 0xFFFF, 0xFFFF, 0xFFFF, 0xFFFF, 0xFFFF, 0xFFFF, 0xFFFF, 0xFFFF, 0xFFFF,
  0xFFFF, 0xFFFF, 0xFFFF, 0xFFFF, 0xFFFF, 0xFFFF, 0xFFFF, 0xFFFF, 0xFFFF, 0xFFFF, 0xFFFF, 0xFFFF,
  0xFFFF, 0xFFFF, 0xFFFF, 0xFFFF, 0xFFFF, 0xFFFF, 0xFFFF, 0xFFFF, 0xFFFF, 0xFFFF, 0xFFFF, 0xFFFF,
  0xFFFF, 0xFFFF, 0xFFFF, 0xEF5D, 0x9CB2, 0x4208, 0x2924, 0x20E4, 0x20E4, 0x20E4, 0x20E4, 0x20E4,
  0x20E4, 0x20E4, 0x20E4, 0x20E4, 0x20E4, 0x20E4, 0x20E4, 0x20E4, 0x20E4, 0x20E4, 0x20E4, 0x20E4,
  0x20E4, 0x20E4, 0x20E4, 0x20E4, 0x20E4, 0x20E4, 0x20E4, 0x20E4, 0x20E4, 0x20E4, 0x20E4, 0x20E4,
  0x20E4, 0x20E4, 0x20E4, 0x20E4, 0x20E4, 0x20E4, 0x20E4, 0x20E4, 0x20E4, 0x20E4, 0x20E4, 0x20E4,
  0x20E4, 0x20E4, 0x20E4, 0x20E4, 0x20E4, 0x20E4, 0x20E4, 0x20E4, 0x20E4, 0x20E4, 0x20E4, 0x20E4,
  0x2104, 0x39A6, 0x73AE, 0xD69A, 0xFFDF, 0xFFFF, 0xFFFF, 0xFFFF, 0xFFFF, 0xFFFF, 0xFFFF, 0xFFFF,
  0xFFFF, 0xFFFF, 0xFFFF, 0xFFFF, 0xFFFF, 0xFFFF, 0xFFFF, 0xFFFF, 0xFFFF, 0xFFFF, 0xFFFF, 0xFFFF,
  0xFFFF, 0xFFFF, 0xFFFF, 0xFFFF, 0xFFFF, 0xFFFF, 0xFFFF, 0xFFFF, 0xFFFF, 0xFFFF, 0xFFFF, 0xFFFF,
  0xFFFF, 0xFFFF, 0xFFFF, 0xFFFF, 0xF79E, 0x7BEF, 0x2945, 0x20E4, 0x20E4, 0x20E4, 0x20E4, 0x20E4,
  0x20E4, 0x20E4, 0x20E4, 0x20E4, 0x20E4, 0x20E4, 0x2945, 0x8410, 0xF79E, 0xFFFF, 0xFFFF, 0xFFFF,
  0xFFFF, 0xFFFF, 0xFFFF, 0xFFFF, 0xFFFF, 0xFFFF, 0xFFFF, 0xFFFF, 0xFFFF, 0xFFFF, 0xFFFF, 0xFFFF,
  0xFFFF, 0xFFFF, 0xFFFF, 0xFFFF, 0xFFFF, 0xFFFF, 0xFFFF, 0xFFFF, 0xFFFF, 0xFFFF, 0xFFFF, 0xFFFF,
  0xFFFF, 0xFFFF, 0xFFFF, 0xFFFF, 0xFFFF, 0xFFFF, 0xFFFF, 0xFFFF, 0xFFFF, 0xFFFF, 0xFFFF, 0xFFFF,
  0xFFFF, 0xFFFF, 0xFFFF, 0xFFFF, 0xFFFF, 0xFFFF, 0xFFFF, 0xFFFF, 0xFFFF, 0xFFFF, 0xFFFF, 0xFFFF,
  0xFFFF, 0xFFFF, 0xFFFF, 0xFFFF, 0xFFFF, 0xFFFF, 0xFFFF, 0xFFFF, 0xFFFF, 0xFFFF, 0xFFFF, 0xFFFF,
  0xFFFF, 0xFFFF, 0xFFFF, 0xFFFF, 0xFFFF, 0xFFFF, 0xEF5D, 0x7BCF, 0x2104, 0x20E4, 0x20E4, 0x20E4,
  0x20E4, 0x20E4, 0x20E4, 0x20E4, 0x20E4, 0x20E4, 0x20E4, 0x20E4, 0x2945, 0x9492, 0xEF7D, 0xFFFF,
  0xFFFF, 0xFFFF, 0xFFFF, 0xFFFF, 0xFFFF, 0xFFFF, 0xFFFF, 0xFFFF, 0xFFFF, 0xFFFF, 0xFFFF, 0xFFFF,
  0xFFFF, 0xFFFF, 0xFFFF, 0xFFFF, 0xFFFF, 0xFFFF, 0xFFFF, 0xFFFF, 0xFFFF, 0xFFFF, 0xFFFF, 0xFFFF,
  0xFFFF, 0xFFFF, 0xFFFF, 0xFFFF, 0xFFFF, 0xFFFF, 0xFFFF, 0xFFFF, 0xFFFF, 0xFFFF, 0xFFFF, 0xFFFF,
  0xFFFF, 0xFFFF, 0xFFFF, 0xFFFF, 0xF7BE, 0xC618, 0x6B4D, 0x31A6, 0x2104, 0x20E4, 0x20E4, 0x20E4,
  0x20E4, 0x20E4, 0x20E4, 0x20E4, 0x20E4, 0x20E4, 0x20E4, 0x20E4, 0x20E4, 0x20E4, 0x20E4, 0x20E4,
  0x20E4, 0x20E4, 0x20E4, 0x20E4, 0x20E4, 0x20E4, 0x20E4, 0x20E4, 0x20E4, 0x20E4, 0x20E4, 0x20E4,
  0x20E4, 0x20E4, 0x20E4, 0x20E4, 0x20E4, 0x20E4, 0x20E4, 0x20E4, 0x20E4, 0x20E4, 0x20E4, 0x20E4,
  0x20E4, 0x20E4, 0x20E4, 0x20E4, 0x20E4, 0x20E4, 0x20E4, 0x20E4, 0x20E4, 0x20E4, 0x2104, 0x3165,
  0x5AAA, 0xAD55, 0xEF7D, 0xFFFF, 0xFFFF, 0xFFFF, 0xFFFF, 0xFFFF, 0xFFFF, 0xFFFF, 0xFFFF, 0xFFFF,
  0xFFFF, 0xFFFF, 0xFFFF, 0xFFFF, 0xFFFF, 0xFFFF, 0xFFFF, 0xFFFF, 0xFFFF, 0xFFFF, 0xFFFF, 0xFFFF,
  0xFFFF, 0xFFFF, 0xFFFF, 0xFFFF, 0xFFFF, 0xFFFF, 0xFFFF, 0xFFFF, 0xFFFF, 0xFFFF, 0xFFFF, 0xFFFF,
  0xFFFF, 0xFFFF, 0xFFFF, 0xF7BE, 0xA514, 0x39C7, 0x20E4, 0x20E4, 0x20E4, 0x20E4, 0x20E4, 0x20E4,
  0x20E4, 0x20E4, 0x20E4, 0x20E4, 0x20E4, 0x2104, 0x528A, 0xD69A, 0xFFFF, 0xFFFF, 0xFFFF, 0xFFFF,
  0xFFFF, 0xFFFF, 0xFFFF, 0xFFFF, 0xFFFF, 0xFFFF, 0xFFFF, 0xFFFF, 0xFFFF, 0xFFFF, 0xFFFF, 0xFFFF,
  0xFFFF, 0xFFFF, 0xFFFF, 0xFFFF, 0xFFFF, 0xFFFF, 0xFFFF, 0xFFFF, 0xFFFF, 0xFFFF, 0xFFFF, 0xFFFF,
  0xFFFF, 0xFFFF, 0xFFFF, 0xFFFF, 0xFFFF, 0xFFFF, 0xFFFF, 0xFFFF, 0xFFFF, 0xFFFF, 0xFFFF, 0xFFFF,
  0xFFFF, 0xFFFF, 0xFFFF, 0xFFFF, 0xFFFF, 0xFFFF, 0xFFFF, 0xFFFF, 0xFFFF, 0xFFFF, 0xFFFF, 0xFFFF,
  0xFFFF, 0xFFFF, 0xFFFF, 0xFFFF, 0xFFFF, 0xFFFF, 0xFFFF, 0xFFFF, 0xFFFF, 0xFFFF, 0xFFFF, 0xFFFF,
  0xFFFF, 0xFFFF, 0xFFFF, 0xFFFF, 0xFFFF, 0xFFFF, 0xFFFF, 0xCE38, 0x4A49, 0x20E4, 0x20E4, 0x20E4,
  0x20E4, 0x20E4, 0x20E4, 0x20E4, 0x20E4, 0x20E4, 0x20E4, 0x20E4, 0x20E4, 0x39A6, 0xB596, 0xFFDF,
  0xFFFF, 0xFFFF, 0xFFFF, 0xFFFF, 0xFFFF, 0xFFFF, 0xFFFF, 0xFFFF, 0xFFFF, 0xFFFF, 0xFFFF, 0xFFFF,
  0xFFFF, 0xFFFF, 0xFFFF, 0xFFFF, 0xFFFF, 0xFFFF, 0xFFFF, 0xFFFF, 0xFFFF, 0xFFFF, 0xFFFF, 0xFFFF,
  0xFFFF, 0xFFFF, 0xFFFF, 0xFFFF, 0xFFFF, 0xFFFF, 0xFFFF, 0xFFFF, 0xFFFF, 0xFFFF, 0xFFFF, 0xFFFF,
  0xFFFF, 0xFFFF, 0xFFFF, 0xFFFF, 0xFFFF, 0xFFFF, 0xEF7D, 0x9CF3, 0x526A, 0x2945, 0x20E4, 0x20E4,
  0x20E4, 0x20E4, 0x20E4, 0x20E4, 0x20E4, 0x20E4, 0x20E4, 0x20E4, 0x20E4, 0x20E4, 0x20E4, 0x20E4,
  0x20E4, 0x20E4, 0x20E4, 0x20E4, 0x20E4, 0x20E4, 0x20E4, 0x20E4, 0x20E4, 0x20E4, 0x20E4, 0x20E4,
  0x20E4, 0x20E4, 0x20E4, 0x20E4, 0x20E4, 0x20E4, 0x20E4, 0x20E4, 0x20E4, 0x20E4, 0x20E4, 0x20E4,
  0x20E4, 0x20E4, 0x20E4, 0x20E4, 0x20E4, 0x20E4, 0x20E4, 0x20E4, 0x20E4, 0x2924, 0x4208, 0x8430,
  0xDEFB, 0xFFFF, 0xFFFF, 0xFFFF, 0xFFFF, 0xFFFF, 0xFFFF, 0xFFFF, 0xFFFF, 0xFFFF, 0xFFFF, 0xFFFF,
  0xFFFF, 0xFFFF, 0xFFFF, 0xFFFF, 0xFFFF, 0xFFFF, 0xFFFF, 0xFFFF, 0xFFFF, 0xFFFF, 0xFFFF, 0xFFFF,
  0xFFFF, 0xFFFF, 0xFFFF, 0xFFFF, 0xFFFF, 0xFFFF, 0xFFFF, 0xFFFF, 0xFFFF, 0xFFFF, 0xFFFF, 0xFFFF,
  0xFFFF, 0xFFFF, 0xFFDF, 0xC618, 0x4A28, 0x2104, 0x20E4, 0x20E4, 0x20E4, 0x20E4, 0x20E4, 0x20E4,
  0x20E4, 0x20E4, 0x20E4, 0x20E4, 0x20E4, 0x39A6, 0xA514, 0xFFFF, 0xFFFF, 0xFFFF, 0xFFFF, 0xFFFF,
  0xFFFF, 0xFFFF, 0xFFFF, 0xFFFF, 0xFFFF, 0xFFFF, 0xFFFF, 0xFFFF, 0xFFFF, 0xFFFF, 0xFFFF, 0xFFFF,
  0xFFFF, 0xFFFF, 0xFFFF, 0xFFFF, 0xFFFF, 0xFFFF, 0xFFFF, 0xFFFF, 0xFFFF, 0xFFFF, 0xFFFF, 0xFFFF,
  0xFFFF, 0xFFFF, 0xFFFF, 0xFFFF, 0xFFFF, 0xFFFF, 0xFFFF, 0xFFFF, 0xFFFF, 0xFFFF, 0xFFFF, 0xFFFF,
  0xFFFF, 0xFFFF, 0xFFFF, 0xFFFF, 0xFFFF, 0xFFFF, 0xFFFF, 0xFFFF, 0xFFFF, 0xFFFF, 0xFFFF, 0xFFFF,
  0xFFFF, 0xFFFF, 0xFFFF, 0xFFFF, 0xFFFF, 0xFFFF, 0xFFFF, 0xFFFF, 0xFFFF, 0xFFFF, 0xFFFF, 0xFFFF,
  0xFFFF, 0xFFFF, 0xFFFF, 0xFFFF, 0xFFFF, 0xFFFF, 0xFFFF, 0xF7BE, 0x9CD3, 0x3186, 0x20E4, 0x20E4,
  0x20E4, 0x20E4, 0x20E4, 0x20E4, 0x20E4, 0x20E4, 0x20E4, 0x20E4, 0x20E4, 0x2104, 0x526A, 0xCE79,
  0xFFFF, 0xFFFF, 0xFFFF, 0xFFFF, 0xFFFF, 0xFFFF, 0xFFFF, 0xFFFF, 0xFFFF, 0xFFFF, 0xFFFF, 0xFFFF,
  0xFFFF, 0xFFFF, 0xFFFF, 0xFFFF, 0xFFFF, 0xFFFF, 0xFFFF, 0xFFFF, 0xFFFF, 0xFFFF, 0xFFFF, 0xFFFF,
  0xFFFF, 0xFFFF, 0xFFFF, 0xFFFF, 0xFFFF, 0xFFFF, 0xFFFF, 0xFFFF, 0xFFFF, 0xFFFF, 0xFFFF, 0xFFFF,
  0xFFFF, 0xFFFF, 0xFFFF, 0xFFFF, 0xFFFF, 0xFFFF, 0xFFFF, 0xFFDF, 0xDEDB, 0x8C51, 0x4A69, 0x2945,
  0x20E4, 0x20E4, 0x20E4, 0x20E4, 0x20E4, 0x20E4, 0x20E4, 0x20E4, 0x20E4, 0x20E4, 0x20E4, 0x20E4,
  0x20E4, 0x20E4, 0x20E4, 0x20E4, 0x20E4, 0x20E4, 0x20E4, 0x20E4, 0x20E4, 0x20E4, 0x20E4, 0x20E4,
  0x20E4, 0x20E4, 0x20E4, 0x20E4, 0x20E4, 0x20E4, 0x20E4, 0x20E4, 0x20E4, 0x20E4, 0x20E4, 0x20E4,
  0x20E4, 0x20E4, 0x20E4, 0x20E4, 0x20E4, 0x20E4, 0x20E4, 0x2924, 0x4208, 0x738E, 0xBDD7, 0xF7BE,
  0xFFFF, 0xFFFF, 0xFFFF, 0xFFFF, 0xFFFF, 0xFFFF, 0xFFFF, 0xFFFF, 0xFFFF, 0xFFFF, 0xFFFF, 0xFFFF,
  0xFFFF, 0xFFFF, 0xFFFF, 0xFFFF, 0xFFFF, 0xFFFF, 0xFFFF, 0xFFFF, 0xFFFF, 0xFFFF, 0xFFFF, 0xFFFF,
  0xFFFF, 0xFFFF, 0xFFFF, 0xFFFF, 0xFFFF, 0xFFFF, 0xFFFF, 0xFFFF, 0xFFFF, 0xFFFF, 0xFFFF, 0xFFFF,
  0xFFFF, 0xFFFF, 0xD6BA, 0x62EB, 0x2104, 0x20E4, 0x20E4, 0x20E4, 0x20E4, 0x20E4, 0x20E4, 0x20E4,
  0x20E4, 0x20E4, 0x20E4, 0x20E4, 0x2925, 0x736D, 0xF79E, 0xFFFF, 0xFFFF, 0xFFFF, 0xFFFF, 0xFFFF,
  0xFFFF, 0xFFFF, 0xFFFF, 0xFFFF, 0xFFFF, 0xFFFF, 0xFFFF, 0xFFFF, 0xFFFF, 0xFFFF, 0xFFFF, 0xFFFF,
  0xFFFF, 0xFFFF, 0xFFFF, 0xFFFF, 0xFFFF, 0xFFFF, 0xFFFF, 0xFFFF, 0xFFFF, 0xFFFF, 0xFFFF, 0xFFFF,
  0xFFFF, 0xFFFF, 0xFFFF, 0xFFFF, 0xFFFF, 0xFFFF, 0xFFFF, 0xFFFF, 0xFFFF, 0xFFFF, 0xFFFF, 0xFFFF,
  0xFFFF, 0xFFFF, 0xFFFF, 0xFFFF, 0xFFFF, 0xFFFF, 0xFFFF, 0xFFFF, 0xFFFF, 0xFFFF, 0xFFFF, 0xFFFF,
  0xFFFF, 0xFFFF, 0xFFFF, 0xFFFF, 0xFFFF, 0xFFFF, 0xFFFF, 0xFFFF, 0xFFFF, 0xFFFF, 0xFFFF, 0xFFFF,
  0xFFFF, 0xFFFF, 0xFFFF, 0xFFFF, 0xFFFF, 0xFFFF, 0xFFFF, 0xFFFF, 0xE71C, 0x6B6D, 0x2924, 0x20E4,
  0x20E4, 0x20E4, 0x20E4, 0x20E4, 0x20E4, 0x20E4, 0x20E4, 0x20E4, 0x20E4, 0x20E4, 0x2924, 0x6B2D,
  0xDEFB, 0xFFFF, 0xFFFF, 0xFFFF, 0xFFFF, 0xFFFF, 0xFFFF, 0xFFFF, 0xFFFF, 0xFFFF, 0xFFFF, 0xFFFF,
  0xFFFF, 0xFFFF, 0xFFFF, 0xFFFF, 0xFFFF, 0xFFFF, 0xFFFF, 0xFFFF, 0xFFFF, 0xFFFF, 0xFFFF, 0xFFFF,
  0xFFFF, 0xFFFF, 0xFFFF, 0xFFFF, 0xFFFF, 0xFFFF, 0xFFFF, 0xFFFF, 0xFFFF, 0xFFFF, 0xFFFF, 0xFFFF,
  0xFFFF, 0xFFFF, 0xFFFF, 0xFFFF, 0xFFFF, 0xFFFF, 0xFFFF, 0xFFFF, 0xFFFF, 0xF7BE, 0xCE59, 0x8C71,
  0x52AA, 0x2945, 0x20E4, 0x20E4, 0x20E4, 0x20E4, 0x20E4, 0x20E4, 0x20E4, 0x20E4, 0x20E4, 0x20E4,
  0x20E4, 0x20E4, 0x20E4, 0x20E4, 0x20E4, 0x20E4, 0x20E4, 0x20E4, 0x20E4, 0x20E4, 0x20E4, 0x20E4,
  0x20E4, 0x20E4, 0x20E4, 0x20E4, 0x20E4, 0x20E4, 0x20E4, 0x20E4, 0x20E4, 0x20E4, 0x20E4, 0x20E4,
  0x20E4, 0x20E4, 0x20E4, 0x20E4, 0x20E4, 0x2924, 0x4A29, 0x83F0, 0xBDD7, 0xF77E, 0xFFFF, 0xFFFF,
  0xFFFF, 0xFFFF, 0xFFFF, 0xFFFF, 0xFFFF, 0xFFFF, 0xFFFF, 0xFFFF, 0xFFFF, 0xFFFF, 0xFFFF, 0xFFFF,
  0xFFFF, 0xFFFF, 0xFFFF, 0xFFFF, 0xFFFF, 0xFFFF, 0xFFFF, 0xFFFF, 0xFFFF, 0xFFFF, 0xFFFF, 0xFFFF,
  0xFFFF, 0xFFFF, 0xFFFF, 0xFFFF, 0xFFFF, 0xFFFF, 0xFFFF, 0xFFFF, 0xFFFF, 0xFFFF, 0xFFFF, 0xFFFF,
  0xFFFF, 0xE73C, 0x83EF, 0x2945, 0x20E4, 0x20E4, 0x20E4, 0x20E4, 0x20E4, 0x20E4, 0x20E4, 0x20E4,
  0x20E4, 0x20E4, 0x20E4, 0x2104, 0x4A49, 0xCE59, 0xFFFF, 0xFFFF, 0xFFFF, 0xFFFF, 0xFFFF, 0xFFFF,
  0xFFFF, 0xFFFF, 0xFFFF, 0xFFFF, 0xFFFF, 0xFFFF, 0xFFFF, 0xFFFF, 0xFFFF, 0xFFFF, 0xFFFF, 0xFFFF,
  0xFFFF, 0xFFFF, 0xFFFF, 0xFFFF, 0xFFFF, 0xFFFF, 0xFFFF, 0xFFFF, 0xFFFF, 0xFFFF, 0xFFFF, 0xFFFF,
  0xFFFF, 0xFFFF, 0xFFFF, 0xFFFF, 0xFFFF, 0xFFFF, 0xFFFF, 0xFFFF, 0xFFFF, 0xFFFF, 0xFFFF, 0xFFFF,
  0xFFFF, 0xFFFF, 0xFFFF, 0xFFFF, 0xFFFF, 0xFFFF, 0xFFFF, 0xFFFF, 0xFFFF, 0xFFFF, 0xFFFF, 0xFFFF,
  0xFFFF, 0xFFFF, 0xFFFF, 0xFFFF, 0xFFFF, 0xFFFF, 0xFFFF, 0xFFFF, 0xFFFF, 0xFFFF, 0xFFFF, 0xFFFF,
  0xFFFF, 0xFFFF, 0xFFFF, 0xFFFF, 0xFFFF, 0xFFFF, 0xFFFF, 0xFFFF, 0xFFFF, 0xC618, 0x4228, 0x20E4,
  0x20E4, 0x20E4, 0x20E4, 0x20E4, 0x20E4, 0x20E4, 0x20E4, 0x20E4, 0x20E4, 0x20E4, 0x20E4, 0x2945,
  0x7BCF, 0xEF5D, 0xFFFF, 0xFFFF, 0xFFFF, 0xFFFF, 0xFFFF, 0xFFFF, 0xFFFF, 0xFFFF, 0xFFFF, 0xFFFF,
  0xFFFF, 0xFFFF, 0xFFFF, 0xFFFF, 0xFFFF, 0xFFFF, 0xFFFF, 0xFFFF, 0xFFFF, 0xFFFF, 0xFFFF, 0xFFFF,
  0xFFFF, 0xFFFF, 0xFFFF, 0xFFFF, 0xFFFF, 0xFFFF, 0xFFFF, 0xFFFF, 0xFFFF, 0xFFFF, 0xFFFF, 0xFFFF,
  0xFFFF, 0xFFFF, 0xFFFF, 0xFFFF, 0xFFFF, 0xFFFF, 0xFFFF, 0xFFFF, 0xFFFF, 0xFFFF, 0xFFFF, 0xF7BE,
  0xD69A, 0x9CF3, 0x6B2C, 0x39A6, 0x2104, 0x20E4, 0x20E4, 0x20E4, 0x20E4, 0x20E4, 0x20E4, 0x20E4,
  0x20E4, 0x20E4, 0x20E4, 0x20E4, 0x20E4, 0x20E4, 0x20E4, 0x20E4, 0x20E4, 0x20E4, 0x20E4, 0x20E4,
  0x20E4, 0x20E4, 0x20E4, 0x20E4, 0x20E4, 0x20E4, 0x20E4, 0x20E4, 0x20E4, 0x20E4, 0x20E4, 0x20E4,
  0x20E4, 0x20E4, 0x20E4, 0x2945, 0x52AA, 0x8C51, 0xC638, 0xF79E, 0xFFFF, 0xFFFF, 0xFFFF, 0xFFFF,
  0xFFFF, 0xFFFF, 0xFFFF, 0xFFFF, 0xFFFF, 0xFFFF, 0xFFFF, 0xFFFF, 0xFFFF, 0xFFFF, 0xFFFF, 0xFFFF,
  0xFFFF, 0xFFFF, 0xFFFF, 0xFFFF, 0xFFFF, 0xFFFF, 0xFFFF, 0xFFFF, 0xFFFF, 0xFFFF, 0xFFFF, 0xFFFF,
  0xFFFF, 0xFFFF, 0xFFFF, 0xFFFF, 0xFFFF, 0xFFFF, 0xFFFF, 0xFFFF, 0xFFFF, 0xFFFF, 0xFFFF, 0xFFFF,
  0xF79E, 0x9CD3, 0x3186, 0x20E4, 0x20E4, 0x20E4, 0x20E4, 0x20E4, 0x20E4, 0x20E4, 0x20E4, 0x20E4,
  0x20E4, 0x20E4, 0x20E4, 0x3186, 0xA534, 0xFFDF, 0xFFFF, 0xFFFF, 0xFFFF, 0xFFFF, 0xFFFF, 0xFFFF,
  0xFFFF, 0xFFFF, 0xFFFF, 0xFFFF, 0xFFFF, 0xFFFF, 0xFFFF, 0xFFFF, 0xFFFF, 0xFFFF, 0xFFFF, 0xFFFF,
  0xFFFF, 0xFFFF, 0xFFFF, 0xFFFF, 0xFFFF, 0xFFFF, 0xFFFF, 0xFFFF, 0xFFFF, 0xFFFF, 0xFFFF, 0xFFFF,
  0xFFFF, 0xFFFF, 0xFFFF, 0xFFFF, 0xFFFF, 0xFFFF, 0xFFFF, 0xFFFF, 0xFFFF, 0xFFFF, 0xFFFF, 0xFFFF,
  0xFFFF, 0xFFFF, 0xFFFF, 0xFFFF, 0xFFFF, 0xFFFF, 0xFFFF, 0xFFFF, 0xFFFF, 0xFFFF, 0xFFFF, 0xFFFF,
  0xFFFF, 0xFFFF, 0xFFFF, 0xFFFF, 0xFFFF, 0xFFFF, 0xFFFF, 0xFFFF, 0xFFFF, 0xFFFF, 0xFFFF, 0xFFFF,
  0xFFFF, 0xFFFF, 0xFFFF, 0xFFFF, 0xFFFF, 0xFFFF, 0xFFFF, 0xFFFF, 0xFFFF, 0xF7BE, 0x94B2, 0x3186,
  0x20E4, 0x20E4, 0x20E4, 0x20E4, 0x20E4, 0x20E4, 0x20E4, 0x20E4, 0x20E4, 0x20E4, 0x20E4, 0x20E4,
  0x3186, 0x9492, 0xF79E, 0xFFFF, 0xFFFF, 0xFFFF, 0xFFFF, 0xFFFF, 0xFFFF, 0xFFFF, 0xFFFF, 0xFFFF,
  0xFFFF, 0xFFFF, 0xFFFF, 0xFFFF, 0xFFFF, 0xFFFF, 0xFFFF, 0xFFFF, 0xFFFF, 0xFFFF, 0xFFFF, 0xFFFF,
  0xFFFF, 0xFFFF, 0xFFFF, 0xFFFF, 0xFFFF, 0xFFFF, 0xFFFF, 0xFFFF, 0xFFFF, 0xFFFF, 0xFFFF, 0xFFFF,
  0xFFFF, 0xFFFF, 0xFFFF, 0xFFFF, 0xFFFF, 0xFFFF, 0xFFFF, 0xFFFF, 0xFFFF, 0xFFFF, 0xFFFF, 0xFFFF,
  0xFFFF, 0xFFBE, 0xE71C, 0xC618, 0x8C51, 0x5269, 0x2924, 0x20E4, 0x20E4, 0x20E4, 0x20E4, 0x20E4,
  0x20E4, 0x20E4, 0x20E4, 0x20E4, 0x20E4, 0x20E4, 0x20E4, 0x20E4, 0x20E4, 0x20E4, 0x20E4, 0x20E4,
  0x20E4, 0x20E4, 0x20E4, 0x20E4, 0x20E4, 0x20E4, 0x20E4, 0x20E4, 0x20E4, 0x20E4, 0x20E4, 0x20E4,
  0x2104, 0x4208, 0x83EF, 0xB5B6, 0xD6BA, 0xF79E, 0xFFFF, 0xFFFF, 0xFFFF, 0xFFFF, 0xFFFF, 0xFFFF,
  0xFFFF, 0xFFFF, 0xFFFF, 0xFFFF, 0xFFFF, 0xFFFF, 0xFFFF, 0xFFFF, 0xFFFF, 0xFFFF, 0xFFFF, 0xFFFF,
  0xFFFF, 0xFFFF, 0xFFFF, 0xFFFF, 0xFFFF, 0xFFFF, 0xFFFF, 0xFFFF, 0xFFFF, 0xFFFF, 0xFFFF, 0xFFFF,
  0xFFFF, 0xFFFF, 0xFFFF, 0xFFFF, 0xFFFF, 0xFFFF, 0xFFFF, 0xFFFF, 0xFFFF, 0xFFFF, 0xFFFF, 0xF7BE,
  0xAD75, 0x39C7, 0x20E4, 0x20E4, 0x20E4, 0x20E4, 0x20E4, 0x20E4, 0x20E4, 0x20E4, 0x20E4, 0x20E4,
  0x20E4, 0x20E4, 0x2924, 0x83EF, 0xEF5D, 0xFFFF, 0xFFFF, 0xFFFF, 0xFFFF, 0xFFFF, 0xFFFF, 0xFFFF,
  0xFFFF, 0xFFFF, 0xFFFF, 0xFFFF, 0xFFFF, 0xFFFF, 0xFFFF, 0xFFFF, 0xFFFF, 0xFFFF, 0xFFFF, 0xFFFF,
  0xFFFF, 0xFFFF, 0xFFFF, 0xFFFF, 0xFFFF, 0xFFFF, 0xFFFF, 0xFFFF, 0xFFFF, 0xFFFF, 0xFFFF, 0xFFFF,
  0xFFFF, 0xFFFF, 0xFFFF, 0xFFFF, 0xFFFF, 0xFFFF, 0xFFFF, 0xFFFF, 0xFFFF, 0xFFFF, 0xFFFF, 0xFFFF,
  0xFFFF, 0xFFFF, 0xFFFF, 0xFFFF, 0xFFFF, 0xFFFF, 0xFFFF, 0xFFFF, 0xFFFF, 0xFFFF, 0xFFFF, 0xFFFF,
  0xFFFF, 0xFFFF, 0xFFFF, 0xFFFF, 0xFFFF, 0xFFFF, 0xFFFF, 0xFFFF, 0xFFFF, 0xFFFF, 0xFFFF, 0xFFFF,
  0xFFFF, 0xFFFF, 0xFFFF, 0xFFFF, 0xFFFF, 0xFFFF, 0xFFFF, 0xFFFF, 0xFFFF, 0xFFFF, 0xEF5D, 0x736D,
  0x2925, 0x20E4, 0x20E4, 0x20E4, 0x20E4, 0x20E4, 0x20E4, 0x20E4, 0x20E4, 0x20E4, 0x20E4, 0x20E4,
  0x20E4, 0x39C7, 0xA534, 0xF7BE, 0xFFFF, 0xFFFF, 0xFFFF, 0xFFFF, 0xFFFF, 0xFFFF, 0xFFFF, 0xFFFF,
  0xFFFF, 0xFFFF, 0xFFFF, 0xFFFF, 0xFFFF, 0xFFFF, 0xFFFF, 0xFFFF, 0xFFFF, 0xFFFF, 0xFFFF, 0xFFFF,
  0xFFFF, 0xFFFF, 0xFFFF, 0xFFFF, 0xFFFF, 0xFFFF, 0xFFFF, 0xFFFF, 0xFFFF, 0xFFFF, 0xFFFF, 0xFFFF,
  0xFFFF, 0xFFFF, 0xFFFF, 0xFFFF, 0xFFFF, 0xFFFF, 0xFFFF, 0xFFFF, 0xFFFF, 0xFFFF, 0xFFFF, 0xFFFF,
  0xFFFF, 0xFFFF, 0xFFFF, 0xFFFF, 0xEF7D, 0xDEDB, 0xBDF7, 0x9492, 0x630C, 0x39A7, 0x2925, 0x2924,
  0x2104, 0x2104, 0x20E4, 0x20E4, 0x20E4, 0x20E4, 0x20E4, 0x20E4, 0x20E4, 0x20E4, 0x20E4, 0x20E4,
  0x20E4, 0x20E4, 0x20E4, 0x20E4, 0x20E4, 0x2104, 0x2104, 0x2104, 0x2924, 0x3186, 0x528A, 0x8410,
  0xB575, 0xD69A, 0xEF5D, 0xFFDF, 0xFFFF, 0xFFFF, 0xFFFF, 0xFFFF, 0xFFFF, 0xFFFF, 0xFFFF, 0xFFFF,
  0xFFFF, 0xFFFF, 0xFFFF, 0xFFFF, 0xFFFF, 0xFFFF, 0xFFFF, 0xFFFF, 0xFFFF, 0xFFFF, 0xFFFF, 0xFFFF,
  0xFFFF, 0xFFFF, 0xFFFF, 0xFFFF, 0xFFFF, 0xFFFF, 0xFFFF, 0xFFFF, 0xFFFF, 0xFFFF, 0xFFFF, 0xFFFF,
  0xFFFF, 0xFFFF, 0xFFFF, 0xFFFF, 0xFFFF, 0xFFFF, 0xFFFF, 0xFFFF, 0xFFFF, 0xFFFF, 0xFFBE, 0xBDD7,
  0x4208, 0x20E4, 0x20E4, 0x20E4, 0x20E4, 0x20E4, 0x20E4, 0x20E4, 0x20E4, 0x20E4, 0x20E4, 0x20E4,
  0x20E4, 0x2104, 0x5AAA, 0xD6BA, 0xFFFF, 0xFFFF, 0xFFFF, 0xFFFF, 0xFFFF, 0xFFFF, 0xFFFF, 0xFFFF,
  0xFFFF, 0xFFFF, 0xFFFF, 0xFFFF, 0xFFFF, 0xFFFF, 0xFFFF, 0xFFFF, 0xFFFF, 0xFFFF, 0xFFFF, 0xFFFF,
  0xFFFF, 0xFFFF, 0xFFFF, 0xFFFF, 0xFFFF, 0xFFFF, 0xFFFF, 0xFFFF, 0xFFFF, 0xFFFF, 0xFFFF, 0xFFFF,
  0xFFFF, 0xFFFF, 0xFFFF, 0xFFFF, 0xFFFF, 0xFFFF, 0xFFFF, 0xFFFF, 0xFFFF, 0xFFFF, 0xFFFF, 0xFFFF,
  0xFFFF, 0xFFFF, 0xFFFF, 0xFFFF, 0xFFFF, 0xFFFF, 0xFFFF, 0xFFFF, 0xFFFF, 0xFFFF, 0xFFFF, 0xFFFF,
  0xFFFF, 0xFFFF, 0xFFFF, 0xFFFF, 0xFFFF, 0xFFFF, 0xFFFF, 0xFFFF, 0xFFFF, 0xFFFF, 0xFFFF, 0xFFFF,
  0xFFFF, 0xFFFF, 0xFFFF, 0xFFFF, 0xFFFF, 0xFFFF, 0xFFFF, 0xFFFF, 0xFFFF, 0xFFFF, 0xFFFF, 0xD69A,
  0x528A, 0x2104, 0x20E4, 0x20E4, 0x20E4, 0x20E4, 0x20E4, 0x20E4, 0x20E4, 0x20E4, 0x20E4, 0x20E4,
  0x20E4, 0x2104, 0x4208, 0xB596, 0xF7BE, 0xFFFF, 0xFFFF, 0xFFFF, 0xFFFF, 0xFFFF, 0xFFFF, 0xFFFF,
  0xFFFF, 0xFFFF, 0xFFFF, 0xFFFF, 0xFFFF, 0xFFFF, 0xFFFF, 0xFFFF, 0xFFFF, 0xFFFF, 0xFFFF, 0xFFFF,
  0xFFFF, 0xFFFF, 0xFFFF, 0xFFFF, 0xFFFF, 0xFFFF, 0xFFFF, 0xFFFF, 0xFFFF, 0xFFFF, 0xFFFF, 0xFFFF,
  0xFFFF, 0xFFFF, 0xFFFF, 0xFFFF, 0xFFFF, 0xFFFF, 0xFFFF, 0xFFFF, 0xFFFF, 0xFFFF, 0xFFFF, 0xFFFF,
  0xFFFF, 0xFFFF, 0xFFFF, 0xFFFF, 0xFFFF, 0xFFFF, 0xFFDF, 0xF79E, 0xE73C, 0xD6BA, 0xB596, 0x8C51,
  0x6B6D, 0x528A, 0x39C7, 0x3186, 0x3165, 0x2945, 0x2945, 0x2945, 0x2925, 0x2925, 0x2925, 0x2945,
  0x2945, 0x2945, 0x3165, 0x3186, 0x39A6, 0x4A49, 0x630C, 0x83F0, 0xA534, 0xCE59, 0xE71C, 0xEF7D,
  0xFFDF, 0xFFFF, 0xFFFF, 0xFFFF, 0xFFFF, 0xFFFF, 0xFFFF, 0xFFFF, 0xFFFF, 0xFFFF, 0xFFFF, 0xFFFF,
  0xFFFF, 0xFFFF, 0xFFFF, 0xFFFF, 0xFFFF, 0xFFFF, 0xFFFF, 0xFFFF, 0xFFFF, 0xFFFF, 0xFFFF, 0xFFFF,
  0xFFFF, 0xFFFF, 0xFFFF, 0xFFFF, 0xFFFF, 0xFFFF, 0xFFFF, 0xFFFF, 0xFFFF, 0xFFFF, 0xFFFF, 0xFFFF,
  0xFFFF, 0xFFFF, 0xFFFF, 0xFFFF, 0xFFFF, 0xFFFF, 0xFFFF, 0xFFFF, 0xFFFF, 0xFFDF, 0xC638, 0x4A69,
  0x2104, 0x20E4, 0x20E4, 0x20E4, 0x20E4, 0x20E4, 0x20E4, 0x20E4, 0x20E4, 0x20E4, 0x20E4, 0x20E4,
  0x20E4, 0x39C7, 0xBDD7, 0xFFDF, 0xFFFF, 0xFFFF, 0xFFFF, 0xFFFF, 0xFFFF, 0xFFFF, 0xFFFF, 0xFFFF,
  0xFFFF, 0xFFFF, 0xFFFF, 0xFFFF, 0xFFFF, 0xFFFF, 0xFFFF, 0xFFFF, 0xFFFF, 0xFFFF, 0xFFFF, 0xFFFF,
  0xFFFF, 0xFFFF, 0xFFFF, 0xFFFF, 0xFFFF, 0xFFFF, 0xFFFF, 0xFFFF, 0xFFFF, 0xFFFF, 0xFFFF, 0xFFFF,
  0xFFFF, 0xFFFF, 0xFFFF, 0xFFFF, 0xFFFF, 0xFFFF, 0xFFFF, 0xFFFF, 0xFFFF, 0xFFFF, 0xFFFF, 0xFFFF,
  0xFFFF, 0xFFFF, 0xFFFF, 0xFFFF, 0xFFFF, 0xFFFF, 0xFFFF, 0xFFFF, 0xFFFF, 0xFFFF, 0xFFFF, 0xFFFF,
  0xFFFF, 0xFFFF, 0xFFFF, 0xFFFF, 0xFFFF, 0xFFFF, 0xFFFF, 0xFFFF, 0xFFFF, 0xFFFF, 0xFFFF, 0xFFFF,
  0xFFFF, 0xFFFF, 0xFFFF, 0xFFFF, 0xFFFF, 0xFFFF, 0xFFFF, 0xFFFF, 0xFFFF, 0xFFFF, 0xFFFF, 0xFFDF,
  0xB596, 0x39E7, 0x2104, 0x20E4, 0x20E4, 0x20E4, 0x20E4, 0x20E4, 0x20E4, 0x20E4, 0x20E4, 0x20E4,
  0x20E4, 0x20E4, 0x2104, 0x4A28, 0xBDD7, 0xFFBF, 0xFFFF, 0xFFFF, 0xFFFF, 0xFFFF, 0xFFFF, 0xFFFF,
  0xFFFF, 0xFFFF, 0xFFFF, 0xFFFF, 0xFFFF, 0xFFFF, 0xFFFF, 0xFFFF, 0xFFFF, 0xFFFF, 0xFFFF, 0xFFFF,
  0xFFFF, 0xFFFF, 0xFFFF, 0xFFFF, 0xFFFF, 0xFFFF, 0xFFFF, 0xFFFF, 0xFFFF, 0xFFFF, 0xFFFF, 0xFFFF,
  0xFFFF, 0xFFFF, 0xFFFF, 0xFFFF, 0xFFFF, 0xFFFF, 0xFFFF, 0xFFFF, 0xFFFF, 0xFFFF, 0xFFFF, 0xFFFF,
  0xFFFF, 0xFFFF, 0xFFFF, 0xFFFF, 0xFFFF, 0xFFFF, 0xFFFF, 0xFFFF, 0xFFFF, 0xFFFF, 0xFFDF, 0xF79E,
  0xEF7D, 0xEF3C, 0xDEFB, 0xCE59, 0xB596, 0xA514, 0x9492, 0x8C51, 0x8410, 0x8410, 0x8410, 0x8C30,
  0x9492, 0x9CD3, 0xAD55, 0xC5F7, 0xDEDB, 0xE73C, 0xEF5D, 0xF79E, 0xF7BE, 0xFFFF, 0xFFFF, 0xFFFF,
  0xFFFF, 0xFFFF, 0xFFFF, 0xFFFF, 0xFFFF, 0xFFFF, 0xFFFF, 0xFFFF, 0xFFFF, 0xFFFF, 0xFFFF, 0xFFFF,
  0xFFFF, 0xFFFF, 0xFFFF, 0xFFFF, 0xFFFF, 0xFFFF, 0xFFFF, 0xFFFF, 0xFFFF, 0xFFFF, 0xFFFF, 0xFFFF,
  0xFFFF, 0xFFFF, 0xFFFF, 0xFFFF, 0xFFFF, 0xFFFF, 0xFFFF, 0xFFFF, 0xFFFF, 0xFFFF, 0xFFFF, 0xFFFF,
  0xFFFF, 0xFFFF, 0xFFFF, 0xFFFF, 0xFFFF, 0xFFFF, 0xFFFF, 0xFFFF, 0xFFDF, 0xD69A, 0x5ACB, 0x2924,
  0x20E4, 0x20E4, 0x20E4, 0x20E4, 0x20E4, 0x20E4, 0x20E4, 0x20E4, 0x20E4, 0x20E4, 0x20E4, 0x20E4,
  0x2965, 0x9CD3, 0xEF7D, 0xFFFF, 0xFFFF, 0xFFFF, 0xFFFF, 0xFFFF, 0xFFFF, 0xFFFF, 0xFFFF, 0xFFFF,
  0xFFFF, 0xFFFF, 0xFFFF, 0xFFFF, 0xFFFF, 0xFFFF, 0xFFFF, 0xFFFF, 0xFFFF, 0xFFFF, 0xFFFF, 0xFFFF,
  0xFFFF, 0xFFFF, 0xFFFF, 0xFFFF, 0xFFFF, 0xFFFF, 0xFFFF, 0xFFFF, 0xFFFF, 0xFFFF, 0xFFFF, 0xFFFF,
  0xFFFF, 0xFFFF, 0xFFFF, 0xFFFF, 0xFFFF, 0xFFFF, 0xFFFF, 0xFFFF, 0xFFFF, 0xFFFF, 0xFFFF, 0xFFFF,
  0xFFFF, 0xFFFF, 0xFFFF, 0xFFFF, 0xFFFF, 0xFFFF, 0xFFFF, 0xFFFF, 0xFFFF, 0xFFFF, 0xFFFF, 0xFFFF,
  0xFFFF, 0xFFFF, 0xFFFF, 0xFFFF, 0xFFFF, 0xFFFF, 0xFFFF, 0xFFFF, 0xFFFF, 0xFFFF, 0xFFFF, 0xFFFF,
  0xFFFF, 0xFFFF, 0xFFFF, 0xFFFF, 0xFFFF, 0xFFFF, 0xFFFF, 0xFFFF, 0xFFFF, 0xFFFF, 0xFFFF, 0xFFFF,
  0xF79E, 0x9472, 0x3165, 0x20E4, 0x20E4, 0x20E4, 0x20E4, 0x20E4, 0x20E4, 0x20E4, 0x20E4, 0x20E4,
  0x20E4, 0x20E4, 0x20E4, 0x2104, 0x5269, 0xC618, 0xFFDF, 0xFFFF, 0xFFFF, 0xFFFF, 0xFFFF, 0xFFFF,
  0xFFFF, 0xFFFF, 0xFFFF, 0xFFFF, 0xFFFF, 0xFFFF, 0xFFFF, 0xFFFF, 0xFFFF, 0xFFFF, 0xFFFF, 0xFFFF,
  0xFFFF, 0xFFFF, 0xFFFF, 0xFFFF, 0xFFFF, 0xFFFF, 0xFFFF, 0xFFFF, 0xFFFF, 0xFFFF, 0xFFFF, 0xFFFF,
  0xFFFF, 0xFFFF, 0xFFFF, 0xFFFF, 0xFFFF, 0xFFFF, 0xFFFF, 0xFFFF, 0xFFFF, 0xFFFF, 0xFFFF, 0xFFFF,
  0xFFFF, 0xFFFF, 0xFFFF, 0xFFFF, 0xFFFF, 0xFFFF, 0xFFFF, 0xFFFF, 0xFFFF, 0xFFFF, 0xFFFF, 0xFFFF,
  0xFFFF, 0xFFFF, 0xFFFF, 0xFFFF, 0xFFDF, 0xFFDF, 0xF7BE, 0xF7BE, 0xF7BE, 0xF7BE, 0xF7BE, 0xF7BE,
  0xF7BE, 0xFFDF, 0xFFDF, 0xFFDF, 0xFFFF, 0xFFFF, 0xFFFF, 0xFFFF, 0xFFFF, 0xFFFF, 0xFFFF, 0xFFFF,
  0xFFFF, 0xFFFF, 0xFFFF, 0xFFFF, 0xFFFF, 0xFFFF, 0xFFFF, 0xFFFF, 0xFFFF, 0xFFFF, 0xFFFF, 0xFFFF,
  0xFFFF, 0xFFFF, 0xFFFF, 0xFFFF, 0xFFFF, 0xFFFF, 0xFFFF, 0xFFFF, 0xFFFF, 0xFFFF, 0xFFFF, 0xFFFF,
  0xFFFF, 0xFFFF, 0xFFFF, 0xFFFF, 0xFFFF, 0xFFFF, 0xFFFF, 0xFFFF, 0xFFFF, 0xFFFF, 0xFFFF, 0xFFFF,
  0xFFFF, 0xFFFF, 0xFFFF, 0xFFFF, 0xFFFF, 0xFFFF, 0xFFFF, 0xFFFF, 0xD6BA, 0x62EC, 0x2924, 0x20E4,
  0x20E4, 0x20E4, 0x20E4, 0x20E4, 0x20E4, 0x20E4, 0x20E4, 0x20E4, 0x20E4, 0x20E4, 0x20E4, 0x2925,
  0x7BCF, 0xE73C, 0xFFFF, 0xFFFF, 0xFFFF, 0xFFFF, 0xFFFF, 0xFFFF, 0xFFFF, 0xFFFF, 0xFFFF, 0xFFFF,
  0xFFFF, 0xFFFF, 0xFFFF, 0xFFFF, 0xFFFF, 0xFFFF, 0xFFFF, 0xFFFF, 0xFFFF, 0xFFFF, 0xFFFF, 0xFFFF,
  0xFFFF, 0xFFFF, 0xFFFF, 0xFFFF, 0xFFFF, 0xFFFF, 0xFFFF, 0xFFFF, 0xFFFF, 0xFFFF, 0xFFFF, 0xFFFF,
  0xFFFF, 0xFFFF, 0xFFFF, 0xFFFF, 0xFFFF, 0xFFFF, 0xFFFF, 0xFFFF, 0xFFFF, 0xFFFF, 0xFFFF, 0xFFFF,
  0xFFFF, 0xFFFF, 0xFFFF, 0xFFFF, 0xFFFF, 0xFFFF, 0xFFFF, 0xFFFF, 0xFFFF, 0xFFFF, 0xFFFF, 0xFFFF,
  0xFFFF, 0xFFFF, 0xFFFF, 0xFFFF, 0xFFFF, 0xFFFF, 0xFFFF, 0xFFFF, 0xFFFF, 0xFFFF, 0xFFFF, 0xFFFF,
  0xFFFF, 0xFFFF, 0xFFFF, 0xFFFF, 0xFFFF, 0xFFFF, 0xFFFF, 0xFFFF, 0xFFFF, 0xFFFF, 0xFFFF, 0xFFFF,
  0xFFFF, 0xE73C, 0x736E, 0x2924, 0x20E4, 0x20E4, 0x20E4, 0x20E4, 0x20E4, 0x20E4, 0x20E4, 0x20E4,
  0x20E4, 0x20E4, 0x20E4, 0x20E4, 0x2104, 0x528A, 0xC618, 0xFFDF, 0xFFFF, 0xFFFF, 0xFFFF, 0xFFFF,
  0xFFFF, 0xFFFF, 0xFFFF, 0xFFFF, 0xFFFF, 0xFFFF, 0xFFFF, 0xFFFF, 0xFFFF, 0xFFFF, 0xFFFF, 0xFFFF,
  0xFFFF, 0xFFFF, 0xFFFF, 0xFFFF, 0xFFFF, 0xFFFF, 0xFFFF, 0xFFFF, 0xFFFF, 0xFFFF, 0xFFFF, 0xFFFF,
  0xFFFF, 0xFFFF, 0xFFFF, 0xFFFF, 0xFFFF, 0xFFFF, 0xFFFF, 0xFFFF, 0xFFFF, 0xFFFF, 0xFFFF, 0xFFFF,
  0xFFFF, 0xFFFF, 0xFFFF, 0xFFFF, 0xFFFF, 0xFFFF, 0xFFFF, 0xFFFF, 0xFFFF, 0xFFFF, 0xFFFF, 0xFFFF,
  0xFFFF, 0xFFFF, 0xFFFF, 0xFFFF, 0xFFFF, 0xFFFF, 0xFFFF, 0xFFFF, 0xFFFF, 0xFFFF, 0xFFFF, 0xFFFF,
  0xFFFF, 0xFFFF, 0xFFFF, 0xFFFF, 0xFFFF, 0xFFFF, 0xFFFF, 0xFFFF, 0xFFFF, 0xFFFF, 0xFFFF, 0xFFFF,
  0xFFFF, 0xFFFF, 0xFFFF, 0xFFFF, 0xFFFF, 0xFFFF, 0xFFFF, 0xFFFF, 0xFFFF, 0xFFFF, 0xFFFF, 0xFFFF,
  0xFFFF, 0xFFFF, 0xFFFF, 0xFFFF, 0xFFFF, 0xFFFF, 0xFFFF, 0xFFFF, 0xFFFF, 0xFFFF, 0xFFFF, 0xFFFF,
  0xFFFF, 0xFFFF, 0xFFFF, 0xFFFF, 0xFFFF, 0xFFFF, 0xFFFF, 0xFFFF, 0xFFFF, 0xFFFF, 0xFFFF, 0xFFFF,
  0xFFFF, 0xFFFF, 0xFFFF, 0xFFFF, 0xFFFF, 0xFFFF, 0xFFFF, 0xD6BA, 0x630C, 0x2924, 0x20E4, 0x20E4,
  0x20E4, 0x20E4, 0x20E4, 0x20E4, 0x20E4, 0x20E4, 0x20E4, 0x20E4, 0x20E4, 0x20E4, 0x2104, 0x62EB,
  0xD6BA, 0xFFFF, 0xFFFF, 0xFFFF, 0xFFFF, 0xFFFF, 0xFFFF, 0xFFFF, 0xFFFF, 0xFFFF, 0xFFFF, 0xFFFF,
  0xFFFF, 0xFFFF, 0xFFFF, 0xFFFF, 0xFFFF, 0xFFFF, 0xFFFF, 0xFFFF, 0xFFFF, 0xFFFF, 0xFFFF, 0xFFFF,
  0xFFFF, 0xFFFF, 0xFFFF, 0xFFFF, 0xFFFF, 0xFFFF, 0xFFFF, 0xFFFF, 0xFFFF, 0xFFFF, 0xFFFF, 0xFFFF,
  0xFFFF, 0xFFFF, 0xFFFF, 0xFFFF, 0xFFFF, 0xFFFF, 0xFFFF, 0xFFFF, 0xFFFF, 0xFFFF, 0xFFFF, 0xFFFF,
  0xFFFF, 0xFFFF, 0xFFFF, 0xFFFF, 0xFFFF, 0xFFFF, 0xFFFF, 0xFFFF, 0xFFFF, 0xFFFF, 0xFFFF, 0xFFFF,
  0xFFFF, 0xFFFF, 0xFFFF, 0xFFFF, 0xFFFF, 0xFFFF, 0xFFFF, 0xFFFF, 0xFFFF, 0xFFFF, 0xFFFF, 0xFFFF,
  0xFFFF, 0xFFFF, 0xFFFF, 0xFFFF, 0xFFFF, 0xFFFF, 0xFFFF, 0xFFFF, 0xFFFF, 0xFFFF, 0xFFFF, 0xFFFF,
  0xFFFF, 0xFFFF, 0xD6BA, 0x5ACB, 0x2104, 0x20E4, 0x20E4, 0x20E4, 0x20E4, 0x20E4, 0x20E4, 0x20E4,
  0x20E4, 0x20E4, 0x20E4, 0x20E4, 0x20E4, 0x2104, 0x528A, 0xC5F7, 0xFFDF, 0xFFFF, 0xFFFF, 0xFFFF,
  0xFFFF, 0xFFFF, 0xFFFF, 0xFFFF, 0xFFFF, 0xFFFF, 0xFFFF, 0xFFFF, 0xFFFF, 0xFFFF, 0xFFFF, 0xFFFF,
  0xFFFF, 0xFFFF, 0xFFFF, 0xFFFF, 0xFFFF, 0xFFFF, 0xFFFF, 0xFFFF, 0xFFFF, 0xFFFF, 0xFFFF, 0xFFFF,
  0xFFFF, 0xFFFF, 0xFFFF, 0xFFFF, 0xFFFF, 0xFFFF, 0xFFFF, 0xFFFF, 0xFFFF, 0xFFFF, 0xFFFF, 0xFFFF,
  0xFFFF, 0xFFFF, 0xFFFF, 0xFFFF, 0xFFFF, 0xFFFF, 0xFFFF, 0xFFFF, 0xFFFF, 0xFFFF, 0xFFFF, 0xFFFF,
  0xFFFF, 0xFFFF, 0xFFFF, 0xFFFF, 0xFFFF, 0xFFFF, 0xFFFF, 0xFFFF, 0xFFFF, 0xFFFF, 0xFFFF, 0xFFFF,
  0xFFFF, 0xFFFF, 0xFFFF, 0xFFFF, 0xFFFF, 0xFFFF, 0xFFFF, 0xFFFF, 0xFFFF, 0xFFFF, 0xFFFF, 0xFFFF,
  0xFFFF, 0xFFFF, 0xFFFF, 0xFFFF, 0xFFFF, 0xFFFF, 0xFFFF, 0xFFFF, 0xFFFF, 0xFFFF, 0xFFFF, 0xFFFF,
  0xFFFF, 0xFFFF, 0xFFFF, 0xFFFF, 0xFFFF, 0xFFFF, 0xFFFF, 0xFFFF, 0xFFFF, 0xFFFF, 0xFFFF, 0xFFFF,
  0xFFFF, 0xFFFF, 0xFFFF, 0xFFFF, 0xFFFF, 0xFFFF, 0xFFFF, 0xFFFF, 0xFFFF, 0xFFFF, 0xFFFF, 0xFFFF,
  0xFFFF, 0xFFFF, 0xFFFF, 0xFFFF, 0xFFFF, 0xFFFF, 0xD69A, 0x630C, 0x2924, 0x20E4, 0x20E4, 0x20E4,
  0x20E4, 0x20E4, 0x20E4, 0x20E4, 0x20E4, 0x20E4, 0x20E4, 0x20E4, 0x20E4, 0x2104, 0x4A49, 0xC5F7,
  0xFFFF, 0xFFFF, 0xFFFF, 0xFFFF, 0xFFFF, 0xFFFF, 0xFFFF, 0xFFFF, 0xFFFF, 0xFFFF, 0xFFFF, 0xFFFF,
  0xFFFF, 0xFFFF, 0xFFFF, 0xFFFF, 0xFFFF, 0xFFFF, 0xFFFF, 0xFFFF, 0xFFFF, 0xFFFF, 0xFFFF, 0xFFFF,
  0xFFFF, 0xFFFF, 0xFFFF, 0xFFFF, 0xFFFF, 0xFFFF, 0xFFFF, 0xFFFF, 0xFFFF, 0xFFFF, 0xFFFF, 0xFFFF,
  0xFFFF, 0xFFFF, 0xFFFF, 0xFFFF, 0xFFFF, 0xFFFF, 0xFFFF, 0xFFFF, 0xFFFF, 0xFFFF, 0xFFFF, 0xFFFF,
  0xFFFF, 0xFFFF, 0xFFFF, 0xFFFF, 0xFFFF, 0xFFFF, 0xFFFF, 0xFFFF, 0xFFFF, 0xFFFF, 0xFFFF, 0xFFFF,
  0xFFFF, 0xFFFF, 0xFFFF, 0xFFFF, 0xFFFF, 0xFFFF, 0xFFFF, 0xFFFF, 0xFFFF, 0xFFFF, 0xFFFF, 0xFFFF,
  0xFFFF, 0xFFFF, 0xFFFF, 0xFFFF, 0xFFFF, 0xFFFF, 0xFFFF, 0xFFFF, 0xFFFF, 0xFFFF, 0xFFFF, 0xFFFF,
  0xFFFF, 0xFFFF, 0xFFDF, 0xC638, 0x5269, 0x20E4, 0x20E4, 0x20E4, 0x20E4, 0x20E4, 0x20E4, 0x20E4,
  0x20E4, 0x20E4, 0x20E4, 0x20E4, 0x20E4, 0x20E4, 0x2104, 0x5269, 0xBDD7, 0xFFDF, 0xFFFF, 0xFFFF,
  0xFFFF, 0xFFFF, 0xFFFF, 0xFFFF, 0xFFFF, 0xFFFF, 0xFFFF, 0xFFFF, 0xFFFF, 0xFFFF, 0xFFFF, 0xFFFF,
  0xFFFF, 0xFFFF, 0xFFFF, 0xFFFF, 0xFFFF, 0xFFFF, 0xFFFF, 0xFFFF, 0xFFFF, 0xFFFF, 0xFFFF, 0xFFFF,
  0xFFFF, 0xFFFF, 0xFFFF, 0xFFFF, 0xFFFF, 0xFFFF, 0xFFFF, 0xFFFF, 0xFFFF, 0xFFFF, 0xFFFF, 0xFFFF,
  0xFFFF, 0xFFFF, 0xFFFF, 0xFFFF, 0xFFFF, 0xFFFF, 0xFFFF, 0xFFFF, 0xFFFF, 0xFFFF, 0xFFFF, 0xFFFF,
  0xFFFF, 0xFFFF, 0xFFFF, 0xFFFF, 0xFFFF, 0xFFFF, 0xFFFF, 0xFFFF, 0xFFFF, 0xFFFF, 0xFFFF, 0xFFFF,
  0xFFFF, 0xFFFF, 0xFFFF, 0xFFFF, 0xFFFF, 0xFFFF, 0xFFFF, 0xFFFF, 0xFFFF, 0xFFFF, 0xFFFF, 0xFFFF,
  0xFFFF, 0xFFFF, 0xFFFF, 0xFFFF, 0xFFFF, 0xFFFF, 0xFFFF, 0xFFFF, 0xFFFF, 0xFFFF, 0xFFFF, 0xFFFF,
  0xFFFF, 0xFFFF, 0xFFFF, 0xFFFF, 0xFFFF, 0xFFFF, 0xFFFF, 0xFFFF, 0xFFFF, 0xFFFF, 0xFFFF, 0xFFFF,
  0xFFFF, 0xFFFF, 0xFFFF, 0xFFFF, 0xFFFF, 0xFFFF, 0xFFFF, 0xFFFF, 0xFFFF, 0xFFFF, 0xFFFF, 0xFFFF,
  0xFFFF, 0xFFFF, 0xFFFF, 0xFFFF, 0xFFDF, 0xCE79, 0x6B2C, 0x2924, 0x20E4, 0x20E4, 0x20E4, 0x20E4,
  0x20E4, 0x20E4, 0x20E4, 0x20E4, 0x20E4, 0x20E4, 0x20E4, 0x20E4, 0x2104, 0x39C7, 0xAD55, 0xF7BE,
  0xFFFF, 0xFFFF, 0xFFFF, 0xFFFF, 0xFFFF, 0xFFFF, 0xFFFF, 0xFFFF, 0xFFFF, 0xFFFF, 0xFFFF, 0xFFFF,
  0xFFFF, 0xFFFF, 0xFFFF, 0xFFFF, 0xFFFF, 0xFFFF, 0xFFFF, 0xFFFF, 0xFFFF, 0xFFFF, 0xFFFF, 0xFFFF,
  0xFFFF, 0xFFFF, 0xFFFF, 0xFFFF, 0xFFFF, 0xFFFF, 0xFFFF, 0xFFFF, 0xFFFF, 0xFFFF, 0xFFFF, 0xFFFF,
  0xFFFF, 0xFFFF, 0xFFFF, 0xFFFF, 0xFFFF, 0xFFFF, 0xFFFF, 0xFFFF, 0xFFFF, 0xFFFF, 0xFFFF, 0xFFFF,
  0xFFFF, 0xFFFF, 0xFFFF, 0xFFFF, 0xFFFF, 0xFFFF, 0xFFFF, 0xFFFF, 0xFFFF, 0xFFFF, 0xFFFF, 0xFFFF,
  0xFFFF, 0xFFFF, 0xFFFF, 0xFFFF, 0xFFFF, 0xFFFF, 0xFFFF, 0xFFFF, 0xFFFF, 0xFFFF, 0xFFFF, 0xFFFF,
  0xFFFF, 0xFFFF, 0xFFFF, 0xFFFF, 0xFFFF, 0xFFFF, 0xFFFF, 0xFFFF, 0xFFFF, 0xFFFF, 0xFFFF, 0xFFFF,
  0xFFFF, 0xFFFF, 0xFFFF, 0xF7BE, 0xB575, 0x4208, 0x20E4, 0x20E4, 0x20E4, 0x20E4, 0x20E4, 0x20E4,
  0x20E4, 0x20E4, 0x20E4, 0x20E4, 0x20E4, 0x20E4, 0x20E4, 0x2104, 0x4A49, 0xB575, 0xF7BE, 0xFFFF,
  0xFFFF, 0xFFFF, 0xFFFF, 0xFFFF, 0xFFFF, 0xFFFF, 0xFFFF, 0xFFFF, 0xFFFF, 0xFFFF, 0xFFFF, 0xFFFF,
  0xFFFF, 0xFFFF, 0xFFFF, 0xFFFF, 0xFFFF, 0xFFFF, 0xFFFF, 0xFFFF, 0xFFFF, 0xFFFF, 0xFFFF, 0xFFFF,
  0xFFFF, 0xFFFF, 0xFFFF, 0xFFFF, 0xFFFF, 0xFFFF, 0xFFFF, 0xFFFF, 0xFFFF, 0xFFFF, 0xFFFF, 0xFFFF,
  0xFFFF, 0xFFFF, 0xFFFF, 0xFFFF, 0xFFFF, 0xFFFF, 0xFFFF, 0xFFFF, 0xFFFF, 0xFFFF, 0xFFFF, 0xFFFF,
  0xFFFF, 0xFFFF, 0xFFFF, 0xFFFF, 0xFFFF, 0xFFFF, 0xFFFF, 0xFFFF, 0xFFFF, 0xFFFF, 0xFFFF, 0xFFFF,
  0xFFFF, 0xFFFF, 0xFFFF, 0xFFFF, 0xFFFF, 0xFFFF, 0xFFFF, 0xFFFF, 0xFFFF, 0xFFFF, 0xFFFF, 0xFFFF,
  0xFFFF, 0xFFFF, 0xFFFF, 0xFFFF, 0xFFFF, 0xFFFF, 0xFFFF, 0xFFFF, 0xFFFF, 0xFFFF, 0xFFFF, 0xFFFF,
  0xFFFF, 0xFFFF, 0xFFFF, 0xFFFF, 0xFFFF, 0xFFFF, 0xFFFF, 0xFFFF, 0xFFFF, 0xFFFF, 0xFFFF, 0xFFFF,
  0xFFFF, 0xFFFF, 0xFFFF, 0xFFFF, 0xFFFF, 0xFFFF, 0xFFFF, 0xFFFF, 0xFFFF, 0xFFFF, 0xFFFF, 0xFFFF,
  0xFFFF, 0xFFFF, 0xFFFF, 0xFFDF, 0xC638, 0x5AEB, 0x2924, 0x20E4, 0x20E4, 0x20E4, 0x20E4, 0x20E4,
  0x20E4, 0x20E4, 0x20E4, 0x20E4, 0x20E4, 0x20E4, 0x20E4, 0x20E4, 0x39A6, 0x9CD3, 0xF79E, 0xFFFF,
  0xFFFF, 0xFFFF, 0xFFFF, 0xFFFF, 0xFFFF, 0xFFFF, 0xFFFF, 0xFFFF, 0xFFFF, 0xFFFF, 0xFFFF, 0xFFFF,
  0xFFFF, 0xFFFF, 0xFFFF, 0xFFFF, 0xFFFF, 0xFFFF, 0xFFFF, 0xFFFF, 0xFFFF, 0xFFFF, 0xFFFF, 0xFFFF,
  0xFFFF, 0xFFFF, 0xFFFF, 0xFFFF, 0xFFFF, 0xFFFF, 0xFFFF, 0xFFFF, 0xFFFF, 0xFFFF, 0xFFFF, 0xFFFF,
  0xFFFF, 0xFFFF, 0xFFFF, 0xFFFF, 0xFFFF, 0xFFFF, 0xFFFF, 0xFFFF, 0xFFFF, 0xFFFF, 0xFFFF, 0xFFFF,
  0xFFFF, 0xFFFF, 0xFFFF, 0xFFFF, 0xFFFF, 0xFFFF, 0xFFFF, 0xFFFF, 0xFFFF, 0xFFFF, 0xFFFF, 0xFFFF,
  0xFFFF, 0xFFFF, 0xFFFF, 0xFFFF, 0xFFFF, 0xFFFF, 0xFFFF, 0xFFFF, 0xFFFF, 0xFFFF, 0xFFFF, 0xFFFF,
  0xFFFF, 0xFFFF, 0xFFFF, 0xFFFF, 0xFFFF, 0xFFFF, 0xFFFF, 0xFFFF, 0xFFFF, 0xFFFF, 0xFFFF, 0xFFFF,
  0xFFFF, 0xFFFF, 0xFFFF, 0xFFFF, 0xF79E, 0x9CD3, 0x39A6, 0x20E4, 0x20E4, 0x20E4, 0x20E4, 0x20E4,
  0x20E4, 0x20E4, 0x20E4, 0x20E4, 0x20E4, 0x20E4, 0x20E4, 0x20E4, 0x2104, 0x4208, 0xA514, 0xF79E,
  0xFFFF, 0xFFFF, 0xFFFF, 0xFFFF, 0xFFFF, 0xFFFF, 0xFFFF, 0xFFFF, 0xFFFF, 0xFFFF, 0xFFFF, 0xFFFF,
  0xFFFF, 0xFFFF, 0xFFFF, 0xFFFF, 0xFFFF, 0xFFFF, 0xFFFF, 0xFFFF, 0xFFFF, 0xFFFF, 0xFFFF, 0xFFFF,
  0xFFFF, 0xFFFF, 0xFFFF, 0xFFFF, 0xFFFF, 0xFFFF, 0xFFFF, 0xFFFF, 0xFFFF, 0xFFFF, 0xFFFF, 0xFFFF,
  0xFFFF, 0xFFFF, 0xFFFF, 0xFFFF, 0xFFFF, 0xFFFF, 0xFFFF, 0xFFFF, 0xFFFF, 0xFFFF, 0xFFFF, 0xFFFF,
  0xFFFF, 0xFFFF, 0xFFFF, 0xFFFF, 0xFFFF, 0xFFFF, 0xFFFF, 0xFFFF, 0xFFFF, 0xFFFF, 0xFFFF, 0xFFFF,
  0xFFFF, 0xFFFF, 0xFFFF, 0xFFFF, 0xFFFF, 0xFFFF, 0xFFFF, 0xFFFF, 0xFFFF, 0xFFFF, 0xFFFF, 0xFFFF,
  0xFFFF, 0xFFFF, 0xFFFF, 0xFFFF, 0xFFFF, 0xFFFF, 0xFFFF, 0xFFFF, 0xFFFF, 0xFFFF, 0xFFFF, 0xFFFF,
  0xFFFF, 0xFFFF, 0xFFFF, 0xFFFF, 0xFFFF, 0xFFFF, 0xFFFF, 0xFFFF, 0xFFFF, 0xFFFF, 0xFFFF, 0xFFFF,
  0xFFFF, 0xFFFF, 0xFFFF, 0xFFFF, 0xFFFF, 0xFFFF, 0xFFFF, 0xFFFF, 0xFFFF, 0xFFFF, 0xFFFF, 0xFFFF,
  0xFFFF, 0xFFFF, 0xFFDF, 0xC5F7, 0x526A, 0x2104, 0x20E4, 0x20E4, 0x20E4, 0x20E4, 0x20E4, 0x20E4,
  0x20E4, 0x20E4, 0x20E4, 0x20E4, 0x20E4, 0x20E4, 0x20E4, 0x3165, 0x9472, 0xF77E, 0xFFFF, 0xFFFF,
  0xFFFF, 0xFFFF, 0xFFFF, 0xFFFF, 0xFFFF, 0xFFFF, 0xFFFF, 0xFFFF, 0xFFFF, 0xFFFF, 0xFFFF, 0xFFFF,
  0xFFFF, 0xFFFF, 0xFFFF, 0xFFFF, 0xFFFF, 0xFFFF, 0xFFFF, 0xFFFF, 0xFFFF, 0xFFFF, 0xFFFF, 0xFFFF,
  0xFFFF, 0xFFFF, 0xFFFF, 0xFFFF, 0xFFFF, 0xFFFF, 0xFFFF, 0xFFFF, 0xFFFF, 0xFFFF, 0xFFFF, 0xFFFF,
  0xFFFF, 0xFFFF, 0xFFFF, 0xFFFF, 0xFFFF, 0xFFFF, 0xFFFF, 0xFFFF, 0xFFFF, 0xFFFF, 0xFFFF, 0xFFFF,
  0xFFFF, 0xFFFF, 0xFFFF, 0xFFFF, 0xFFFF, 0xFFFF, 0xFFFF, 0xFFFF, 0xFFFF, 0xFFFF, 0xFFFF, 0xFFFF,
  0xFFFF, 0xFFFF, 0xFFFF, 0xFFFF, 0xFFFF, 0xFFFF, 0xFFFF, 0xFFFF, 0xFFFF, 0xFFFF, 0xFFFF, 0xFFFF,
  0xFFFF, 0xFFFF, 0xFFFF, 0xFFFF, 0xFFFF, 0xFFFF, 0xFFFF, 0xFFFF, 0xFFFF, 0xFFFF, 0xFFFF, 0xFFFF,
  0xFFFF, 0xFFFF, 0xFFFF, 0xFFFF, 0xFFFF, 0xEF7D, 0x8C51, 0x3186, 0x20E4, 0x20E4, 0x20E4, 0x20E4,
  0x20E4, 0x20E4, 0x20E4, 0x20E4, 0x20E4, 0x20E4, 0x20E4, 0x20E4, 0x20E4, 0x2104, 0x39C7, 0x94B2,
  0xEF5D, 0xFFFF, 0xFFFF, 0xFFFF, 0xFFFF, 0xFFFF, 0xFFFF, 0xFFFF, 0xFFFF, 0xFFFF, 0xFFFF, 0xFFFF,
  0xFFFF, 0xFFFF, 0xFFFF, 0xFFFF, 0xFFFF, 0xFFFF, 0xFFFF, 0xFFFF, 0xFFFF, 0xFFFF, 0xFFFF, 0xFFFF,
  0xFFFF, 0xFFFF, 0xFFFF, 0xFFFF, 0xFFFF, 0xFFFF, 0xFFFF, 0xFFFF, 0xFFFF, 0xFFFF, 0xFFFF, 0xFFFF,
  0xFFFF, 0xFFFF, 0xFFFF, 0xFFFF, 0xFFFF, 0xFFFF, 0xFFFF, 0xFFFF, 0xFFFF, 0xFFFF, 0xFFFF, 0xFFFF,
  0xFFFF, 0xFFFF, 0xFFFF, 0xFFFF, 0xFFFF, 0xFFFF, 0xFFFF, 0xFFFF, 0xFFFF, 0xFFFF, 0xFFFF, 0xFFFF,
  0xFFFF, 0xFFFF, 0xFFFF, 0xFFFF, 0xFFFF, 0xFFFF, 0xFFFF, 0xFFFF, 0xFFFF, 0xFFFF, 0xFFFF, 0xFFFF,
  0xFFFF, 0xFFFF, 0xFFFF, 0xFFFF, 0xFFFF, 0xFFFF, 0xFFFF, 0xFFFF, 0xFFFF, 0xFFFF, 0xFFFF, 0xFFFF,
  0xFFFF, 0xFFFF, 0xFFFF, 0xFFFF, 0xFFFF, 0xFFFF, 0xFFFF, 0xFFFF, 0xFFFF, 0xFFFF, 0xFFFF, 0xFFFF,
  0xFFFF, 0xFFFF, 0xFFFF, 0xFFFF, 0xFFFF, 0xFFFF, 0xFFFF, 0xFFFF, 0xFFFF, 0xFFFF, 0xFFFF, 0xFFFF,
  0xFFFF, 0xF79E, 0xB575, 0x4A28, 0x2104, 0x20E4, 0x20E4, 0x20E4, 0x20E4, 0x20E4, 0x20E4, 0x20E4,
  0x20E4, 0x20E4, 0x20E4, 0x20E4, 0x20E4, 0x20E4, 0x2945, 0x83EF, 0xEF3C, 0xFFFF, 0xFFFF, 0xFFFF,
  0xFFFF, 0xFFFF, 0xFFFF, 0xFFFF, 0xFFFF, 0xFFFF, 0xFFFF, 0xFFFF, 0xFFFF, 0xFFFF, 0xFFFF, 0xFFFF,
  0xFFFF, 0xFFFF, 0xFFFF, 0xFFFF, 0xFFFF, 0xFFFF, 0xFFFF, 0xFFFF, 0xFFFF, 0xFFFF, 0xFFFF, 0xFFFF,
  0xFFFF, 0xFFFF, 0xFFFF, 0xFFFF, 0xFFFF, 0xFFFF, 0xFFFF, 0xFFFF, 0xFFFF, 0xFFFF, 0xFFFF, 0xFFFF,
  0xFFFF, 0xFFFF, 0xFFFF, 0xFFFF, 0xFFFF, 0xFFFF, 0xFFFF, 0xFFFF, 0xFFFF, 0xFFFF, 0xFFFF, 0xFFFF,
  0xFFFF, 0xFFFF, 0xFFFF, 0xFFFF, 0xFFFF, 0xFFFF, 0xFFFF, 0xFFFF, 0xFFFF, 0xFFFF, 0xFFFF, 0xFFFF,
  0xFFFF, 0xFFFF, 0xFFFF, 0xFFFF, 0xFFFF, 0xFFFF, 0xFFFF, 0xFFFF, 0xFFFF, 0xFFFF, 0xFFFF, 0xFFFF,
  0xFFFF, 0xFFFF, 0xFFFF, 0xFFFF, 0xFFFF, 0xFFFF, 0xFFFF, 0xFFFF, 0xFFFF, 0xFFFF, 0xFFFF, 0xFFFF,
  0xFFFF, 0xFFFF, 0xFFFF, 0xFFFF, 0xFFFF, 0xFFFF, 0xEF5D, 0x83EF, 0x3165, 0x20E4, 0x20E4, 0x20E4,
  0x20E4, 0x20E4, 0x20E4, 0x20E4, 0x20E4, 0x20E4, 0x20E4, 0x20E4, 0x20E4, 0x20E4, 0x2104, 0x3186,
  0x8430, 0xE6FB, 0xFFFF, 0xFFFF, 0xFFFF, 0xFFFF, 0xFFFF, 0xFFFF, 0xFFFF, 0xFFFF, 0xFFFF, 0xFFFF,
  0xFFFF, 0xFFFF, 0xFFFF, 0xFFFF, 0xFFFF, 0xFFFF, 0xFFFF, 0xFFFF, 0xFFFF, 0xFFFF, 0xFFFF, 0xFFFF,
  0xFFFF, 0xFFFF, 0xFFFF, 0xFFFF, 0xFFFF, 0xFFFF, 0xFFFF, 0xFFFF, 0xFFFF, 0xFFFF, 0xFFFF, 0xFFFF,
  0xFFFF, 0xFFFF, 0xFFFF, 0xFFFF, 0xFFFF, 0xFFFF, 0xFFFF, 0xFFFF, 0xFFFF, 0xFFFF, 0xFFFF, 0xFFFF,
  0xFFFF, 0xFFFF, 0xFFFF, 0xFFFF, 0xFFFF, 0xFFFF, 0xFFFF, 0xFFFF, 0xFFFF, 0xFFFF, 0xFFFF, 0xFFFF,
  0xFFFF, 0xFFFF, 0xFFFF, 0xFFFF, 0xFFFF, 0xFFFF, 0xFFFF, 0xFFFF, 0xFFFF, 0xFFFF, 0xFFFF, 0xFFFF,
  0xFFFF, 0xFFFF, 0xFFFF, 0xFFFF, 0xFFFF, 0xFFFF, 0xFFFF, 0xFFFF, 0xFFFF, 0xFFFF, 0xFFFF, 0xFFFF,
  0xFFFF, 0xFFFF, 0xFFFF, 0xFFFF, 0xFFFF, 0xFFFF, 0xFFFF, 0xFFFF, 0xFFFF, 0xFFFF, 0xFFFF, 0xFFFF,
  0xFFFF, 0xFFFF, 0xFFFF, 0xFFFF, 0xFFFF, 0xFFFF, 0xFFFF, 0xFFFF, 0xFFFF, 0xFFFF, 0xFFFF, 0xFFFF,
  0xEF5D, 0x9CB2, 0x41E7, 0x2104, 0x20E4, 0x20E4, 0x20E4, 0x20E4, 0x20E4, 0x20E4, 0x20E4, 0x20E4,
  0x20E4, 0x20E4, 0x20E4, 0x20E4, 0x20E4, 0x2945, 0x738E, 0xDEFB, 0xFFFF, 0xFFFF, 0xFFFF, 0xFFFF,
  0xFFFF, 0xFFFF, 0xFFFF, 0xFFFF, 0xFFFF, 0xFFFF, 0xFFFF, 0xFFFF, 0xFFFF, 0xFFFF, 0xFFFF, 0xFFFF,
  0xFFFF, 0xFFFF, 0xFFFF, 0xFFFF, 0xFFFF, 0xFFFF, 0xFFFF, 0xFFFF, 0xFFFF, 0xFFFF, 0xFFFF, 0xFFFF,
  0xFFFF, 0xFFFF, 0xFFFF, 0xFFFF, 0xFFFF, 0xFFFF, 0xFFFF, 0xFFFF, 0xFFFF, 0xFFFF, 0xFFFF, 0xFFFF,
  0xFFFF, 0xFFFF, 0xFFFF, 0xFFFF, 0xFFFF, 0xFFFF, 0xFFFF, 0xFFFF, 0xFFFF, 0xFFFF, 0xFFFF, 0xFFFF,
  0xFFFF, 0xFFFF, 0xFFFF, 0xFFFF, 0xFFFF, 0xFFFF, 0xFFFF, 0xFFFF, 0xFFFF, 0xFFFF, 0xFFFF, 0xFFFF,
  0xFFFF, 0xFFFF, 0xFFFF, 0xFFFF, 0xFFFF, 0xFFFF, 0xFFFF, 0xFFFF, 0xFFFF, 0xFFFF, 0xFFFF, 0xFFFF,
  0xFFFF, 0xFFFF, 0xFFFF, 0xFFFF, 0xFFFF, 0xFFFF, 0xFFFF, 0xFFFF, 0xFFFF, 0xFFFF, 0xFFFF, 0xFFFF,
  0xFFFF, 0xFFFF, 0xFFFF, 0xFFFF, 0xFFFF, 0xFFFF, 0xFFFF, 0xE73C, 0x73AE, 0x3165, 0x20E4, 0x20E4,
  0x20E4, 0x20E4, 0x20E4, 0x20E4, 0x20E4, 0x20E4, 0x20E4, 0x20E4, 0x20E4, 0x20E4, 0x20E4, 0x20E4,
  0x2945, 0x6B4D, 0xCE79, 0xF7BE, 0xFFFF, 0xFFFF, 0xFFFF, 0xFFFF, 0xFFFF, 0xFFFF, 0xFFFF, 0xFFFF,
  0xFFFF, 0xFFFF, 0xFFFF, 0xFFFF, 0xFFFF, 0xFFFF, 0xFFFF, 0xFFFF, 0xFFFF, 0xFFFF, 0xFFFF, 0xFFFF,
  0xFFFF, 0xFFFF, 0xFFFF, 0xFFFF, 0xFFFF, 0xFFFF, 0xFFFF, 0xFFFF, 0xFFFF, 0xFFFF, 0xFFFF, 0xFFFF,
  0xFFFF, 0xFFFF, 0xFFFF, 0xFFFF, 0xFFFF, 0xFFFF, 0xFFFF, 0xFFFF, 0xFFFF, 0xFFFF, 0xFFFF, 0xFFFF,
  0xFFFF, 0xFFFF, 0xFFFF, 0xFFFF, 0xFFFF, 0xFFFF, 0xFFFF, 0xFFFF, 0xFFFF, 0xFFFF, 0xFFFF, 0xFFFF,
  0xFFFF, 0xFFFF, 0xFFFF, 0xFFFF, 0xFFFF, 0xFFFF, 0xFFFF, 0xFFFF, 0xFFFF, 0xFFFF, 0xFFFF, 0xFFFF,
  0xFFFF, 0xFFFF, 0xFFFF, 0xFFFF, 0xFFFF, 0xFFFF, 0xFFFF, 0xFFFF, 0xFFFF, 0xFFFF, 0xFFFF, 0xFFFF,
  0xFFFF, 0xFFFF, 0xFFFF, 0xFFFF, 0xFFFF, 0xFFFF, 0xFFFF, 0xFFFF, 0xFFFF, 0xFFFF, 0xFFFF, 0xFFFF,
  0xFFFF, 0xFFFF, 0xFFFF, 0xFFFF, 0xFFFF, 0xFFFF, 0xFFFF, 0xFFFF, 0xFFFF, 0xFFFF, 0xFFDF, 0xDEFB,
  0x7BCF, 0x3186, 0x2104, 0x20E4, 0x20E4, 0x20E4, 0x20E4, 0x20E4, 0x20E4, 0x20E4, 0x20E4, 0x20E4,
  0x20E4, 0x20E4, 0x20E4, 0x20E4, 0x2925, 0x736D, 0xDEDB, 0xFFFF, 0xFFFF, 0xFFFF, 0xFFFF, 0xFFFF,
  0xFFFF, 0xFFFF, 0xFFFF, 0xFFFF, 0xFFFF, 0xFFFF, 0xFFFF, 0xFFFF, 0xFFFF, 0xFFFF, 0xFFFF, 0xFFFF,
  0xFFFF, 0xFFFF, 0xFFFF, 0xFFFF, 0xFFFF, 0xFFFF, 0xFFFF, 0xFFFF, 0xFFFF, 0xFFFF, 0xFFFF, 0xFFFF,
  0xFFFF, 0xFFFF, 0xFFFF, 0xFFFF, 0xFFFF, 0xFFFF, 0xFFFF, 0xFFFF, 0xFFFF, 0xFFFF, 0xFFFF, 0xFFFF,
  0xFFFF, 0xFFFF, 0xFFFF, 0xFFFF, 0xFFFF, 0xFFFF, 0xFFFF, 0xFFFF, 0xFFFF, 0xFFFF, 0xFFFF, 0xFFFF,
  0xFFFF, 0xFFFF, 0xFFFF, 0xFFFF, 0xFFFF, 0xFFFF, 0xFFFF, 0xFFFF, 0xFFFF, 0xFFFF, 0xFFFF, 0xFFFF,
  0xFFFF, 0xFFFF, 0xFFFF, 0xFFFF, 0xFFFF, 0xFFFF, 0xFFFF, 0xFFFF, 0xFFFF, 0xFFFF, 0xFFFF, 0xFFFF,
  0xFFFF, 0xFFFF, 0xFFFF, 0xFFFF, 0xFFFF, 0xFFFF, 0xFFFF, 0xFFFF, 0xFFFF, 0xFFFF, 0xFFFF, 0xFFFF,
  0xFFFF, 0xFFFF, 0xFFFF, 0xFFFF, 0xFFFF, 0xFFFF, 0xFFFF, 0xFFFF, 0xE71C, 0x736D, 0x2945, 0x20E4,
  0x20E4, 0x20E4, 0x20E4, 0x20E4, 0x20E4, 0x20E4, 0x20E4, 0x20E4, 0x20E4, 0x20E4, 0x20E4, 0x20E4,
  0x20E4, 0x2924, 0x528A, 0xBDD7, 0xF79E, 0xFFFF, 0xFFFF, 0xFFFF, 0xFFFF, 0xFFFF, 0xFFFF, 0xFFFF,
  0xFFFF, 0xFFFF, 0xFFFF, 0xFFFF, 0xFFFF, 0xFFFF, 0xFFFF, 0xFFFF, 0xFFFF, 0xFFFF, 0xFFFF, 0xFFFF,
  0xFFFF, 0xFFFF, 0xFFFF, 0xFFFF, 0xFFFF, 0xFFFF, 0xFFFF, 0xFFFF, 0xFFFF, 0xFFFF, 0xFFFF, 0xFFFF,
  0xFFFF, 0xFFFF, 0xFFFF, 0xFFFF, 0xFFFF, 0xFFFF, 0xFFFF, 0xFFFF, 0xFFFF, 0xFFFF, 0xFFFF, 0xFFFF,
  0xFFFF, 0xFFFF, 0xFFFF, 0xFFFF, 0xFFFF, 0xFFFF, 0xFFFF, 0xFFFF, 0xFFFF, 0xFFFF, 0xFFFF, 0xFFFF,
  0xFFFF, 0xFFFF, 0xFFFF, 0xFFFF, 0xFFFF, 0xFFFF, 0xFFFF, 0xFFFF, 0xFFFF, 0xFFFF, 0xFFFF, 0xFFFF,
  0xFFFF, 0xFFFF, 0xFFFF, 0xFFFF, 0xFFFF, 0xFFFF, 0xFFFF, 0xFFFF, 0xFFFF, 0xFFFF, 0xFFFF, 0xFFFF,
  0xFFFF, 0xFFFF, 0xFFFF, 0xFFFF, 0xFFFF, 0xFFFF, 0xFFFF, 0xFFFF, 0xFFFF, 0xFFFF, 0xFFFF, 0xFFFF,
  0xFFFF, 0xFFFF, 0xFFFF, 0xFFFF, 0xFFFF, 0xFFFF, 0xFFFF, 0xFFFF, 0xFFFF, 0xF7BE, 0xCE59, 0x6B2C,
  0x2945, 0x20E4, 0x20E4, 0x20E4, 0x20E4, 0x20E4, 0x20E4, 0x20E4, 0x20E4, 0x20E4, 0x20E4, 0x20E4,
  0x20E4, 0x20E4, 0x20E4, 0x2945, 0x6B4D, 0xDEDB, 0xFFFF, 0xFFFF, 0xFFFF, 0xFFFF, 0xFFFF, 0xFFFF,
  0xFFFF, 0xFFFF, 0xFFFF, 0xFFFF, 0xFFFF, 0xFFFF, 0xFFFF, 0xFFFF, 0xFFFF, 0xFFFF, 0xFFFF, 0xFFFF,
  0xFFFF, 0xFFFF, 0xFFFF, 0xFFFF, 0xFFFF, 0xFFFF, 0xFFFF, 0xFFFF, 0xFFFF, 0xFFFF, 0xFFFF, 0xFFFF,
  0xFFFF, 0xFFFF, 0xFFFF, 0xFFFF, 0xFFFF, 0xFFFF, 0xFFFF, 0xFFFF, 0xFFFF, 0xFFFF, 0xFFFF, 0xFFFF,
  0xFFFF, 0xFFFF, 0xFFFF, 0xFFFF, 0xFFFF, 0xFFFF, 0xFFFF, 0xFFFF, 0xFFFF, 0xFFFF, 0xFFFF, 0xFFFF,
  0xFFFF, 0xFFFF, 0xFFFF, 0xFFFF, 0xFFFF, 0xFFFF, 0xFFFF, 0xFFFF, 0xFFFF, 0xFFFF, 0xFFFF, 0xFFFF,
  0xFFFF, 0xFFFF, 0xFFFF, 0xFFFF, 0xFFFF, 0xFFFF, 0xFFFF, 0xFFFF, 0xFFFF, 0xFFFF, 0xFFFF, 0xFFFF,
  0xFFFF, 0xFFFF, 0xFFFF, 0xFFFF, 0xFFFF, 0xFFFF, 0xFFFF, 0xFFFF, 0xFFFF, 0xFFFF, 0xFFFF, 0xFFFF,
  0xFFFF, 0xFFFF, 0xFFFF, 0xFFFF, 0xFFFF, 0xFFFF, 0xFFFF, 0xFFFF, 0xFFFF, 0xE71C, 0x738E, 0x2945,
  0x20E4, 0x20E4, 0x20E4, 0x20E4, 0x20E4, 0x20E4, 0x20E4, 0x20E4, 0x20E4, 0x20E4, 0x20E4, 0x20E4,
  0x20E4, 0x20E4, 0x2104, 0x39C7, 0x9CD3, 0xE71C, 0xFFFF, 0xFFFF, 0xFFFF, 0xFFFF, 0xFFFF, 0xFFFF,
  0xFFFF, 0xFFFF, 0xFFFF, 0xFFFF, 0xFFFF, 0xFFFF, 0xFFFF, 0xFFFF, 0xFFFF, 0xFFFF, 0xFFFF, 0xFFFF,
  0xFFFF, 0xFFFF, 0xFFFF, 0xFFFF, 0xFFFF, 0xFFFF, 0xFFFF, 0xFFFF, 0xFFFF, 0xFFFF, 0xFFFF, 0xFFFF,
  0xFFFF, 0xFFFF, 0xFFFF, 0xFFFF, 0xFFFF, 0xFFFF, 0xFFFF, 0xFFFF, 0xFFFF, 0xFFFF, 0xFFFF, 0xFFFF,
  0xFFFF, 0xFFFF, 0xFFFF, 0xFFFF, 0xFFFF, 0xFFFF, 0xFFFF, 0xFFFF, 0xFFFF, 0xFFFF, 0xFFFF, 0xFFFF,
  0xFFFF, 0xFFFF, 0xFFFF, 0xFFFF, 0xFFFF, 0xFFFF, 0xFFFF, 0xFFFF, 0xFFFF, 0xFFFF, 0xFFFF, 0xFFFF,
  0xFFFF, 0xFFFF, 0xFFFF, 0xFFFF, 0xFFFF, 0xFFFF, 0xFFFF, 0xFFFF, 0xFFFF, 0xFFFF, 0xFFFF, 0xFFFF,
  0xFFFF, 0xFFFF, 0xFFFF, 0xFFFF, 0xFFFF, 0xFFFF, 0xFFFF, 0xFFFF, 0xFFFF, 0xFFFF, 0xFFFF, 0xFFFF,
  0xFFFF, 0xFFFF, 0xFFFF, 0xFFFF, 0xFFFF, 0xFFFF, 0xFFFF, 0xFFFF, 0xEF7D, 0xAD75, 0x4A49, 0x2104,
  0x20E4, 0x20E4, 0x20E4, 0x20E4, 0x20E4, 0x20E4, 0x20E4, 0x20E4, 0x20E4, 0x20E4, 0x20E4, 0x20E4,
  0x20E4, 0x20E4, 0x2945, 0x6B4D, 0xDEDB, 0xFFFF, 0xFFFF, 0xFFFF, 0xFFFF, 0xFFFF, 0xFFFF, 0xFFFF,
  0xFFFF, 0xFFFF, 0xFFFF, 0xFFFF, 0xFFFF, 0xFFFF, 0xFFFF, 0xFFFF, 0xFFFF, 0xFFFF, 0xFFFF, 0xFFFF,
  0xFFFF, 0xFFFF, 0xFFFF, 0xFFFF, 0xFFFF, 0xFFFF, 0xFFFF, 0xFFFF, 0xFFFF, 0xFFFF, 0xFFFF, 0xFFFF,
  0xFFFF, 0xFFFF, 0xFFFF, 0xFFFF, 0xFFFF, 0xFFFF, 0xFFFF, 0xFFFF, 0xFFFF, 0xFFFF, 0xFFFF, 0xFFFF,
  0xFFFF, 0xFFFF, 0xFFFF, 0xFFFF, 0xFFFF, 0xFFFF, 0xFFFF, 0xFFFF, 0xFFFF, 0xFFFF, 0xFFFF, 0xFFFF,
  0xFFFF, 0xFFFF, 0xFFFF, 0xFFFF, 0xFFFF, 0xFFFF, 0xFFFF, 0xFFFF, 0xFFFF, 0xFFFF, 0xFFFF, 0xFFFF,
  0xFFFF, 0xFFFF, 0xFFFF, 0xFFFF, 0xFFFF, 0xFFFF, 0xFFFF, 0xFFFF, 0xFFFF, 0xFFFF, 0xFFFF, 0xFFFF,
  0xFFFF, 0xFFFF, 0xFFFF, 0xFFFF, 0xFFFF, 0xFFFF, 0xFFFF, 0xFFFF, 0xFFFF, 0xFFFF, 0xFFFF, 0xFFFF,
  0xFFFF, 0xFFFF, 0xFFFF, 0xFFFF, 0xFFFF, 0xFFFF, 0xFFFF, 0xFFFF, 0xFFFF, 0xFFFF, 0xE71C, 0x73AE,
  0x2945, 0x20E4, 0x20E4, 0x20E4, 0x20E4, 0x20E4, 0x20E4, 0x20E4, 0x20E4, 0x20E4, 0x20E4, 0x20E4,
  0x20E4, 0x20E4, 0x20E4, 0x20E4, 0x2945, 0x738E, 0xCE59, 0xF7BE, 0xFFFF, 0xFFFF, 0xFFFF, 0xFFFF,
  0xFFFF, 0xFFFF, 0xFFFF, 0xFFFF, 0xFFFF, 0xFFFF, 0xFFFF, 0xFFFF, 0xFFFF, 0xFFFF, 0xFFFF, 0xFFFF,
  0xFFFF, 0xFFFF, 0xFFFF, 0xFFFF, 0xFFFF, 0xFFFF, 0xFFFF, 0xFFFF, 0xFFFF, 0xFFFF, 0xFFFF, 0xFFFF,
  0xFFFF, 0xFFFF, 0xFFFF, 0xFFFF, 0xFFFF, 0xFFFF, 0xFFFF, 0xFFFF, 0xFFFF, 0xFFFF, 0xFFFF, 0xFFFF,
  0xFFFF, 0xFFFF, 0xFFFF, 0xFFFF, 0xFFFF, 0xFFFF, 0xFFFF, 0xFFFF, 0xFFFF, 0xFFFF, 0xFFFF, 0xFFFF,
  0xFFFF, 0xFFFF, 0xFFFF, 0xFFFF, 0xFFFF, 0xFFFF, 0xFFFF, 0xFFFF, 0xFFFF, 0xFFFF, 0xFFFF, 0xFFFF,
  0xFFFF, 0xFFFF, 0xFFFF, 0xFFFF, 0xFFFF, 0xFFFF, 0xFFFF, 0xFFFF, 0xFFFF, 0xFFFF, 0xFFFF, 0xFFFF,
  0xFFFF, 0xFFFF, 0xFFFF, 0xFFFF, 0xFFFF, 0xFFFF, 0xFFFF, 0xFFFF, 0xFFFF, 0xFFFF, 0xFFFF, 0xFFFF,
  0xFFFF, 0xFFFF, 0xFFFF, 0xFFFF, 0xFFFF, 0xFFFF, 0xFFDF, 0xDEDB, 0x8C51, 0x39A6, 0x20E4, 0x20E4,
  0x20E4, 0x20E4, 0x20E4, 0x20E4, 0x20E4, 0x20E4, 0x20E4, 0x20E4, 0x20E4, 0x20E4, 0x20E4, 0x20E4,
  0x20E4, 0x2945, 0x6B4D, 0xD6BA, 0xFFFF, 0xFFFF, 0xFFFF, 0xFFFF, 0xFFFF, 0xFFFF, 0xFFFF, 0xFFFF,
  0xFFFF, 0xFFFF, 0xFFFF, 0xFFFF, 0xFFFF, 0xFFFF, 0xFFFF, 0xFFFF, 0xFFFF, 0xFFFF, 0xFFFF, 0xFFFF,
  0xFFFF, 0xFFFF, 0xFFFF, 0xFFFF, 0xFFFF, 0xFFFF, 0xFFFF, 0xFFFF, 0xFFFF, 0xFFFF, 0xFFFF, 0xFFFF,
  0xFFFF, 0xFFFF, 0xFFFF, 0xFFFF, 0xFFFF, 0xFFFF, 0xFFFF, 0xFFFF, 0xFFFF, 0xFFFF, 0xFFFF, 0xFFFF,
  0xFFFF, 0xFFFF, 0xFFFF, 0xFFFF, 0xFFFF, 0xFFFF, 0xFFFF, 0xFFFF, 0xFFFF, 0xFFFF, 0xFFFF, 0xFFFF,
  0xFFFF, 0xFFFF, 0xFFFF, 0xFFFF, 0xFFFF, 0xFFFF, 0xFFFF, 0xFFFF, 0xFFFF, 0xFFFF, 0xFFFF, 0xFFFF,
  0xFFFF, 0xFFFF, 0xFFFF, 0xFFFF, 0xFFFF, 0xFFFF, 0xFFFF, 0xFFFF, 0xFFFF, 0xFFFF, 0xFFFF, 0xFFFF,
  0xFFFF, 0xFFFF, 0xFFFF, 0xFFFF, 0xFFFF, 0xFFFF, 0xFFFF, 0xFFFF, 0xFFFF, 0xFFFF, 0xFFFF, 0xFFFF,
  0xFFFF, 0xFFFF, 0xFFFF, 0xFFFF, 0xFFFF, 0xFFFF, 0xFFFF, 0xFFFF, 0xFFFF, 0xFFFF, 0xFFFF, 0xE71C,
  0x7BCF, 0x3165, 0x20E4, 0x20E4, 0x20E4, 0x20E4, 0x20E4, 0x20E4, 0x20E4, 0x20E4, 0x20E4, 0x20E4,
  0x20E4, 0x20E4, 0x20E4, 0x20E4, 0x20E4, 0x2924, 0x5269, 0xA534, 0xEF5D, 0xFFFF, 0xFFFF, 0xFFFF,
  0xFFFF, 0xFFFF, 0xFFFF, 0xFFFF, 0xFFFF, 0xFFFF, 0xFFFF, 0xFFFF, 0xFFFF, 0xFFFF, 0xFFFF, 0xFFFF,
  0xFFFF, 0xFFFF, 0xFFFF, 0xFFFF, 0xFFFF, 0xFFFF, 0xFFFF, 0xFFFF, 0xFFFF, 0xFFFF, 0xFFFF, 0xFFFF,
  0xFFFF, 0xFFFF, 0xFFFF, 0xFFFF, 0xFFFF, 0xFFFF, 0xFFFF, 0xFFFF, 0xFFFF, 0xFFFF, 0xFFFF, 0xFFFF,
  0xFFFF, 0xFFFF, 0xFFFF, 0xFFFF, 0xFFFF, 0xFFFF, 0xFFFF, 0xFFFF, 0xFFFF, 0xFFFF, 0xFFFF, 0xFFFF,
  0xFFFF, 0xFFFF, 0xFFFF, 0xFFFF, 0xFFFF, 0xFFFF, 0xFFFF, 0xFFFF, 0xFFFF, 0xFFFF, 0xFFFF, 0xFFFF,
  0xFFFF, 0xFFFF, 0xFFFF, 0xFFFF, 0xFFFF, 0xFFFF, 0xFFFF, 0xFFFF, 0xFFFF, 0xFFFF, 0xFFFF, 0xFFFF,
  0xFFFF, 0xFFFF, 0xFFFF, 0xFFFF, 0xFFFF, 0xFFFF, 0xFFFF, 0xFFFF, 0xFFFF, 0xFFFF, 0xFFFF, 0xFFFF,
  0xFFFF, 0xFFFF, 0xFFFF, 0xFFFF, 0xFFFF, 0xF79E, 0xB5B6, 0x630C, 0x2945, 0x20E4, 0x20E4, 0x20E4,
  0x20E4, 0x20E4, 0x20E4, 0x20E4, 0x20E4, 0x20E4, 0x20E4, 0x20E4, 0x20E4, 0x20E4, 0x20E4, 0x20E4,
  0x2965, 0x73AE, 0xDEDB, 0xFFFF, 0xFFFF, 0xFFFF, 0xFFFF, 0xFFFF, 0xFFFF, 0xFFFF, 0xFFFF, 0xFFFF,
  0xFFFF, 0xFFFF, 0xFFFF, 0xFFFF, 0xFFFF, 0xFFFF, 0xFFFF, 0xFFFF, 0xFFFF, 0xFFFF, 0xFFFF, 0xFFFF,
  0xFFFF, 0xFFFF, 0xFFFF, 0xFFFF, 0xFFFF, 0xFFFF, 0xFFFF, 0xFFFF, 0xFFFF, 0xFFFF, 0xFFFF, 0xFFFF,
  0xFFFF, 0xFFFF, 0xFFFF, 0xFFFF, 0xFFFF, 0xFFFF, 0xFFFF, 0xFFFF, 0xFFFF, 0xFFFF, 0xFFFF, 0xFFFF,
  0xFFFF, 0xFFFF, 0xFFFF, 0xFFFF, 0xFFFF, 0xFFFF, 0xFFFF, 0xFFFF, 0xFFFF, 0xFFFF, 0xFFFF, 0xFFFF,
  0xFFFF, 0xFFFF, 0xFFFF, 0xFFFF, 0xFFFF, 0xFFFF, 0xFFFF, 0xFFFF, 0xFFFF, 0xFFFF, 0xFFFF, 0xFFFF,
  0xFFFF, 0xFFFF, 0xFFFF, 0xFFFF, 0xFFFF, 0xFFFF, 0xFFFF, 0xFFFF, 0xFFFF, 0xFFFF, 0xFFFF, 0xFFFF,
  0xFFFF, 0xFFFF, 0xFFFF, 0xFFFF, 0xFFFF, 0xFFFF, 0xFFFF, 0xFFFF, 0xFFFF, 0xFFFF, 0xFFFF, 0xFFFF,
  0xFFFF, 0xFFFF, 0xFFFF, 0xFFFF, 0xFFFF, 0xFFFF, 0xFFFF, 0xFFFF, 0xFFFF, 0xFFFF, 0xFFFF, 0xFFFF,
  0xE71C, 0x8430, 0x3186, 0x20E4, 0x20E4, 0x20E4, 0x20E4, 0x20E4, 0x20E4, 0x20E4, 0x20E4, 0x20E4,
  0x20E4, 0x20E4, 0x20E4, 0x20E4, 0x20E4, 0x20E4, 0x2104, 0x39A6, 0x7BCF, 0xCE79, 0xFFDF, 0xFFFF,
  0xFFFF, 0xFFFF, 0xFFFF, 0xFFFF, 0xFFFF, 0xFFFF, 0xFFFF, 0xFFFF, 0xFFFF, 0xFFFF, 0xFFFF, 0xFFFF,
  0xFFFF, 0xFFFF, 0xFFFF, 0xFFFF, 0xFFFF, 0xFFFF, 0xFFFF, 0xFFFF, 0xFFFF, 0xFFFF, 0xFFFF, 0xFFFF,
  0xFFFF, 0xFFFF, 0xFFFF, 0xFFFF, 0xFFFF, 0xFFFF, 0xFFFF, 0xFFFF, 0xFFFF, 0xFFFF, 0xFFFF, 0xFFFF,
  0xFFFF, 0xFFFF, 0xFFFF, 0xFFFF, 0xFFFF, 0xFFFF, 0xFFFF, 0xFFFF, 0xFFFF, 0xFFFF, 0xFFFF, 0xFFFF,
  0xFFFF, 0xFFFF, 0xFFFF, 0xFFFF, 0xFFFF, 0xFFFF, 0xFFFF, 0xFFFF, 0xFFFF, 0xFFFF, 0xFFFF, 0xFFFF,
  0xFFFF, 0xFFFF, 0xFFFF, 0xFFFF, 0xFFFF, 0xFFFF, 0xFFFF, 0xFFFF, 0xFFFF, 0xFFFF, 0xFFFF, 0xFFFF,
  0xFFFF, 0xFFFF, 0xFFFF, 0xFFFF, 0xFFFF, 0xFFFF, 0xFFFF, 0xFFFF, 0xFFFF, 0xFFFF, 0xFFFF, 0xFFFF,
  0xFFFF, 0xFFFF, 0xFFFF, 0xFFFF, 0xD6BA, 0x8430, 0x4208, 0x20E4, 0x20E4, 0x20E4, 0x20E4, 0x20E4,
  0x20E4, 0x20E4, 0x20E4, 0x20E4, 0x20E4, 0x20E4, 0x20E4, 0x20E4, 0x20E4, 0x20E4, 0x20E4, 0x3166,
  0x8410, 0xDEFB, 0xFFFF, 0xFFFF, 0xFFFF, 0xFFFF, 0xFFFF, 0xFFFF, 0xFFFF, 0xFFFF, 0xFFFF, 0xFFFF,
  0xFFFF, 0xFFFF, 0xFFFF, 0xFFFF, 0xFFFF, 0xFFFF, 0xFFFF, 0xFFFF, 0xFFFF, 0xFFFF, 0xFFFF, 0xFFFF,
  0xFFFF, 0xFFFF, 0xFFFF, 0xFFFF, 0xFFFF, 0xFFFF, 0xFFFF, 0xFFFF, 0xFFFF, 0xFFFF, 0xFFFF, 0xFFFF,
  0xFFFF, 0xFFFF, 0xFFFF, 0xFFFF, 0xFFFF, 0xFFFF, 0xFFFF, 0xFFFF, 0xFFFF, 0xFFFF, 0xFFFF, 0xFFFF,
  0xFFFF, 0xFFFF, 0xFFFF, 0xFFFF, 0xFFFF, 0xFFFF, 0xFFFF, 0xFFFF, 0xFFFF, 0xFFFF, 0xFFFF, 0xFFFF,
  0xFFFF, 0xFFFF, 0xFFFF, 0xFFFF, 0xFFFF, 0xFFFF, 0xFFFF, 0xFFFF, 0xFFFF, 0xFFFF, 0xFFFF, 0xFFFF,
  0xFFFF, 0xFFFF, 0xFFFF, 0xFFFF, 0xFFFF, 0xFFFF, 0xFFFF, 0xFFFF, 0xFFFF, 0xFFFF, 0xFFFF, 0xFFFF,
  0xFFFF, 0xFFFF, 0xFFFF, 0xFFFF, 0xFFFF, 0xFFFF, 0xFFFF, 0xFFFF, 0xFFFF, 0xFFFF, 0xFFFF, 0xFFFF,
  0xFFFF, 0xFFFF, 0xFFFF, 0xFFFF, 0xFFFF, 0xFFFF, 0xFFFF, 0xFFFF, 0xFFFF, 0xFFFF, 0xFFFF, 0xFFFF,
  0xFFFF, 0xEF5D, 0x94B2, 0x39A6, 0x20E4, 0x20E4, 0x20E4, 0x20E4, 0x20E4, 0x20E4, 0x20E4, 0x20E4,
  0x20E4, 0x20E4, 0x20E4, 0x20E4, 0x20E4, 0x20E4, 0x20E4, 0x20E4, 0x2924, 0x4A49, 0x9CD3, 0xEF5D,
  0xFFFF, 0xFFFF, 0xFFFF, 0xFFFF, 0xFFFF, 0xFFFF, 0xFFFF, 0xFFFF, 0xFFFF, 0xFFFF, 0xFFFF, 0xFFFF,
  0xFFFF, 0xFFFF, 0xFFFF, 0xFFFF, 0xFFFF, 0xFFFF, 0xFFFF, 0xFFFF, 0xFFFF, 0xFFFF, 0xFFFF, 0xFFFF,
  0xFFFF, 0xFFFF, 0xFFFF, 0xFFFF, 0xFFFF, 0xFFFF, 0xFFFF, 0xFFFF, 0xFFFF, 0xFFFF, 0xFFFF, 0xFFFF,
  0xFFFF, 0xFFFF, 0xFFFF, 0xFFFF, 0xFFFF, 0xFFFF, 0xFFFF, 0xFFFF, 0xFFFF, 0xFFFF, 0xFFFF, 0xFFFF,
  0xFFFF, 0xFFFF, 0xFFFF, 0xFFFF, 0xFFFF, 0xFFFF, 0xFFFF, 0xFFFF, 0xFFFF, 0xFFFF, 0xFFFF, 0xFFFF,
  0xFFFF, 0xFFFF, 0xFFFF, 0xFFFF, 0xFFFF, 0xFFFF, 0xFFFF, 0xFFFF, 0xFFFF, 0xFFFF, 0xFFFF, 0xFFFF,
  0xFFFF, 0xFFFF, 0xFFFF, 0xFFFF, 0xFFFF, 0xFFFF, 0xFFFF, 0xFFFF, 0xFFFF, 0xFFFF, 0xFFFF, 0xFFFF,
  0xFFFF, 0xFFFF, 0xF79E, 0xAD55, 0x5ACB, 0x2945, 0x20E4, 0x20E4, 0x20E4, 0x20E4, 0x20E4, 0x20E4,
  0x20E4, 0x20E4, 0x20E4, 0x20E4, 0x20E4, 0x20E4, 0x20E4, 0x20E4, 0x20E4, 0x20E4, 0x3166, 0x8C71,
  0xEF3D, 0xFFFF, 0xFFFF, 0xFFFF, 0xFFFF, 0xFFFF, 0xFFFF, 0xFFFF, 0xFFFF, 0xFFFF, 0xFFFF, 0xFFFF,
  0xFFFF, 0xFFFF, 0xFFFF, 0xFFFF, 0xFFFF, 0xFFFF, 0xFFFF, 0xFFFF, 0xFFFF, 0xFFFF, 0xFFFF, 0xFFFF,
  0xFFFF, 0xFFFF, 0xFFFF, 0xFFFF, 0xFFFF, 0xFFFF, 0xFFFF, 0xFFFF, 0xFFFF, 0xFFFF, 0xFFFF, 0xFFFF,
  0xFFFF, 0xFFFF, 0xFFFF, 0xFFFF, 0xFFFF, 0xFFFF, 0xFFFF, 0xFFFF, 0xFFFF, 0xFFFF, 0xFFFF, 0xFFFF,
  0xFFFF, 0xFFFF, 0xFFFF, 0xFFFF, 0xFFFF, 0xFFFF, 0xFFFF, 0xFFFF, 0xFFFF, 0xFFFF, 0xFFFF, 0xFFFF,
  0xFFFF, 0xFFFF, 0xFFFF, 0xFFFF, 0xFFFF, 0xFFFF, 0xFFFF, 0xFFFF, 0xFFFF, 0xFFFF, 0xFFFF, 0xFFFF,
  0xFFFF, 0xFFFF, 0xFFFF, 0xFFFF, 0xFFFF, 0xFFFF, 0xFFFF, 0xFFFF, 0xFFFF, 0xFFFF, 0xFFFF, 0xFFFF,
  0xFFFF, 0xFFFF, 0xFFFF, 0xFFFF, 0xFFFF, 0xFFFF, 0xFFFF, 0xFFFF, 0xFFFF, 0xFFFF, 0xFFFF, 0xFFFF,
  0xFFFF, 0xFFFF, 0xFFFF, 0xFFFF, 0xFFFF, 0xFFFF, 0xFFFF, 0xFFFF, 0xFFFF, 0xFFFF, 0xFFFF, 0xFFFF,
  0xFFFF, 0xFFFF, 0xEF7D, 0xA534, 0x41E7, 0x2104, 0x20E4, 0x20E4, 0x20E4, 0x20E4, 0x20E4, 0x20E4,
  0x20E4, 0x20E4, 0x20E4, 0x20E4, 0x20E4, 0x20E4, 0x20E4, 0x20E4, 0x20E4, 0x20E4, 0x3186, 0x630C,
  0xBDD7, 0xF7BE, 0xFFFF, 0xFFFF, 0xFFFF, 0xFFFF, 0xFFFF, 0xFFFF, 0xFFFF, 0xFFFF, 0xFFFF, 0xFFFF,
  0xFFFF, 0xFFFF, 0xFFFF, 0xFFFF, 0xFFFF, 0xFFFF, 0xFFFF, 0xFFFF, 0xFFFF, 0xFFFF, 0xFFFF, 0xFFFF,
  0xFFFF, 0xFFFF, 0xFFFF, 0xFFFF, 0xFFFF, 0xFFFF, 0xFFFF, 0xFFFF, 0xFFFF, 0xFFFF, 0xFFFF, 0xFFFF,
  0xFFFF, 0xFFFF, 0xFFFF, 0xFFFF, 0xFFFF, 0xFFFF, 0xFFFF, 0xFFFF, 0xFFFF, 0xFFFF, 0xFFFF, 0xFFFF,
  0xFFFF, 0xFFFF, 0xFFFF, 0xFFFF, 0xFFFF, 0xFFFF, 0xFFFF, 0xFFFF, 0xFFFF, 0xFFFF, 0xFFFF, 0xFFFF,
  0xFFFF, 0xFFFF, 0xFFFF, 0xFFFF, 0xFFFF, 0xFFFF, 0xFFFF, 0xFFFF, 0xFFFF, 0xFFFF, 0xFFFF, 0xFFFF,
  0xFFFF, 0xFFFF, 0xFFFF, 0xFFFF, 0xFFFF, 0xFFFF, 0xFFFF, 0xFFFF, 0xFFFF, 0xFFFF, 0xFFFF, 0xFFFF,
  0xFFDF, 0xC638, 0x736D, 0x39C7, 0x2104, 0x20E4, 0x20E4, 0x20E4, 0x20E4, 0x20E4, 0x20E4, 0x20E4,
  0x20E4, 0x20E4, 0x20E4, 0x20E4, 0x20E4, 0x20E4, 0x20E4, 0x20E4, 0x2104, 0x39C7, 0xA514, 0xEF5D,
  0xFFFF, 0xFFFF, 0xFFFF, 0xFFFF, 0xFFFF, 0xFFFF, 0xFFFF, 0xFFFF, 0xFFFF, 0xFFFF, 0xFFFF, 0xFFFF,
  0xFFFF, 0xFFFF, 0xFFFF, 0xFFFF, 0xFFFF, 0xFFFF, 0xFFFF, 0xFFFF, 0xFFFF, 0xFFFF, 0xFFFF, 0xFFFF,
  0xFFFF, 0xFFFF, 0xFFFF, 0xFFFF, 0xFFFF, 0xFFFF, 0xFFFF, 0xFFFF, 0xFFFF, 0xFFFF, 0xFFFF, 0xFFFF,
  0xFFFF, 0xFFFF, 0xFFFF, 0xFFFF, 0xFFFF, 0xFFFF, 0xFFFF, 0xFFFF, 0xFFFF, 0xFFFF, 0xFFFF, 0xFFFF,
  0xFFFF, 0xFFFF, 0xFFFF, 0xFFFF, 0xFFFF, 0xFFFF, 0xFFFF, 0xFFFF, 0xFFFF, 0xFFFF, 0xFFFF, 0xFFFF,
  0xFFFF, 0xFFFF, 0xFFFF, 0xFFFF, 0xFFFF, 0xFFFF, 0xFFFF, 0xFFFF, 0xFFFF, 0xFFFF, 0xFFFF, 0xFFFF,
  0xFFFF, 0xFFFF, 0xFFFF, 0xFFFF, 0xFFFF, 0xFFFF, 0xFFFF, 0xFFFF, 0xFFFF, 0xFFFF, 0xFFFF, 0xFFFF,
  0xFFFF, 0xFFFF, 0xFFFF, 0xFFFF, 0xFFFF, 0xFFFF, 0xFFFF, 0xFFFF, 0xFFFF, 0xFFFF, 0xFFFF, 0xFFFF,
  0xFFFF, 0xFFFF, 0xFFFF, 0xFFFF, 0xFFFF, 0xFFFF, 0xFFFF, 0xFFFF, 0xFFFF, 0xFFFF, 0xFFFF, 0xFFFF,
  0xFFFF, 0xFFFF, 0xFFFF, 0xF79E, 0xB5B6, 0x4A69, 0x2924, 0x20E4, 0x20E4, 0x20E4, 0x20E4, 0x20E4,
  0x20E4, 0x20E4, 0x20E4, 0x20E4, 0x20E4, 0x20E4, 0x20E4, 0x20E4, 0x20E4, 0x20E4, 0x20E4, 0x2924,
  0x41E7, 0x7BCF, 0xCE79, 0xF7BE, 0xFFFF, 0xFFFF, 0xFFFF, 0xFFFF, 0xFFFF, 0xFFFF, 0xFFFF, 0xFFFF,
  0xFFFF, 0xFFFF, 0xFFFF, 0xFFFF, 0xFFFF, 0xFFFF, 0xFFFF, 0xFFFF, 0xFFFF, 0xFFFF, 0xFFFF, 0xFFFF,
  0xFFFF, 0xFFFF, 0xFFFF, 0xFFFF, 0xFFFF, 0xFFFF, 0xFFFF, 0xFFFF, 0xFFFF, 0xFFFF, 0xFFFF, 0xFFFF,
  0xFFFF, 0xFFFF, 0xFFFF, 0xFFFF, 0xFFFF, 0xFFFF, 0xFFFF, 0xFFFF, 0xFFFF, 0xFFFF, 0xFFFF, 0xFFFF,
  0xFFFF, 0xFFFF, 0xFFFF, 0xFFFF, 0xFFFF, 0xFFFF, 0xFFFF, 0xFFFF, 0xFFFF, 0xFFFF, 0xFFFF, 0xFFFF,
  0xFFFF, 0xFFFF, 0xFFFF, 0xFFFF, 0xFFFF, 0xFFFF, 0xFFFF, 0xFFFF, 0xFFFF, 0xFFFF, 0xFFFF, 0xFFFF,
  0xFFFF, 0xFFFF, 0xFFFF, 0xFFFF, 0xFFFF, 0xFFFF, 0xFFFF, 0xFFFF, 0xFFFF, 0xFFFF, 0xF7BE, 0xDEDB,
  0x8C51, 0x4A28, 0x2924, 0x20E4, 0x20E4, 0x20E4, 0x20E4, 0x20E4, 0x20E4, 0x20E4, 0x20E4, 0x20E4,
  0x20E4, 0x20E4, 0x20E4, 0x20E4, 0x20E4, 0x20E4, 0x20E4, 0x2104, 0x4A49, 0xB596, 0xF79E, 0xFFFF,
  0xFFFF, 0xFFFF, 0xFFFF, 0xFFFF, 0xFFFF, 0xFFFF, 0xFFFF, 0xFFFF, 0xFFFF, 0xFFFF, 0xFFFF, 0xFFFF,
  0xFFFF, 0xFFFF, 0xFFFF, 0xFFFF, 0xFFFF, 0xFFFF, 0xFFFF, 0xFFFF, 0xFFFF, 0xFFFF, 0xFFFF, 0xFFFF,
  0xFFFF, 0xFFFF, 0xFFFF, 0xFFFF, 0xFFFF, 0xFFFF, 0xFFFF, 0xFFFF, 0xFFFF, 0xFFFF, 0xFFFF, 0xFFFF,
  0xFFFF, 0xFFFF, 0xFFFF, 0xFFFF, 0xFFFF, 0xFFFF, 0xFFFF, 0xFFFF, 0xFFFF, 0xFFFF, 0xFFFF, 0xFFFF,
  0xFFFF, 0xFFFF, 0xFFFF, 0xFFFF, 0xFFFF, 0xFFFF, 0xFFFF, 0xFFFF, 0xFFFF, 0xFFFF, 0xFFFF, 0xFFFF,
  0xFFFF, 0xFFFF, 0xFFFF, 0xFFFF, 0xFFFF, 0xFFFF, 0xFFFF, 0xFFFF, 0xFFFF, 0xFFFF, 0xFFFF, 0xFFFF,
  0xFFFF, 0xFFFF, 0xFFFF, 0xFFFF, 0xFFFF, 0xFFFF, 0xFFFF, 0xFFFF, 0xFFFF, 0xFFFF, 0xFFFF, 0xFFFF,
  0xFFFF, 0xFFFF, 0xFFFF, 0xFFFF, 0xFFFF, 0xFFFF, 0xFFFF, 0xFFFF, 0xFFFF, 0xFFFF, 0xFFFF, 0xFFFF,
  0xFFFF, 0xFFFF, 0xFFFF, 0xFFFF, 0xFFFF, 0xFFFF, 0xFFFF, 0xFFFF, 0xFFFF, 0xFFFF, 0xFFFF, 0xFFFF,
  0xFFFF, 0xFFFF, 0xFFFF, 0xFFFF, 0xF7BE, 0xCE59, 0x630C, 0x2945, 0x20E4, 0x20E4, 0x20E4, 0x20E4,
  0x20E4, 0x20E4, 0x20E4, 0x20E4, 0x20E4, 0x20E4, 0x20E4, 0x20E4, 0x20E4, 0x20E4, 0x20E4, 0x20E4,
  0x2104, 0x2945, 0x4A28, 0x9492, 0xDEBA, 0xF79E, 0xFFFF, 0xFFFF, 0xFFFF, 0xFFFF, 0xFFFF, 0xFFFF,
  0xFFFF, 0xFFFF, 0xFFFF, 0xFFFF, 0xFFFF, 0xFFFF, 0xFFFF, 0xFFFF, 0xFFFF, 0xFFFF, 0xFFFF, 0xFFFF,
  0xFFFF, 0xFFFF, 0xFFFF, 0xFFFF, 0xFFFF, 0xFFFF, 0xFFFF, 0xFFFF, 0xFFFF, 0xFFFF, 0xFFFF, 0xFFFF,
  0xFFFF, 0xFFFF, 0xFFFF, 0xFFFF, 0xFFFF, 0xFFFF, 0xFFFF, 0xFFFF, 0xFFFF, 0xFFFF, 0xFFFF, 0xFFFF,
  0xFFFF, 0xFFFF, 0xFFFF, 0xFFFF, 0xFFFF, 0xFFFF, 0xFFFF, 0xFFFF, 0xFFFF, 0xFFFF, 0xFFFF, 0xFFFF,
  0xFFFF, 0xFFFF, 0xFFFF, 0xFFFF, 0xFFFF, 0xFFFF, 0xFFFF, 0xFFFF, 0xFFFF, 0xFFFF, 0xFFFF, 0xFFFF,
  0xFFFF, 0xFFFF, 0xFFFF, 0xFFFF, 0xFFFF, 0xFFFF, 0xFFFF, 0xFFFF, 0xF7BE, 0xDEFB, 0x9CF3, 0x526A,
  0x2945, 0x2104, 0x20E4, 0x20E4, 0x20E4, 0x20E4, 0x20E4, 0x20E4, 0x20E4, 0x20E4, 0x20E4, 0x20E4,
  0x20E4, 0x20E4, 0x20E4, 0x20E4, 0x20E4, 0x20E4, 0x2945, 0x5AEB, 0xC638, 0xF7BE, 0xFFFF, 0xFFFF,
  0xFFFF, 0xFFFF, 0xFFFF, 0xFFFF, 0xFFFF, 0xFFFF, 0xFFFF, 0xFFFF, 0xFFFF, 0xFFFF, 0xFFFF, 0xFFFF,
  0xFFFF, 0xFFFF, 0xFFFF, 0xFFFF, 0xFFFF, 0xFFFF, 0xFFFF, 0xFFFF, 0xFFFF, 0xFFFF, 0xFFFF, 0xFFFF,
  0xFFFF, 0xFFFF, 0xFFFF, 0xFFFF, 0xFFFF, 0xFFFF, 0xFFFF, 0xFFFF, 0xFFFF, 0xFFFF, 0xFFFF, 0xFFFF,
  0xFFFF, 0xFFFF, 0xFFFF, 0xFFFF, 0xFFFF, 0xFFFF, 0xFFFF, 0xFFFF, 0xFFFF, 0xFFFF, 0xFFFF, 0xFFFF,
  0xFFFF, 0xFFFF, 0xFFFF, 0xFFFF, 0xFFFF, 0xFFFF, 0xFFFF, 0xFFFF, 0xFFFF, 0xFFFF, 0xFFFF, 0xFFFF,
  0xFFFF, 0xFFFF, 0xFFFF, 0xFFFF, 0xFFFF, 0xFFFF, 0xFFFF, 0xFFFF, 0xFFFF, 0xFFFF, 0xFFFF, 0xFFFF,
  0xFFFF, 0xFFFF, 0xFFFF, 0xFFFF, 0xFFFF, 0xFFFF, 0xFFFF, 0xFFFF, 0xFFFF, 0xFFFF, 0xFFFF, 0xFFFF,
  0xFFFF, 0xFFFF, 0xFFFF, 0xFFFF, 0xFFFF, 0xFFFF, 0xFFFF, 0xFFFF, 0xFFFF, 0xFFFF, 0xFFFF, 0xFFFF,
  0xFFFF, 0xFFFF, 0xFFFF, 0xFFFF, 0xFFFF, 0xFFFF, 0xFFFF, 0xFFFF, 0xFFFF, 0xFFFF, 0xFFFF, 0xFFFF,
  0xFFFF, 0xFFFF, 0xFFFF, 0xFFFF, 0xFFFF, 0xFFDF, 0xDEFB, 0x7BCF, 0x31A6, 0x20E4, 0x20E4, 0x20E4,
  0x20E4, 0x20E4, 0x20E4, 0x20E4, 0x20E4, 0x20E4, 0x20E4, 0x20E4, 0x20E4, 0x20E4, 0x20E4, 0x20E4,
  0x20E4, 0x20E4, 0x2104, 0x2945, 0x4A49, 0x9CD3, 0xD6BA, 0xF79E, 0xFFFF, 0xFFFF, 0xFFFF, 0xFFFF,
  0xFFFF, 0xFFFF, 0xFFFF, 0xFFFF, 0xFFFF, 0xFFFF, 0xFFFF, 0xFFFF, 0xFFFF, 0xFFFF, 0xFFFF, 0xFFFF,
  0xFFFF, 0xFFFF, 0xFFFF, 0xFFFF, 0xFFFF, 0xFFFF, 0xFFFF, 0xFFFF, 0xFFFF, 0xFFFF, 0xFFFF, 0xFFFF,
  0xFFFF, 0xFFFF, 0xFFFF, 0xFFFF, 0xFFFF, 0xFFFF, 0xFFFF, 0xFFFF, 0xFFFF, 0xFFFF, 0xFFFF, 0xFFFF,
  0xFFFF, 0xFFFF, 0xFFFF, 0xFFFF, 0xFFFF, 0xFFFF, 0xFFFF, 0xFFFF, 0xFFFF, 0xFFFF, 0xFFFF, 0xFFFF,
  0xFFFF, 0xFFFF, 0xFFFF, 0xFFFF, 0xFFFF, 0xFFFF, 0xFFFF, 0xFFFF, 0xFFFF, 0xFFFF, 0xFFFF, 0xFFFF,
  0xFFFF, 0xFFFF, 0xFFFF, 0xFFFF, 0xFFFF, 0xFFFF, 0xF7BE, 0xDEDB, 0xA534, 0x528A, 0x2945, 0x2104,
  0x20E4, 0x20E4, 0x20E4, 0x20E4, 0x20E4, 0x20E4, 0x20E4, 0x20E4, 0x20E4, 0x20E4, 0x20E4, 0x20E4,
  0x20E4, 0x20E4, 0x20E4, 0x20E4, 0x2104, 0x3186, 0x7BAE, 0xD6BA, 0xFFDF, 0xFFFF, 0xFFFF, 0xFFFF,
  0xFFFF, 0xFFFF, 0xFFFF, 0xFFFF, 0xFFFF, 0xFFFF, 0xFFFF, 0xFFFF, 0xFFFF, 0xFFFF, 0xFFFF, 0xFFFF,
  0xFFFF, 0xFFFF, 0xFFFF, 0xFFFF, 0xFFFF, 0xFFFF, 0xFFFF, 0xFFFF, 0xFFFF, 0xFFFF, 0xFFFF, 0xFFFF,
  0xFFFF, 0xFFFF, 0xFFFF, 0xFFFF, 0xFFFF, 0xFFFF, 0xFFFF, 0xFFFF, 0xFFFF, 0xFFFF, 0xFFFF, 0xFFFF,
  0xFFFF, 0xFFFF, 0xFFFF, 0xFFFF, 0xFFFF, 0xFFFF, 0xFFFF, 0xFFFF, 0xFFFF, 0xFFFF, 0xFFFF, 0xFFFF,
  0xFFFF, 0xFFFF, 0xFFFF, 0xFFFF, 0xFFFF, 0xFFFF, 0xFFFF, 0xFFFF, 0xFFFF, 0xFFFF, 0xFFFF, 0xFFFF,
  0xFFFF, 0xFFFF, 0xFFFF, 0xFFFF, 0xFFFF, 0xFFFF, 0xFFFF, 0xFFFF, 0xFFFF, 0xFFFF, 0xFFFF, 0xFFFF,
  0xFFFF, 0xFFFF, 0xFFFF, 0xFFFF, 0xFFFF, 0xFFFF, 0xFFFF, 0xFFFF, 0xFFFF, 0xFFFF, 0xFFFF, 0xFFFF,
  0xFFFF, 0xFFFF, 0xFFFF, 0xFFFF, 0xFFFF, 0xFFFF, 0xFFFF, 0xFFFF, 0xFFFF, 0xFFFF, 0xFFFF, 0xFFFF,
  0xFFFF, 0xFFFF, 0xFFFF, 0xFFFF, 0xFFFF, 0xFFFF, 0xFFFF, 0xFFFF, 0xFFFF, 0xFFFF, 0xFFFF, 0xFFFF,
  0xFFFF, 0xFFFF, 0xFFFF, 0xFFFF, 0xFFFF, 0xFFFF, 0xFFFF, 0xEF7D, 0x9CD3, 0x41E8, 0x2104, 0x20E4,
  0x20E4, 0x20E4, 0x20E4, 0x20E4, 0x20E4, 0x20E4, 0x20E4, 0x20E4, 0x20E4, 0x20E4, 0x20E4, 0x20E4,
  0x20E4, 0x20E4, 0x20E4, 0x20E4, 0x20E4, 0x2104, 0x4A49, 0x9CD3, 0xD69A, 0xEF7D, 0xFFFF, 0xFFFF,
  0xFFFF, 0xFFFF, 0xFFFF, 0xFFFF, 0xFFFF, 0xFFFF, 0xFFFF, 0xFFFF, 0xFFFF, 0xFFFF, 0xFFFF, 0xFFFF,
  0xFFFF, 0xFFFF, 0xFFFF, 0xFFFF, 0xFFFF, 0xFFFF, 0xFFFF, 0xFFFF, 0xFFFF, 0xFFFF, 0xFFFF, 0xFFFF,
  0xFFFF, 0xFFFF, 0xFFFF, 0xFFFF, 0xFFFF, 0xFFFF, 0xFFFF, 0xFFFF, 0xFFFF, 0xFFFF, 0xFFFF, 0xFFFF,
  0xFFFF, 0xFFFF, 0xFFFF, 0xFFFF, 0xFFFF, 0xFFFF, 0xFFFF, 0xFFFF, 0xFFFF, 0xFFFF, 0xFFFF, 0xFFFF,
  0xFFFF, 0xFFFF, 0xFFFF, 0xFFFF, 0xFFFF, 0xFFFF, 0xFFFF, 0xFFFF, 0xFFFF, 0xFFFF, 0xFFFF, 0xFFFF,
  0xFFFF, 0xFFFF, 0xFFFF, 0xFFFF, 0xF79E, 0xD6BA, 0xA514, 0x5AAA, 0x2924, 0x2104, 0x20E4, 0x20E4,
  0x20E4, 0x20E4, 0x20E4, 0x20E4, 0x20E4, 0x20E4, 0x20E4, 0x20E4, 0x20E4, 0x20E4, 0x20E4, 0x20E4,
  0x20E4, 0x20E4, 0x20E4, 0x2104, 0x41E8, 0x94B2, 0xEF5D, 0xFFFF, 0xFFFF, 0xFFFF, 0xFFFF, 0xFFFF,
  0xFFFF, 0xFFFF, 0xFFFF, 0xFFFF, 0xFFFF, 0xFFFF, 0xFFFF, 0xFFFF, 0xFFFF, 0xFFFF, 0xFFFF, 0xFFFF,
  0xFFFF, 0xFFFF, 0xFFFF, 0xFFFF, 0xFFFF, 0xFFFF, 0xFFFF, 0xFFFF, 0xFFFF, 0xFFFF, 0xFFFF, 0xFFFF,
  0xFFFF, 0xFFFF, 0xFFFF, 0xFFFF, 0xFFFF, 0xFFFF, 0xFFFF, 0xFFFF, 0xFFFF, 0xFFFF, 0xFFFF, 0xFFFF,
  0xFFFF, 0xFFFF, 0xFFFF, 0xFFFF, 0xFFFF, 0xFFFF, 0xFFFF, 0xFFFF, 0xFFFF, 0xFFFF, 0xFFFF, 0xFFFF,
  0xFFFF, 0xFFFF, 0xFFFF, 0xFFFF, 0xFFFF, 0xFFFF, 0xFFFF, 0xFFFF, 0xFFFF, 0xFFFF, 0xFFFF, 0xFFFF,
  0xFFFF, 0xFFFF, 0xFFFF, 0xFFFF, 0xFFFF, 0xFFFF, 0xFFFF, 0xFFFF, 0xFFFF, 0xFFFF, 0xFFFF, 0xFFFF,
  0xFFFF, 0xFFFF, 0xFFFF, 0xFFFF, 0xFFFF, 0xFFFF, 0xFFFF, 0xFFFF, 0xFFFF, 0xFFFF, 0xFFFF, 0xFFFF,
  0xFFFF, 0xFFFF, 0xFFFF, 0xFFFF, 0xFFFF, 0xFFFF, 0xFFFF, 0xFFFF, 0xFFFF, 0xFFFF, 0xFFFF, 0xFFFF,
  0xFFFF, 0xFFFF, 0xFFFF, 0xFFFF, 0xFFFF, 0xFFFF, 0xFFFF, 0xFFFF, 0xFFFF, 0xFFFF, 0xFFFF, 0xFFFF,
  0xFFFF, 0xFFFF, 0xFFFF, 0xFFFF, 0xFFFF, 0xFFFF, 0xFFFF, 0xFFFF, 0xF7BE, 0xBDD7, 0x5AEB, 0x2945,
  0x20E4, 0x20E4, 0x20E4, 0x20E4, 0x20E4, 0x20E4, 0x20E4, 0x20E4, 0x20E4, 0x20E4, 0x20E4, 0x20E4,
  0x20E4, 0x20E4, 0x20E4, 0x20E4, 0x20E4, 0x20E4, 0x20E4, 0x2104, 0x4A49, 0x8C51, 0xC618, 0xE73C,
  0xFFFF, 0xFFFF, 0xFFFF, 0xFFFF, 0xFFFF, 0xFFFF, 0xFFFF, 0xFFFF, 0xFFFF, 0xFFFF, 0xFFFF, 0xFFFF,
  0xFFFF, 0xFFFF, 0xFFFF, 0xFFFF, 0xFFFF, 0xFFFF, 0xFFFF, 0xFFFF, 0xFFFF, 0xFFFF, 0xFFFF, 0xFFFF,
  0xFFFF, 0xFFFF, 0xFFFF, 0xFFFF, 0xFFFF, 0xFFFF, 0xFFFF, 0xFFFF, 0xFFFF, 0xFFFF, 0xFFFF, 0xFFFF,
  0xFFFF, 0xFFFF, 0xFFFF, 0xFFFF, 0xFFFF, 0xFFFF, 0xFFFF, 0xFFFF, 0xFFFF, 0xFFFF, 0xFFFF, 0xFFFF,
  0xFFFF, 0xFFFF, 0xFFFF, 0xFFFF, 0xFFFF, 0xFFFF, 0xFFFF, 0xFFFF, 0xFFFF, 0xFFFF, 0xFFFF, 0xFFFF,
  0xFFFF, 0xFFFF, 0xEF5D, 0xC638, 0x9492, 0x4A49, 0x2924, 0x20E4, 0x20E4, 0x20E4, 0x20E4, 0x20E4,
  0x20E4, 0x20E4, 0x20E4, 0x20E4, 0x20E4, 0x20E4, 0x20E4, 0x20E4, 0x20E4, 0x20E4, 0x20E4, 0x20E4,
  0x20E4, 0x20E4, 0x2925, 0x5ACB, 0xB5B6, 0xF7BE, 0xFFFF, 0xFFFF, 0xFFFF, 0xFFFF, 0xFFFF, 0xFFFF,
  0xFFFF, 0xFFFF, 0xFFFF, 0xFFFF, 0xFFFF, 0xFFFF, 0xFFFF, 0xFFFF, 0xFFFF, 0xFFFF, 0xFFFF, 0xFFFF,
  0xFFFF, 0xFFFF, 0xFFFF, 0xFFFF, 0xFFFF, 0xFFFF, 0xFFFF, 0xFFFF, 0xFFFF, 0xFFFF, 0xFFFF, 0xFFFF,
  0xFFFF, 0xFFFF, 0xFFFF, 0xFFFF, 0xFFFF, 0xFFFF, 0xFFFF, 0xFFFF, 0xFFFF, 0xFFFF, 0xFFFF, 0xFFFF,
  0xFFFF, 0xFFFF, 0xFFFF, 0xFFFF, 0xFFFF, 0xFFFF, 0xFFFF, 0xFFFF, 0xFFFF, 0xFFFF, 0xFFFF, 0xFFFF,
  0xFFFF, 0xFFFF, 0xFFFF, 0xFFFF, 0xFFFF, 0xFFFF, 0xFFFF, 0xFFFF, 0xFFFF, 0xFFFF, 0xFFFF, 0xFFFF,
  0xFFFF, 0xFFFF, 0xFFFF, 0xFFFF, 0xFFFF, 0xFFFF, 0xFFFF, 0xFFFF, 0xFFFF, 0xFFFF, 0xFFFF, 0xFFFF,
  0xFFFF, 0xFFFF, 0xFFFF, 0xFFFF, 0xFFFF, 0xFFFF, 0xFFFF, 0xFFFF, 0xFFFF, 0xFFFF, 0xFFFF, 0xFFFF,
  0xFFFF, 0xFFFF, 0xFFFF, 0xFFFF, 0xFFFF, 0xFFFF, 0xFFFF, 0xFFFF, 0xFFFF, 0xFFFF, 0xFFFF, 0xFFFF,
  0xFFFF, 0xFFFF, 0xFFFF, 0xFFFF, 0xFFFF, 0xFFFF, 0xFFFF, 0xFFFF, 0xFFFF, 0xFFFF, 0xFFFF, 0xFFFF,
  0xFFFF, 0xFFFF, 0xFFFF, 0xFFFF, 0xFFFF, 0xFFFF, 0xFFFF, 0xFFFF, 0xFFFF, 0xFFFF, 0xDEDB, 0x8410,
  0x39A7, 0x2104, 0x20E4, 0x20E4, 0x20E4, 0x20E4, 0x20E4, 0x20E4, 0x20E4, 0x20E4, 0x20E4, 0x20E4,
  0x20E4, 0x20E4, 0x20E4, 0x20E4, 0x20E4, 0x20E4, 0x20E4, 0x20E4, 0x20E4, 0x2104, 0x39E7, 0x738E,
  0xAD34, 0xD6BA, 0xF7BE, 0xFFFF, 0xFFFF, 0xFFFF, 0xFFFF, 0xFFFF, 0xFFFF, 0xFFFF, 0xFFFF, 0xFFFF,
  0xFFFF, 0xFFFF, 0xFFFF, 0xFFFF, 0xFFFF, 0xFFFF, 0xFFFF, 0xFFFF, 0xFFFF, 0xFFFF, 0xFFFF, 0xFFFF,
  0xFFFF, 0xFFFF, 0xFFFF, 0xFFFF, 0xFFFF, 0xFFFF, 0xFFFF, 0xFFFF, 0xFFFF, 0xFFFF, 0xFFFF, 0xFFFF,
  0xFFFF, 0xFFFF, 0xFFFF, 0xFFFF, 0xFFFF, 0xFFFF, 0xFFFF, 0xFFFF, 0xFFFF, 0xFFFF, 0xFFFF, 0xFFFF,
  0xFFFF, 0xFFFF, 0xFFFF, 0xFFFF, 0xFFFF, 0xFFFF, 0xFFFF, 0xFFFF, 0xFFFF, 0xFFFF, 0xFFFF, 0xF7BE,
  0xCE79, 0xA534, 0x7BAF, 0x4208, 0x2104, 0x20E4, 0x20E4, 0x20E4, 0x20E4, 0x20E4, 0x20E4, 0x20E4,
  0x20E4, 0x20E4, 0x20E4, 0x20E4, 0x20E4, 0x20E4, 0x20E4, 0x20E4, 0x20E4, 0x20E4, 0x20E4, 0x20E4,
  0x2104, 0x39C7, 0x8410, 0xD69A, 0xFFFF, 0xFFFF, 0xFFFF, 0xFFFF, 0xFFFF, 0xFFFF, 0xFFFF, 0xFFFF,
  0xFFFF, 0xFFFF, 0xFFFF, 0xFFFF, 0xFFFF, 0xFFFF, 0xFFFF, 0xFFFF, 0xFFFF, 0xFFFF, 0xFFFF, 0xFFFF,
  0xFFFF, 0xFFFF, 0xFFFF, 0xFFFF, 0xFFFF, 0xFFFF, 0xFFFF, 0xFFFF, 0xFFFF, 0xFFFF, 0xFFFF, 0xFFFF,
  0xFFFF, 0xFFFF, 0xFFFF, 0xFFFF, 0xFFFF, 0xFFFF, 0xFFFF, 0xFFFF, 0xFFFF, 0xFFFF, 0xFFFF, 0xFFFF,
  0xFFFF, 0xFFFF, 0xFFFF, 0xFFFF, 0xFFFF, 0xFFFF, 0xFFFF, 0xFFFF, 0xFFFF, 0xFFFF, 0xFFFF, 0xFFFF,
  0xFFFF, 0xFFFF, 0xFFFF, 0xFFFF, 0xFFFF, 0xFFFF, 0xFFFF, 0xFFFF, 0xFFFF, 0xFFFF, 0xFFFF, 0xFFFF,
  0xFFFF, 0xFFFF, 0xFFFF, 0xFFFF, 0xFFFF, 0xFFFF, 0xFFFF, 0xFFFF, 0xFFFF, 0xFFFF, 0xFFFF, 0xFFFF,
  0xFFFF, 0xFFFF, 0xFFFF, 0xFFFF, 0xFFFF, 0xFFFF, 0xFFFF, 0xFFFF, 0xFFFF, 0xFFFF, 0xFFFF, 0xFFFF,
  0xFFFF, 0xFFFF, 0xFFFF, 0xFFFF, 0xFFFF, 0xFFFF, 0xFFFF, 0xFFFF, 0xFFFF, 0xFFFF, 0xFFFF, 0xFFFF,
  0xFFFF, 0xFFFF, 0xFFFF, 0xFFFF, 0xFFFF, 0xFFFF, 0xFFFF, 0xFFFF, 0xFFFF, 0xFFFF, 0xFFFF, 0xFFFF,
  0xFFFF, 0xFFFF, 0xFFFF, 0xFFFF, 0xFFFF, 0xFFFF, 0xFFFF, 0xFFFF, 0xFFFF, 0xFFFF, 0xFFFF, 0xEF5D,
  0xAD55, 0x52AA, 0x2924, 0x20E4, 0x20E4, 0x20E4, 0x20E4, 0x20E4, 0x20E4, 0x20E4, 0x20E4, 0x20E4,
  0x20E4, 0x20E4, 0x20E4, 0x20E4, 0x20E4, 0x20E4, 0x20E4, 0x20E4, 0x20E4, 0x20E4, 0x20E4, 0x2104,
  0x3186, 0x5ACB, 0x8410, 0xB596, 0xE71C, 0xFFDF, 0xFFFF, 0xFFFF, 0xFFFF, 0xFFFF, 0xFFFF, 0xFFFF,
  0xFFFF, 0xFFFF, 0xFFFF, 0xFFFF, 0xFFFF, 0xFFFF, 0xFFFF, 0xFFFF, 0xFFFF, 0xFFFF, 0xFFFF, 0xFFFF,
  0xFFFF, 0xFFFF, 0xFFFF, 0xFFFF, 0xFFFF, 0xFFFF, 0xFFFF, 0xFFFF, 0xFFFF, 0xFFFF, 0xFFFF, 0xFFFF,
  0xFFFF, 0xFFFF, 0xFFFF, 0xFFFF, 0xFFFF, 0xFFFF, 0xFFFF, 0xFFFF, 0xFFFF, 0xFFFF, 0xFFFF, 0xFFFF,
  0xFFFF, 0xFFFF, 0xFFFF, 0xFFFF, 0xFFFF, 0xFFFF, 0xFFFF, 0xFFFF, 0xFFFF, 0xDEFB, 0xB596, 0x8410,
  0x528A, 0x3166, 0x20E4, 0x20E4, 0x20E4, 0x20E4, 0x20E4, 0x20E4, 0x20E4, 0x20E4, 0x20E4, 0x20E4,
  0x20E4, 0x20E4, 0x20E4, 0x20E4, 0x20E4, 0x20E4, 0x20E4, 0x20E4, 0x20E4, 0x20E4, 0x20E4, 0x2104,
  0x5AAB, 0xAD55, 0xEF7D, 0xFFFF, 0xFFFF, 0xFFFF, 0xFFFF, 0xFFFF, 0xFFFF, 0xFFFF, 0xFFFF, 0xFFFF,
  0xFFFF, 0xFFFF, 0xFFFF, 0xFFFF, 0xFFFF, 0xFFFF, 0xFFFF, 0xFFFF, 0xFFFF, 0xFFFF, 0xFFFF, 0xFFFF,
  0xFFFF, 0xFFFF, 0xFFFF, 0xFFFF, 0xFFFF, 0xFFFF, 0xFFFF, 0xFFFF, 0xFFFF, 0xFFFF, 0xFFFF, 0xFFFF,
  0xFFFF, 0xFFFF, 0xFFFF, 0xFFFF, 0xFFFF, 0xFFFF, 0xFFFF, 0xFFFF, 0xFFFF, 0xFFFF, 0xFFFF, 0xFFFF,
  0xFFFF, 0xFFFF, 0xFFFF, 0xFFFF, 0xFFFF, 0xFFFF, 0xFFFF, 0xFFFF, 0xFFFF, 0xFFFF, 0xFFFF, 0xFFFF,
  0xFFFF, 0xFFFF, 0xFFFF, 0xFFFF, 0xFFFF, 0xFFFF, 0xFFFF, 0xFFFF, 0xFFFF, 0xFFFF, 0xFFFF, 0xFFFF,
  0xFFFF, 0xFFFF, 0xFFFF, 0xFFFF, 0xFFFF, 0xFFFF, 0xFFFF, 0xFFFF, 0xFFFF, 0xFFFF, 0xFFFF, 0xFFFF,
  0xFFFF, 0xFFFF, 0xFFFF, 0xFFFF, 0xFFFF, 0xFFFF, 0xFFFF, 0xFFFF, 0xFFFF, 0xFFFF, 0xFFFF, 0xFFFF,
  0xFFFF, 0xFFFF, 0xFFFF, 0xFFFF, 0xFFFF, 0xFFFF, 0xFFFF, 0xFFFF, 0xFFFF, 0xFFFF, 0xFFFF, 0xFFFF,
  0xFFFF, 0xFFFF, 0xFFFF, 0xFFFF, 0xFFFF, 0xFFFF, 0xFFFF, 0xFFFF, 0xFFFF, 0xFFFF, 0xFFFF, 0xFFFF,
  0xFFFF, 0xFFFF, 0xFFFF, 0xFFFF, 0xFFFF, 0xFFFF, 0xFFFF, 0xFFFF, 0xFFFF, 0xFFFF, 0xFFFF, 0xFFFF,
  0xFFDF, 0xD69A, 0x8C30, 0x39A6, 0x2104, 0x20E4, 0x20E4, 0x20E4, 0x20E4, 0x20E4, 0x20E4, 0x20E4,
  0x20E4, 0x20E4, 0x20E4, 0x20E4, 0x20E4, 0x20E4, 0x20E4, 0x20E4, 0x20E4, 0x20E4, 0x20E4, 0x20E4,
  0x20E4, 0x20E4, 0x2924, 0x39C7, 0x5AAA, 0x7BEF, 0xB575, 0xE71C, 0xFFFF, 0xFFFF, 0xFFFF, 0xFFFF,
  0xFFFF, 0xFFFF, 0xFFFF, 0xFFFF, 0xFFFF, 0xFFFF, 0xFFFF, 0xFFFF, 0xFFFF, 0xFFFF, 0xFFFF, 0xFFFF,
  0xFFFF, 0xFFFF, 0xFFFF, 0xFFFF, 0xFFFF, 0xFFFF, 0xFFFF, 0xFFFF, 0xFFFF, 0xFFFF, 0xFFFF, 0xFFFF,
  0xFFFF, 0xFFFF, 0xFFFF, 0xFFFF, 0xFFFF, 0xFFFF, 0xFFFF, 0xFFFF, 0xFFFF, 0xFFFF, 0xFFFF, 0xFFFF,
  0xFFFF, 0xFFFF, 0xFFFF, 0xFFFF, 0xFFFF, 0xFFFF, 0xE71C, 0xB576, 0x7BCF, 0x5AAA, 0x39C7, 0x2924,
  0x20E4, 0x20E4, 0x20E4, 0x20E4, 0x20E4, 0x20E4, 0x20E4, 0x20E4, 0x20E4, 0x20E4, 0x20E4, 0x20E4,
  0x20E4, 0x20E4, 0x20E4, 0x20E4, 0x20E4, 0x20E4, 0x20E4, 0x20E4, 0x20E4, 0x20E4, 0x3186, 0x8410,
  0xD69A, 0xFFDF, 0xFFFF, 0xFFFF, 0xFFFF, 0xFFFF, 0xFFFF, 0xFFFF, 0xFFFF, 0xFFFF, 0xFFFF, 0xFFFF,
  0xFFFF, 0xFFFF, 0xFFFF, 0xFFFF, 0xFFFF, 0xFFFF, 0xFFFF, 0xFFFF, 0xFFFF, 0xFFFF, 0xFFFF, 0xFFFF,
  0xFFFF, 0xFFFF, 0xFFFF, 0xFFFF, 0xFFFF, 0xFFFF, 0xFFFF, 0xFFFF, 0xFFFF, 0xFFFF, 0xFFFF, 0xFFFF,
  0xFFFF, 0xFFFF, 0xFFFF, 0xFFFF, 0xFFFF, 0xFFFF, 0xFFFF, 0xFFFF, 0xFFFF, 0xFFFF, 0xFFFF, 0xFFFF,
  0xFFFF, 0xFFFF, 0xFFFF, 0xFFFF, 0xFFFF, 0xFFFF, 0xFFFF, 0xFFFF, 0xFFFF, 0xFFFF, 0xFFFF, 0xFFFF,
  0xFFFF, 0xFFFF, 0xFFFF, 0xFFFF, 0xFFFF, 0xFFFF, 0xFFFF, 0xFFFF, 0xFFFF, 0xFFFF, 0xFFFF, 0xFFFF,
  0xFFFF, 0xFFFF, 0xFFFF, 0xFFFF, 0xFFFF, 0xFFFF, 0xFFFF, 0xFFFF, 0xFFFF, 0xFFFF, 0xFFFF, 0xFFFF,
  0xFFFF, 0xFFFF, 0xFFFF, 0xFFFF, 0xFFFF, 0xFFFF, 0xFFFF, 0xFFFF, 0xFFFF, 0xFFFF, 0xFFFF, 0xFFFF,
  0xFFFF, 0xFFFF, 0xFFFF, 0xFFFF, 0xFFFF, 0xFFFF, 0xFFFF, 0xFFFF, 0xFFFF, 0xFFFF, 0xFFFF, 0xFFFF,
  0xFFFF, 0xFFFF, 0xFFFF, 0xFFFF, 0xFFFF, 0xFFFF, 0xFFFF, 0xFFFF, 0xFFFF, 0xFFFF, 0xFFFF, 0xFFFF,
  0xFFFF, 0xFFFF, 0xFFFF, 0xFFFF, 0xFFFF, 0xFFFF, 0xFFFF, 0xFFFF, 0xFFFF, 0xFFFF, 0xFFFF, 0xFFFF,
  0xFFFF, 0xFFFF, 0xEF5D, 0xBDD7, 0x62EC, 0x2924, 0x20E4, 0x20E4, 0x20E4, 0x20E4, 0x20E4, 0x20E4,
  0x20E4, 0x20E4, 0x20E4, 0x20E4, 0x20E4, 0x20E4, 0x20E4, 0x20E4, 0x20E4, 0x20E4, 0x20E4, 0x20E4,
  0x20E4, 0x20E4, 0x20E4, 0x20E4, 0x20E4, 0x2925, 0x39C7, 0x5269, 0x736D, 0xA4F3, 0xCE79, 0xEF7D,
  0xFFDF, 0xFFDF, 0xFFFF, 0xFFFF, 0xFFFF, 0xFFFF, 0xFFFF, 0xFFFF, 0xFFFF, 0xFFFF, 0xFFFF, 0xFFFF,
  0xFFFF, 0xFFFF, 0xFFFF, 0xFFFF, 0xFFFF, 0xFFFF, 0xFFFF, 0xFFFF, 0xFFFF, 0xFFFF, 0xFFFF, 0xFFFF,
  0xFFFF, 0xFFFF, 0xFFFF, 0xFFFF, 0xFFFF, 0xFFFF, 0xFFFF, 0xFFFF, 0xFFFF, 0xFFFF, 0xFFFF, 0xFFFF,
  0xFFDF, 0xFFDF, 0xEF7D, 0xCE59, 0x9CD3, 0x6B6D, 0x4A69, 0x39C7, 0x2924, 0x20E4, 0x20E4, 0x20E4,
  0x20E4, 0x20E4, 0x20E4, 0x20E4, 0x20E4, 0x20E4, 0x20E4, 0x20E4, 0x20E4, 0x20E4, 0x20E4, 0x20E4,
  0x20E4, 0x20E4, 0x20E4, 0x20E4, 0x20E4, 0x20E4, 0x20E4, 0x20E4, 0x2924, 0x5ACB, 0xB596, 0xEF5D,
  0xFFFF, 0xFFFF, 0xFFFF, 0xFFFF, 0xFFFF, 0xFFFF, 0xFFFF, 0xFFFF, 0xFFFF, 0xFFFF, 0xFFFF, 0xFFFF,
  0xFFFF, 0xFFFF, 0xFFFF, 0xFFFF, 0xFFFF, 0xFFFF, 0xFFFF, 0xFFFF, 0xFFFF, 0xFFFF, 0xFFFF, 0xFFFF,
  0xFFFF, 0xFFFF, 0xFFFF, 0xFFFF, 0xFFFF, 0xFFFF, 0xFFFF, 0xFFFF, 0xFFFF, 0xFFFF, 0xFFFF, 0xFFFF,
  0xFFFF, 0xFFFF, 0xFFFF, 0xFFFF, 0xFFFF, 0xFFFF, 0xFFFF, 0xFFFF, 0xFFFF, 0xFFFF, 0xFFFF, 0xFFFF,
  0xFFFF, 0xFFFF, 0xFFFF, 0xFFFF, 0xFFFF, 0xFFFF, 0xFFFF, 0xFFFF, 0xFFFF, 0xFFFF, 0xFFFF, 0xFFFF,
  0xFFFF, 0xFFFF, 0xFFFF, 0xFFFF, 0xFFFF, 0xFFFF, 0xFFFF, 0xFFFF, 0xFFFF, 0xFFFF, 0xFFFF, 0xFFFF,
  0xFFFF, 0xFFFF, 0xFFFF, 0xFFFF, 0xFFFF, 0xFFFF, 0xFFFF, 0xFFFF, 0xFFFF, 0xFFFF, 0xFFFF, 0xFFFF,
  0xFFFF, 0xFFFF, 0xFFFF, 0xFFFF, 0xFFFF, 0xFFFF, 0xFFFF, 0xFFFF, 0xFFFF, 0xFFFF, 0xFFFF, 0xFFFF,
  0xFFFF, 0xFFFF, 0xFFFF, 0xFFFF, 0xFFFF, 0xFFFF, 0xFFFF, 0xFFFF, 0xFFFF, 0xFFFF, 0xFFFF, 0xFFFF,
  0xFFFF, 0xFFFF, 0xFFFF, 0xFFFF, 0xFFFF, 0xFFFF, 0xFFFF, 0xFFFF, 0xFFFF, 0xFFFF, 0xFFFF, 0xFFFF,
  0xFFFF, 0xFFFF, 0xFFFF, 0xFFFF, 0xFFFF, 0xFFFF, 0xFFFF, 0xFFFF, 0xFFFF, 0xFFFF, 0xFFFF, 0xFFFF,
  0xFFFF, 0xFFFF, 0xFFFF, 0xFFDF, 0xDEDB, 0x9CB2, 0x4208, 0x2924, 0x20E4, 0x20E4, 0x20E4, 0x20E4,
  0x20E4, 0x20E4, 0x20E4, 0x20E4, 0x20E4, 0x20E4, 0x20E4, 0x20E4, 0x20E4, 0x20E4, 0x20E4, 0x20E4,
  0x20E4, 0x20E4, 0x20E4, 0x20E4, 0x20E4, 0x20E4, 0x20E4, 0x20E4, 0x2924, 0x3186, 0x41E7, 0x528A,
  0x7BCF, 0xA514, 0xC638, 0xE71C, 0xEF7D, 0xF79E, 0xF7BE, 0xFFDF, 0xFFFF, 0xFFFF, 0xFFFF, 0xFFFF,
  0xFFFF, 0xFFFF, 0xFFFF, 0xFFFF, 0xFFFF, 0xFFFF, 0xFFFF, 0xFFFF, 0xFFFF, 0xFFFF, 0xFFFF, 0xFFFF,
  0xFFFF, 0xFFFF, 0xFFFF, 0xFFFF, 0xFFFF, 0xFFDF, 0xFFDF, 0xF7BE, 0xF79E, 0xEF7D, 0xDEFB, 0xBDF7,
  0x9CB2, 0x738E, 0x528A, 0x41E7, 0x3186, 0x2924, 0x20E4, 0x20E4, 0x20E4, 0x20E4, 0x20E4, 0x20E4,
  0x20E4, 0x20E4, 0x20E4, 0x20E4, 0x20E4, 0x20E4, 0x20E4, 0x20E4, 0x20E4, 0x20E4, 0x20E4, 0x20E4,
  0x20E4, 0x20E4, 0x20E4, 0x20E4, 0x20E4, 0x20E4, 0x2924, 0x4208, 0x9492, 0xDEDB, 0xF7BE, 0xFFFF,
  0xFFFF, 0xFFFF, 0xFFFF, 0xFFFF, 0xFFFF, 0xFFFF, 0xFFFF, 0xFFFF, 0xFFFF, 0xFFFF, 0xFFFF, 0xFFFF,
  0xFFFF, 0xFFFF, 0xFFFF, 0xFFFF, 0xFFFF, 0xFFFF, 0xFFFF, 0xFFFF, 0xFFFF, 0xFFFF, 0xFFFF, 0xFFFF,
  0xFFFF, 0xFFFF, 0xFFFF, 0xFFFF, 0xFFFF, 0xFFFF, 0xFFFF, 0xFFFF, 0xFFFF, 0xFFFF, 0xFFFF, 0xFFFF,
  0xFFFF, 0xFFFF, 0xFFFF, 0xFFFF, 0xFFFF, 0xFFFF, 0xFFFF, 0xFFFF, 0xFFFF, 0xFFFF, 0xFFFF, 0xFFFF,
  0xFFFF, 0xFFFF, 0xFFFF, 0xFFFF, 0xFFFF, 0xFFFF, 0xFFFF, 0xFFFF, 0xFFFF, 0xFFFF, 0xFFFF, 0xFFFF,
  0xFFFF, 0xFFFF, 0xFFFF, 0xFFFF, 0xFFFF, 0xFFFF, 0xFFFF, 0xFFFF, 0xFFFF, 0xFFFF, 0xFFFF, 0xFFFF,
  0xFFFF, 0xFFFF, 0xFFFF, 0xFFFF, 0xFFFF, 0xFFFF, 0xFFFF, 0xFFFF, 0xFFFF, 0xFFFF, 0xFFFF, 0xFFFF,
  0xFFFF, 0xFFFF, 0xFFFF, 0xFFFF, 0xFFFF, 0xFFFF, 0xFFFF, 0xFFFF, 0xFFFF, 0xFFFF, 0xFFFF, 0xFFFF,
  0xFFFF, 0xFFFF, 0xFFFF, 0xFFFF, 0xFFFF, 0xFFFF, 0xFFFF, 0xFFFF, 0xFFFF, 0xFFFF, 0xFFFF, 0xFFFF,
  0xFFFF, 0xFFFF, 0xFFFF, 0xFFFF, 0xFFFF, 0xFFFF, 0xFFFF, 0xFFFF, 0xFFFF, 0xFFFF, 0xFFFF, 0xFFFF,
  0xFFFF, 0xFFFF, 0xFFFF, 0xFFFF, 0xFFFF, 0xFFFF, 0xFFFF, 0xFFFF, 0xFFFF, 0xFFFF, 0xFFFF, 0xFFFF,
  0xFFFF, 0xFFFF, 0xFFFF, 0xFFFF, 0xFFFF, 0xF79E, 0xCE79, 0x7BCF, 0x39C7, 0x2924, 0x20E4, 0x20E4,
  0x20E4, 0x20E4, 0x20E4, 0x20E4, 0x20E4, 0x20E4, 0x20E4, 0x20E4, 0x20E4, 0x20E4, 0x20E4, 0x20E4,
  0x20E4, 0x20E4, 0x20E4, 0x20E4, 0x20E4, 0x20E4, 0x20E4, 0x20E4, 0x20E4, 0x20E4, 0x20E4, 0x2104,
  0x2925, 0x3165, 0x39A6, 0x4208, 0x5ACB, 0x7BEF, 0x9CD3, 0xB596, 0xCE59, 0xDEDB, 0xE71C, 0xE73C,
  0xEF5D, 0xEF5D, 0xEF7D, 0xF77D, 0xF77E, 0xF79E, 0xF79E, 0xF79E, 0xF79E, 0xF77D, 0xEF7D, 0xEF7D,
  0xEF5D, 0xEF5D, 0xE73C, 0xE71C, 0xDEDB, 0xC638, 0xAD55, 0x9471, 0x73AE, 0x5AAB, 0x41E8, 0x31A6,
  0x3165, 0x2924, 0x2104, 0x20E4, 0x20E4, 0x20E4, 0x20E4, 0x20E4, 0x20E4, 0x20E4, 0x20E4, 0x20E4,
  0x20E4, 0x20E4, 0x20E4, 0x20E4, 0x20E4, 0x20E4, 0x20E4, 0x20E4, 0x20E4, 0x20E4, 0x20E4, 0x20E4,
  0x20E4, 0x20E4, 0x20E4, 0x20E4, 0x2924, 0x39C7, 0x736E, 0xCE59, 0xF79E, 0xFFFF, 0xFFFF, 0xFFFF,
  0xFFFF, 0xFFFF, 0xFFFF, 0xFFFF, 0xFFFF, 0xFFFF, 0xFFFF, 0xFFFF, 0xFFFF, 0xFFFF, 0xFFFF, 0xFFFF,
  0xFFFF, 0xFFFF, 0xFFFF, 0xFFFF, 0xFFFF, 0xFFFF, 0xFFFF, 0xFFFF, 0xFFFF, 0xFFFF, 0xFFFF, 0xFFFF,
  0xFFFF, 0xFFFF, 0xFFFF, 0xFFFF, 0xFFFF, 0xFFFF, 0xFFFF, 0xFFFF, 0xFFFF, 0xFFFF, 0xFFFF, 0xFFFF,
  0xFFFF, 0xFFFF, 0xFFFF, 0xFFFF, 0xFFFF, 0xFFFF, 0xFFFF, 0xFFFF, 0xFFFF, 0xFFFF, 0xFFFF, 0xFFFF,
  0xFFFF, 0xFFFF, 0xFFFF, 0xFFFF, 0xFFFF, 0xFFFF, 0xFFFF, 0xFFFF, 0xFFFF, 0xFFFF, 0xFFFF, 0xFFFF,
  0xFFFF, 0xFFFF, 0xFFFF, 0xFFFF, 0xFFFF, 0xFFFF, 0xFFFF, 0xFFFF, 0xFFFF, 0xFFFF, 0xFFFF, 0xFFFF,
  0xFFFF, 0xFFFF, 0xFFFF, 0xFFFF, 0xFFFF, 0xFFFF, 0xFFFF, 0xFFFF, 0xFFFF, 0xFFFF, 0xFFFF, 0xFFFF,
  0xFFFF, 0xFFFF, 0xFFFF, 0xFFFF, 0xFFFF, 0xFFFF, 0xFFFF, 0xFFFF, 0xFFFF, 0xFFFF, 0xFFFF, 0xFFFF,
  0xFFFF, 0xFFFF, 0xFFFF, 0xFFFF, 0xFFFF, 0xFFFF, 0xFFFF, 0xFFFF, 0xFFFF, 0xFFFF, 0xFFFF, 0xFFFF,
  0xFFFF, 0xFFFF, 0xFFFF, 0xFFFF, 0xFFFF, 0xFFFF, 0xFFFF, 0xFFFF, 0xFFFF, 0xFFFF, 0xFFFF, 0xFFFF,
  0xFFFF, 0xFFFF, 0xFFFF, 0xFFFF, 0xFFFF, 0xFFFF, 0xFFFF, 0xFFFF, 0xFFFF, 0xFFFF, 0xFFFF, 0xFFFF,
  0xFFFF, 0xFFFF, 0xFFFF, 0xFFFF, 0xFFFF, 0xFFFF, 0xFFFF, 0xF79E, 0xBDF7, 0x6B2C, 0x39A7, 0x2104,
  0x20E4, 0x20E4, 0x20E4, 0x20E4, 0x20E4, 0x20E4, 0x20E4, 0x20E4, 0x20E4, 0x20E4, 0x20E4, 0x20E4,
  0x20E4, 0x20E4, 0x20E4, 0x20E4, 0x20E4, 0x20E4, 0x20E4, 0x20E4, 0x20E4, 0x20E4, 0x20E4, 0x20E4,
  0x20E4, 0x20E4, 0x20E4, 0x20E4, 0x2104, 0x2924, 0x2945, 0x2945, 0x3165, 0x39A6, 0x4A29, 0x5AAA,
  0x630C, 0x738E, 0x83EF, 0x8C30, 0x8C30, 0x8C71, 0x9492, 0x9492, 0x9471, 0x8430, 0x83F0, 0x7BCF,
  0x736D, 0x62EC, 0x5269, 0x41E7, 0x3186, 0x3165, 0x2945, 0x2925, 0x2924, 0x2104, 0x20E4, 0x20E4,
  0x20E4, 0x20E4, 0x20E4, 0x20E4, 0x20E4, 0x20E4, 0x20E4, 0x20E4, 0x20E4, 0x20E4, 0x20E4, 0x20E4,
  0x20E4, 0x20E4, 0x20E4, 0x20E4, 0x20E4, 0x20E4, 0x20E4, 0x20E4, 0x20E4, 0x20E4, 0x20E4, 0x20E4,
  0x20E4, 0x20E4, 0x2104, 0x39A6, 0x630C, 0xB596, 0xEF7D, 0xFFDF, 0xFFFF, 0xFFFF, 0xFFFF, 0xFFFF,
  0xFFFF, 0xFFFF, 0xFFFF, 0xFFFF, 0xFFFF, 0xFFFF, 0xFFFF, 0xFFFF, 0xFFFF, 0xFFFF, 0xFFFF, 0xFFFF,
  0xFFFF, 0xFFFF, 0xFFFF, 0xFFFF, 0xFFFF, 0xFFFF, 0xFFFF, 0xFFFF, 0xFFFF, 0xFFFF, 0xFFFF, 0xFFFF,
  0xFFFF, 0xFFFF, 0xFFFF, 0xFFFF, 0xFFFF, 0xFFFF, 0xFFFF, 0xFFFF, 0xFFFF, 0xFFFF, 0xFFFF, 0xFFFF,
  0xFFFF, 0xFFFF, 0xFFFF, 0xFFFF, 0xFFFF, 0xFFFF, 0xFFFF, 0xFFFF, 0xFFFF, 0xFFFF, 0xFFFF, 0xFFFF,
  0xFFFF, 0xFFFF, 0xFFFF, 0xFFFF, 0xFFFF, 0xFFFF, 0xFFFF, 0xFFFF, 0xFFFF, 0xFFFF, 0xFFFF, 0xFFFF,
  0xFFFF, 0xFFFF, 0xFFFF, 0xFFFF, 0xFFFF, 0xFFFF, 0xFFFF, 0xFFFF, 0xFFFF, 0xFFFF, 0xFFFF, 0xFFFF,
  0xFFFF, 0xFFFF, 0xFFFF, 0xFFFF, 0xFFFF, 0xFFFF, 0xFFFF, 0xFFFF, 0xFFFF, 0xFFFF, 0xFFFF, 0xFFFF,
  0xFFFF, 0xFFFF, 0xFFFF, 0xFFFF, 0xFFFF, 0xFFFF, 0xFFFF, 0xFFFF, 0xFFFF, 0xFFFF, 0xFFFF, 0xFFFF,
  0xFFFF, 0xFFFF, 0xFFFF, 0xFFFF, 0xFFFF, 0xFFFF, 0xFFFF, 0xFFFF, 0xFFFF, 0xFFFF, 0xFFFF, 0xFFFF,
  0xFFFF, 0xFFFF, 0xFFFF, 0xFFFF, 0xFFFF, 0xFFFF, 0xFFFF, 0xFFFF, 0xFFFF, 0xFFFF, 0xFFFF, 0xFFFF,
  0xFFFF, 0xFFFF, 0xFFFF, 0xFFFF, 0xFFFF, 0xFFFF, 0xFFFF, 0xFFFF, 0xFFFF, 0xFFFF, 0xFFFF, 0xFFFF,
  0xFFFF, 0xFFFF, 0xFFFF, 0xFFFF, 0xFFFF, 0xFFFF, 0xFFFF, 0xFFFF, 0xFFFF, 0xEF7D, 0xAD55, 0x62EB,
  0x39A7, 0x2104, 0x20E4, 0x20E4, 0x20E4, 0x20E4, 0x20E4, 0x20E4, 0x20E4, 0x20E4, 0x20E4, 0x20E4,
  0x20E4, 0x20E4, 0x20E4, 0x20E4, 0x20E4, 0x20E4, 0x20E4, 0x20E4, 0x20E4, 0x20E4, 0x20E4, 0x20E4,
  0x20E4, 0x20E4, 0x20E4, 0x20E4, 0x20E4, 0x20E4, 0x20E4, 0x20E4, 0x20E4, 0x20E4, 0x20E4, 0x2104,
  0x2104, 0x2104, 0x2104, 0x2104, 0x2104, 0x2104, 0x2104, 0x2104, 0x2104, 0x2104, 0x2104, 0x2104,
  0x2104, 0x2104, 0x2104, 0x20E4, 0x20E4, 0x20E4, 0x20E4, 0x20E4, 0x20E4, 0x20E4, 0x20E4, 0x20E4,
  0x20E4, 0x20E4, 0x20E4, 0x20E4, 0x20E4, 0x20E4, 0x20E4, 0x20E4, 0x20E4, 0x20E4, 0x20E4, 0x20E4,
  0x20E4, 0x20E4, 0x20E4, 0x20E4, 0x20E4, 0x20E4, 0x20E4, 0x20E4, 0x20E4, 0x20E4, 0x20E4, 0x20E4,
  0x2104, 0x3186, 0x5ACB, 0xA534, 0xEF7D, 0xFFFF, 0xFFFF, 0xFFFF, 0xFFFF, 0xFFFF, 0xFFFF, 0xFFFF,
  0xFFFF, 0xFFFF, 0xFFFF, 0xFFFF, 0xFFFF, 0xFFFF, 0xFFFF, 0xFFFF, 0xFFFF, 0xFFFF, 0xFFFF, 0xFFFF,
  0xFFFF, 0xFFFF, 0xFFFF, 0xFFFF, 0xFFFF, 0xFFFF, 0xFFFF, 0xFFFF, 0xFFFF, 0xFFFF, 0xFFFF, 0xFFFF,
  0xFFFF, 0xFFFF, 0xFFFF, 0xFFFF, 0xFFFF, 0xFFFF, 0xFFFF, 0xFFFF, 0xFFFF, 0xFFFF, 0xFFFF, 0xFFFF,
  0xFFFF, 0xFFFF, 0xFFFF, 0xFFFF, 0xFFFF, 0xFFFF, 0xFFFF, 0xFFFF, 0xFFFF, 0xFFFF, 0xFFFF, 0xFFFF,
  0xFFFF, 0xFFFF, 0xFFFF, 0xFFFF, 0xFFFF, 0xFFFF, 0xFFFF, 0xFFFF, 0xFFFF, 0xFFFF, 0xFFFF, 0xFFFF,
  0xFFFF, 0xFFFF, 0xFFFF, 0xFFFF, 0xFFFF, 0xFFFF, 0xFFFF, 0xFFFF, 0xFFFF, 0xFFFF, 0xFFFF, 0xFFFF,
  0xFFFF, 0xFFFF, 0xFFFF, 0xFFFF, 0xFFFF, 0xFFFF, 0xFFFF, 0xFFFF, 0xFFFF, 0xFFFF, 0xFFFF, 0xFFFF,
  0xFFFF, 0xFFFF, 0xFFFF, 0xFFFF, 0xFFFF, 0xFFFF, 0xFFFF, 0xFFFF, 0xFFFF, 0xFFFF, 0xFFFF, 0xFFFF,
  0xFFFF, 0xFFFF, 0xFFFF, 0xFFFF, 0xFFFF, 0xFFFF, 0xFFFF, 0xFFFF, 0xFFFF, 0xFFFF, 0xFFFF, 0xFFFF,
  0xFFFF, 0xFFFF, 0xFFFF, 0xFFFF, 0xFFFF, 0xFFFF, 0xFFFF, 0xFFFF, 0xFFFF, 0xFFFF, 0xFFFF, 0xFFFF,
  0xFFFF, 0xFFFF, 0xFFFF, 0xFFFF, 0xFFFF, 0xFFFF, 0xFFFF, 0xFFFF, 0xFFFF, 0xFFFF, 0xFFFF, 0xFFFF,
  0xFFFF, 0xFFFF, 0xFFFF, 0xFFFF, 0xFFFF, 0xFFFF, 0xFFFF, 0xFFFF, 0xFFFF, 0xFFFF, 0xFFFF, 0xEF5D,
  0xAD55, 0x630C, 0x39A7, 0x2104, 0x20E4, 0x20E4, 0x20E4, 0x20E4, 0x20E4, 0x20E4, 0x20E4, 0x20E4,
  0x20E4, 0x20E4, 0x20E4, 0x20E4, 0x20E4, 0x20E4, 0x20E4, 0x20E4, 0x20E4, 0x20E4, 0x20E4, 0x20E4,
  0x20E4, 0x20E4, 0x20E4, 0x20E4, 0x20E4, 0x20E4, 0x20E4, 0x20E4, 0x20E4, 0x20E4, 0x20E4, 0x20E4,
  0x20E4, 0x20E4, 0x20E4, 0x20E4, 0x20E4, 0x20E4, 0x20E4, 0x20E4, 0x20E4, 0x20E4, 0x20E4, 0x20E4,
  0x20E4, 0x20E4, 0x20E4, 0x20E4, 0x20E4, 0x20E4, 0x20E4, 0x20E4, 0x20E4, 0x20E4, 0x20E4, 0x20E4,
  0x20E4, 0x20E4, 0x20E4, 0x20E4, 0x20E4, 0x20E4, 0x20E4, 0x20E4, 0x20E4, 0x20E4, 0x20E4, 0x20E4,
  0x20E4, 0x20E4, 0x20E4, 0x20E4, 0x20E4, 0x20E4, 0x20E4, 0x20E4, 0x20E4, 0x20E4, 0x2104, 0x39A6,
  0x62EB, 0x9CF3, 0xE73C, 0xFFFF, 0xFFFF, 0xFFFF, 0xFFFF, 0xFFFF, 0xFFFF, 0xFFFF, 0xFFFF, 0xFFFF,
  0xFFFF, 0xFFFF, 0xFFFF, 0xFFFF, 0xFFFF, 0xFFFF, 0xFFFF, 0xFFFF, 0xFFFF, 0xFFFF, 0xFFFF, 0xFFFF,
  0xFFFF, 0xFFFF, 0xFFFF, 0xFFFF, 0xFFFF, 0xFFFF, 0xFFFF, 0xFFFF, 0xFFFF, 0xFFFF, 0xFFFF, 0xFFFF,
  0xFFFF, 0xFFFF, 0xFFFF, 0xFFFF, 0xFFFF, 0xFFFF, 0xFFFF, 0xFFFF, 0xFFFF, 0xFFFF, 0xFFFF, 0xFFFF,
  0xFFFF, 0xFFFF, 0xFFFF, 0xFFFF, 0xFFFF, 0xFFFF, 0xFFFF, 0xFFFF, 0xFFFF, 0xFFFF, 0xFFFF, 0xFFFF,
  0xFFFF, 0xFFFF, 0xFFFF, 0xFFFF, 0xFFFF, 0xFFFF, 0xFFFF, 0xFFFF, 0xFFFF, 0xFFFF, 0xFFFF, 0xFFFF,
  0xFFFF, 0xFFFF, 0xFFFF, 0xFFFF, 0xFFFF, 0xFFFF, 0xFFFF, 0xFFFF, 0xFFFF, 0xFFFF, 0xFFFF, 0xFFFF,
  0xFFFF, 0xFFFF, 0xFFFF, 0xFFFF, 0xFFFF, 0xFFFF, 0xFFFF, 0xFFFF, 0xFFFF, 0xFFFF, 0xFFFF, 0xFFFF,
  0xFFFF, 0xFFFF, 0xFFFF, 0xFFFF, 0xFFFF, 0xFFFF, 0xFFFF, 0xFFFF, 0xFFFF, 0xFFFF, 0xFFFF, 0xFFFF,
  0xFFFF, 0xFFFF, 0xFFFF, 0xFFFF, 0xFFFF, 0xFFFF, 0xFFFF, 0xFFFF, 0xFFFF, 0xFFFF, 0xFFFF, 0xFFFF,
  0xFFFF, 0xFFFF, 0xFFFF, 0xFFFF, 0xFFFF, 0xFFFF, 0xFFFF, 0xFFFF, 0xFFFF, 0xFFFF, 0xFFFF, 0xFFFF,
  0xFFFF, 0xFFFF, 0xFFFF, 0xFFFF, 0xFFFF, 0xFFFF, 0xFFFF, 0xFFFF, 0xFFFF, 0xFFFF, 0xFFFF, 0xFFFF,
  0xFFFF, 0xFFFF, 0xFFFF, 0xFFFF, 0xFFFF, 0xFFFF, 0xFFFF, 0xFFFF, 0xFFFF, 0xFFFF, 0xFFFF, 0xFFFF,
  0xFFFF, 0xE73C, 0xAD55, 0x738E, 0x4208, 0x2124, 0x20E4, 0x20E4, 0x20E4, 0x20E4, 0x20E4, 0x20E4,
  0x20E4, 0x20E4, 0x20E4, 0x20E4, 0x20E4, 0x20E4, 0x20E4, 0x20E4, 0x20E4, 0x20E4, 0x20E4, 0x20E4,
  0x20E4, 0x20E4, 0x20E4, 0x20E4, 0x20E4, 0x20E4, 0x20E4, 0x20E4, 0x20E4, 0x20E4, 0x20E4, 0x20E4,
  0x20E4, 0x20E4, 0x20E4, 0x20E4, 0x20E4, 0x20E4, 0x20E4, 0x20E4, 0x20E4, 0x20E4, 0x20E4, 0x20E4,
  0x20E4, 0x20E4, 0x20E4, 0x20E4, 0x20E4, 0x20E4, 0x20E4, 0x20E4, 0x20E4, 0x20E4, 0x20E4, 0x20E4,
  0x20E4, 0x20E4, 0x20E4, 0x20E4, 0x20E4, 0x20E4, 0x20E4, 0x20E4, 0x20E4, 0x20E4, 0x20E4, 0x20E4,
  0x20E4, 0x20E4, 0x20E4, 0x20E4, 0x20E4, 0x20E4, 0x20E4, 0x20E4, 0x2104, 0x39C7, 0x736D, 0xAD55,
  0xE71C, 0xFFFF, 0xFFFF, 0xFFFF, 0xFFFF, 0xFFFF, 0xFFFF, 0xFFFF, 0xFFFF, 0xFFFF, 0xFFFF, 0xFFFF,
  0xFFFF, 0xFFFF, 0xFFFF, 0xFFFF, 0xFFFF, 0xFFFF, 0xFFFF, 0xFFFF, 0xFFFF, 0xFFFF, 0xFFFF, 0xFFFF,
  0xFFFF, 0xFFFF, 0xFFFF, 0xFFFF, 0xFFFF, 0xFFFF, 0xFFFF, 0xFFFF, 0xFFFF, 0xFFFF, 0xFFFF, 0xFFFF,
  0xFFFF, 0xFFFF, 0xFFFF, 0xFFFF, 0xFFFF, 0xFFFF, 0xFFFF, 0xFFFF, 0xFFFF, 0xFFFF, 0xFFFF, 0xFFFF,
  0xFFFF, 0xFFFF, 0xFFFF, 0xFFFF, 0xFFFF, 0xFFFF, 0xFFFF, 0xFFFF, 0xFFFF, 0xFFFF, 0xFFFF, 0xFFFF,
  0xFFFF, 0xFFFF, 0xFFFF, 0xFFFF, 0xFFFF, 0xFFFF, 0xFFFF, 0xFFFF, 0xFFFF, 0xFFFF, 0xFFFF, 0xFFFF,
  0xFFFF, 0xFFFF, 0xFFFF, 0xFFFF, 0xFFFF, 0xFFFF, 0xFFFF, 0xFFFF, 0xFFFF, 0xFFFF, 0xFFFF, 0xFFFF,
  0xFFFF, 0xFFFF, 0xFFFF, 0xFFFF, 0xFFFF, 0xFFFF, 0xFFFF, 0xFFFF, 0xFFFF, 0xFFFF, 0xFFFF, 0xFFFF,
  0xFFFF, 0xFFFF, 0xFFFF, 0xFFFF, 0xFFFF, 0xFFFF, 0xFFFF, 0xFFFF, 0xFFFF, 0xFFFF, 0xFFFF, 0xFFFF,
  0xFFFF, 0xFFFF, 0xFFFF, 0xFFFF, 0xFFFF, 0xFFFF, 0xFFFF, 0xFFFF, 0xFFFF, 0xFFFF, 0xFFFF, 0xFFFF,
  0xFFFF, 0xFFFF, 0xFFFF, 0xFFFF, 0xFFFF, 0xFFFF, 0xFFFF, 0xFFFF, 0xFFFF, 0xFFFF, 0xFFFF, 0xFFFF,
  0xFFFF, 0xFFFF, 0xFFFF, 0xFFFF, 0xFFFF, 0xFFFF, 0xFFFF, 0xFFFF, 0xFFFF, 0xFFFF, 0xFFFF, 0xFFFF,
  0xFFFF, 0xFFFF, 0xFFFF, 0xFFFF, 0xFFFF, 0xFFFF, 0xFFFF, 0xFFFF, 0xFFFF, 0xFFFF, 0xFFFF, 0xFFFF,
  0xFFFF, 0xFFFF, 0xFFFF, 0xEF5D, 0xBDF7, 0x8C51, 0x5269, 0x2924, 0x20E4, 0x20E4, 0x20E4, 0x20E4,
  0x20E4, 0x20E4, 0x20E4, 0x20E4, 0x20E4, 0x20E4, 0x20E4, 0x20E4, 0x20E4, 0x20E4, 0x20E4, 0x20E4,
  0x20E4, 0x20E4, 0x20E4, 0x20E4, 0x20E4, 0x20E4, 0x20E4, 0x20E4, 0x20E4, 0x20E4, 0x20E4, 0x20E4,
  0x20E4, 0x20E4, 0x20E4, 0x20E4, 0x20E4, 0x20E4, 0x20E4, 0x20E4, 0x20E4, 0x20E4, 0x20E4, 0x20E4,
  0x20E4, 0x20E4, 0x20E4, 0x20E4, 0x20E4, 0x20E4, 0x20E4, 0x20E4, 0x20E4, 0x20E4, 0x20E4, 0x20E4,
  0x20E4, 0x20E4, 0x20E4, 0x20E4, 0x20E4, 0x20E4, 0x20E4, 0x20E4, 0x20E4, 0x20E4, 0x20E4, 0x20E4,
  0x20E4, 0x20E4, 0x20E4, 0x20E4, 0x20E4, 0x20E4, 0x2104, 0x4A49, 0x83F0, 0xBDB6, 0xE73C, 0xFFFF,
  0xFFFF, 0xFFFF, 0xFFFF, 0xFFFF, 0xFFFF, 0xFFFF, 0xFFFF, 0xFFFF, 0xFFFF, 0xFFFF, 0xFFFF, 0xFFFF,
  0xFFFF, 0xFFFF, 0xFFFF, 0xFFFF, 0xFFFF, 0xFFFF, 0xFFFF, 0xFFFF, 0xFFFF, 0xFFFF, 0xFFFF, 0xFFFF,
  0xFFFF, 0xFFFF, 0xFFFF, 0xFFFF, 0xFFFF, 0xFFFF, 0xFFFF, 0xFFFF, 0xFFFF, 0xFFFF, 0xFFFF, 0xFFFF,
  0xFFFF, 0xFFFF, 0xFFFF, 0xFFFF, 0xFFFF, 0xFFFF, 0xFFFF, 0xFFFF, 0xFFFF, 0xFFFF, 0xFFFF, 0xFFFF,
  0xFFFF, 0xFFFF, 0xFFFF, 0xFFFF, 0xFFFF, 0xFFFF, 0xFFFF, 0xFFFF, 0xFFFF, 0xFFFF, 0xFFFF, 0xFFFF,
  0xFFFF, 0xFFFF, 0xFFFF, 0xFFFF, 0xFFFF, 0xFFFF, 0xFFFF, 0xFFFF, 0xFFFF, 0xFFFF, 0xFFFF, 0xFFFF,
  0xFFFF, 0xFFFF, 0xFFFF, 0xFFFF, 0xFFFF, 0xFFFF, 0xFFFF, 0xFFFF, 0xFFFF, 0xFFFF, 0xFFFF, 0xFFFF,
  0xFFFF, 0xFFFF, 0xFFFF, 0xFFFF, 0xFFFF, 0xFFFF, 0xFFFF, 0xFFFF, 0xFFFF, 0xFFFF, 0xFFFF, 0xFFFF,
  0xFFFF, 0xFFFF, 0xFFFF, 0xFFFF, 0xFFFF, 0xFFFF, 0xFFFF, 0xFFFF, 0xFFFF, 0xFFFF, 0xFFFF, 0xFFFF,
  0xFFFF, 0xFFFF, 0xFFFF, 0xFFFF, 0xFFFF, 0xFFFF, 0xFFFF, 0xFFFF, 0xFFFF, 0xFFFF, 0xFFFF, 0xFFFF,
  0xFFFF, 0xFFFF, 0xFFFF, 0xFFFF, 0xFFFF, 0xFFFF, 0xFFFF, 0xFFFF, 0xFFFF, 0xFFFF, 0xFFFF, 0xFFFF,
  0xFFFF, 0xFFFF, 0xFFFF, 0xFFFF, 0xFFFF, 0xFFFF, 0xFFFF, 0xFFFF, 0xFFFF, 0xFFFF, 0xFFFF, 0xFFFF,
  0xFFFF, 0xFFFF, 0xFFFF, 0xFFFF, 0xFFFF, 0xFFFF, 0xFFFF, 0xFFFF, 0xFFFF, 0xFFFF, 0xFFFF, 0xFFFF,
  0xFFFF, 0xFFFF, 0xFFFF, 0xFFFF, 0xFFFF, 0xF79E, 0xD69A, 0xA534, 0x632C, 0x3186, 0x20E4, 0x20E4,
  0x20E4, 0x20E4, 0x20E4, 0x20E4, 0x20E4, 0x20E4, 0x20E4, 0x20E4, 0x20E4, 0x20E4, 0x20E4, 0x20E4,
  0x20E4, 0x20E4, 0x20E4, 0x20E4, 0x20E4, 0x20E4, 0x20E4, 0x20E4, 0x20E4, 0x20E4, 0x20E4, 0x20E4,
  0x20E4, 0x20E4, 0x20E4, 0x20E4, 0x20E4, 0x20E4, 0x20E4, 0x20E4, 0x20E4, 0x20E4, 0x20E4, 0x20E4,
  0x20E4, 0x20E4, 0x20E4, 0x20E4, 0x20E4, 0x20E4, 0x20E4, 0x20E4, 0x20E4, 0x20E4, 0x20E4, 0x20E4,
  0x20E4, 0x20E4, 0x20E4, 0x20E4, 0x20E4, 0x20E4, 0x20E4, 0x20E4, 0x20E4, 0x20E4, 0x20E4, 0x20E4,
  0x20E4, 0x20E4, 0x20E4, 0x20E4, 0x3165, 0x630C, 0xA514, 0xCE79, 0xEF5D, 0xFFFF, 0xFFFF, 0xFFFF,
  0xFFFF, 0xFFFF, 0xFFFF, 0xFFFF, 0xFFFF, 0xFFFF, 0xFFFF, 0xFFFF, 0xFFFF, 0xFFFF, 0xFFFF, 0xFFFF,
  0xFFFF, 0xFFFF, 0xFFFF, 0xFFFF, 0xFFFF, 0xFFFF, 0xFFFF, 0xFFFF, 0xFFFF, 0xFFFF, 0xFFFF, 0xFFFF,
  0xFFFF, 0xFFFF, 0xFFFF, 0xFFFF, 0xFFFF, 0xFFFF, 0xFFFF, 0xFFFF, 0xFFFF, 0xFFFF, 0xFFFF, 0xFFFF,
  0xFFFF, 0xFFFF, 0xFFFF, 0xFFFF, 0xFFFF, 0xFFFF, 0xFFFF, 0xFFFF, 0xFFFF, 0xFFFF, 0xFFFF, 0xFFFF,
  0xFFFF, 0xFFFF, 0xFFFF, 0xFFFF, 0xFFFF, 0xFFFF, 0xFFFF, 0xFFFF, 0xFFFF, 0xFFFF, 0xFFFF, 0xFFFF,
  0xFFFF, 0xFFFF, 0xFFFF, 0xFFFF, 0xFFFF, 0xFFFF, 0xFFFF, 0xFFFF, 0xFFFF, 0xFFFF, 0xFFFF, 0xFFFF,
  0xFFFF, 0xFFFF, 0xFFFF, 0xFFFF, 0xFFFF, 0xFFFF, 0xFFFF, 0xFFFF, 0xFFFF, 0xFFFF, 0xFFFF, 0xFFFF,
  0xFFFF, 0xFFFF, 0xFFFF, 0xFFFF, 0xFFFF, 0xFFFF, 0xFFFF, 0xFFFF, 0xFFFF, 0xFFFF, 0xFFFF, 0xFFFF,
  0xFFFF, 0xFFFF, 0xFFFF, 0xFFFF, 0xFFFF, 0xFFFF, 0xFFFF, 0xFFFF, 0xFFFF, 0xFFFF, 0xFFFF, 0xFFFF,
  0xFFFF, 0xFFFF, 0xFFFF, 0xFFFF, 0xFFFF, 0xFFFF, 0xFFFF, 0xFFFF, 0xFFFF, 0xFFFF, 0xFFFF, 0xFFFF,
  0xFFFF, 0xFFFF, 0xFFFF, 0xFFFF, 0xFFFF, 0xFFFF, 0xFFFF, 0xFFFF, 0xFFFF, 0xFFFF, 0xFFFF, 0xFFFF,
  0xFFFF, 0xFFFF, 0xFFFF, 0xFFFF, 0xFFFF, 0xFFFF, 0xFFFF, 0xFFFF, 0xFFFF, 0xFFFF, 0xFFFF, 0xFFFF,
  0xFFFF, 0xFFFF, 0xFFFF, 0xFFFF, 0xFFFF, 0xFFFF, 0xFFFF, 0xFFFF, 0xFFFF, 0xFFFF, 0xFFFF, 0xFFFF,
  0xFFFF, 0xFFFF, 0xFFFF, 0xFFFF, 0xFFFF, 0xFFFF, 0xFFFF, 0xF7BE, 0xE71C, 0xC638, 0x9471, 0x528A,
  0x2945, 0x2104, 0x2104, 0x20E4, 0x20E4, 0x20E4, 0x20E4, 0x20E4, 0x20E4, 0x20E4, 0x20E4, 0x20E4,
  0x20E4, 0x20E4, 0x20E4, 0x20E4, 0x20E4, 0x20E4, 0x20E4, 0x20E4, 0x20E4, 0x20E4, 0x20E4, 0x20E4,
  0x20E4, 0x20E4, 0x20E4, 0x20E4, 0x20E4, 0x20E4, 0x20E4, 0x20E4, 0x20E4, 0x20E4, 0x20E4, 0x20E4,
  0x20E4, 0x20E4, 0x20E4, 0x20E4, 0x20E4, 0x20E4, 0x20E4, 0x20E4, 0x20E4, 0x20E4, 0x20E4, 0x20E4,
  0x20E4, 0x20E4, 0x20E4, 0x20E4, 0x20E4, 0x20E4, 0x20E4, 0x20E4, 0x20E4, 0x20E4, 0x20E4, 0x2104,
  0x2104, 0x2945, 0x4A28, 0x8410, 0xBDF7, 0xE6FB, 0xF7BE, 0xFFFF, 0xFFFF, 0xFFFF, 0xFFFF, 0xFFFF,
  0xFFFF, 0xFFFF, 0xFFFF, 0xFFFF, 0xFFFF, 0xFFFF, 0xFFFF, 0xFFFF, 0xFFFF, 0xFFFF, 0xFFFF, 0xFFFF,
  0xFFFF, 0xFFFF, 0xFFFF, 0xFFFF, 0xFFFF, 0xFFFF, 0xFFFF, 0xFFFF, 0xFFFF, 0xFFFF, 0xFFFF, 0xFFFF,
  0xFFFF, 0xFFFF, 0xFFFF, 0xFFFF, 0xFFFF, 0xFFFF, 0xFFFF, 0xFFFF, 0xFFFF, 0xFFFF, 0xFFFF, 0xFFFF,
  0xFFFF, 0xFFFF, 0xFFFF, 0xFFFF, 0xFFFF, 0xFFFF, 0xFFFF, 0xFFFF, 0xFFFF, 0xFFFF, 0xFFFF, 0xFFFF,
  0xFFFF, 0xFFFF, 0xFFFF, 0xFFFF, 0xFFFF, 0xFFFF, 0xFFFF, 0xFFFF, 0xFFFF, 0xFFFF, 0xFFFF, 0xFFFF,
  0xFFFF, 0xFFFF, 0xFFFF, 0xFFFF, 0xFFFF, 0xFFFF, 0xFFFF, 0xFFFF, 0xFFFF, 0xFFFF, 0xFFFF, 0xFFFF,
  0xFFFF, 0xFFFF, 0xFFFF, 0xFFFF, 0xFFFF, 0xFFFF, 0xFFFF, 0xFFFF, 0xFFFF, 0xFFFF, 0xFFFF, 0xFFFF,
  0xFFFF, 0xFFFF, 0xFFFF, 0xFFFF, 0xFFFF, 0xFFFF, 0xFFFF, 0xFFFF, 0xFFFF, 0xFFFF, 0xFFFF, 0xFFFF,
  0xFFFF, 0xFFFF, 0xFFFF, 0xFFFF, 0xFFFF, 0xFFFF, 0xFFFF, 0xFFFF, 0xFFFF, 0xFFFF, 0xFFFF, 0xFFFF,
  0xFFFF, 0xFFFF, 0xFFFF, 0xFFFF, 0xFFFF, 0xFFFF, 0xFFFF, 0xFFFF, 0xFFFF, 0xFFFF, 0xFFFF, 0xFFFF,
  0xFFFF, 0xFFFF, 0xFFFF, 0xFFFF, 0xFFFF, 0xFFFF, 0xFFFF, 0xFFFF, 0xFFFF, 0xFFFF, 0xFFFF, 0xFFFF,
  0xFFFF, 0xFFFF, 0xFFFF, 0xFFFF, 0xFFFF, 0xFFFF, 0xFFFF, 0xFFFF, 0xFFFF, 0xFFFF, 0xFFFF, 0xFFFF,
  0xFFFF, 0xFFFF, 0xFFFF, 0xFFFF, 0xFFFF, 0xFFFF, 0xFFFF, 0xFFFF, 0xFFFF, 0xFFFF, 0xFFFF, 0xFFFF,
  0xFFFF, 0xFFFF, 0xFFFF, 0xFFFF, 0xFFFF, 0xFFFF, 0xFFFF, 0xFFFF, 0xFFFF, 0xFFFF, 0xF79E, 0xDEFB,
  0xBDD7, 0x8410, 0x4A49, 0x3186, 0x2945, 0x2104, 0x20E4, 0x20E4, 0x20E4, 0x20E4, 0x20E4, 0x20E4,
  0x20E4, 0x20E4, 0x20E4, 0x20E4, 0x20E4, 0x20E4, 0x20E4, 0x20E4, 0x20E4, 0x20E4, 0x20E4, 0x20E4,
  0x20E4, 0x20E4, 0x20E4, 0x20E4, 0x20E4, 0x20E4, 0x20E4, 0x20E4, 0x20E4, 0x20E4, 0x20E4, 0x20E4,
  0x20E4, 0x20E4, 0x20E4, 0x20E4, 0x20E4, 0x20E4, 0x20E4, 0x20E4, 0x20E4, 0x20E4, 0x20E4, 0x20E4,
  0x20E4, 0x20E4, 0x20E4, 0x20E4, 0x20E4, 0x20E4, 0x20E4, 0x20E4, 0x2104, 0x2925, 0x3165, 0x4A28,
  0x7BEF, 0xB5B6, 0xDEDB, 0xEF7D, 0xFFDF, 0xFFFF, 0xFFFF, 0xFFFF, 0xFFFF, 0xFFFF, 0xFFFF, 0xFFFF,
  0xFFFF, 0xFFFF, 0xFFFF, 0xFFFF, 0xFFFF, 0xFFFF, 0xFFFF, 0xFFFF, 0xFFFF, 0xFFFF, 0xFFFF, 0xFFFF,
  0xFFFF, 0xFFFF, 0xFFFF, 0xFFFF, 0xFFFF, 0xFFFF, 0xFFFF, 0xFFFF, 0xFFFF, 0xFFFF, 0xFFFF, 0xFFFF,
  0xFFFF, 0xFFFF, 0xFFFF, 0xFFFF, 0xFFFF, 0xFFFF, 0xFFFF, 0xFFFF, 0xFFFF, 0xFFFF, 0xFFFF, 0xFFFF,
  0xFFFF, 0xFFFF, 0xFFFF, 0xFFFF, 0xFFFF, 0xFFFF, 0xFFFF, 0xFFFF, 0xFFFF, 0xFFFF, 0xFFFF, 0xFFFF,
  0xFFFF, 0xFFFF, 0xFFFF, 0xFFFF, 0xFFFF, 0xFFFF, 0xFFFF, 0xFFFF, 0xFFFF, 0xFFFF, 0xFFFF, 0xFFFF,
  0xFFFF, 0xFFFF, 0xFFFF, 0xFFFF, 0xFFFF, 0xFFFF, 0xFFFF, 0xFFFF, 0xFFFF, 0xFFFF, 0xFFFF, 0xFFFF,
  0xFFFF, 0xFFFF, 0xFFFF, 0xFFFF, 0xFFFF, 0xFFFF, 0xFFFF, 0xFFFF, 0xFFFF, 0xFFFF, 0xFFFF, 0xFFFF,
  0xFFFF, 0xFFFF, 0xFFFF, 0xFFFF, 0xFFFF, 0xFFFF, 0xFFFF, 0xFFFF, 0xFFFF, 0xFFFF, 0xFFFF, 0xFFFF,
  0xFFFF, 0xFFFF, 0xFFFF, 0xFFFF, 0xFFFF, 0xFFFF, 0xFFFF, 0xFFFF, 0xFFFF, 0xFFFF, 0xFFFF, 0xFFFF,
  0xFFFF, 0xFFFF, 0xFFFF, 0xFFFF, 0xFFFF, 0xFFFF, 0xFFFF, 0xFFFF, 0xFFFF, 0xFFFF, 0xFFFF, 0xFFFF,
  0xFFFF, 0xFFFF, 0xFFFF, 0xFFFF, 0xFFFF, 0xFFFF, 0xFFFF, 0xFFFF, 0xFFFF, 0xFFFF, 0xFFFF, 0xFFFF,
  0xFFFF, 0xFFFF, 0xFFFF, 0xFFFF, 0xFFFF, 0xFFFF, 0xFFFF, 0xFFFF, 0xFFFF, 0xFFFF, 0xFFFF, 0xFFFF,
  0xFFFF, 0xFFFF, 0xFFFF, 0xFFFF, 0xFFFF, 0xFFFF, 0xFFFF, 0xFFFF, 0xFFFF, 0xFFFF, 0xFFFF, 0xFFFF,
  0xFFFF, 0xFFFF, 0xFFFF, 0xFFFF, 0xFFFF, 0xFFFF, 0xFFFF, 0xFFFF, 0xFFFF, 0xFFFF, 0xFFFF, 0xFFFF,
  0xFFDF, 0xEF7D, 0xE71C, 0xC5F7, 0x8C51, 0x5AAA, 0x39C7, 0x3186, 0x2925, 0x2104, 0x20E4, 0x20E4,
  0x20E4, 0x20E4, 0x20E4, 0x20E4, 0x20E4, 0x20E4, 0x20E4, 0x20E4, 0x20E4, 0x20E4, 0x20E4, 0x20E4,
  0x20E4, 0x20E4, 0x20E4, 0x20E4, 0x20E4, 0x20E4, 0x20E4, 0x20E4, 0x20E4, 0x20E4, 0x20E4, 0x20E4,
  0x20E4, 0x20E4, 0x20E4, 0x20E4, 0x20E4, 0x20E4, 0x20E4, 0x20E4, 0x20E4, 0x20E4, 0x20E4, 0x20E4,
  0x20E4, 0x20E4, 0x20E4, 0x20E4, 0x2104, 0x2924, 0x3166, 0x39C7, 0x528A, 0x8410, 0xB596, 0xDEFB,
  0xEF7D, 0xFFDF, 0xFFFF, 0xFFFF, 0xFFFF, 0xFFFF, 0xFFFF, 0xFFFF, 0xFFFF, 0xFFFF, 0xFFFF, 0xFFFF,
  0xFFFF, 0xFFFF, 0xFFFF, 0xFFFF, 0xFFFF, 0xFFFF, 0xFFFF, 0xFFFF, 0xFFFF, 0xFFFF, 0xFFFF, 0xFFFF,
  0xFFFF, 0xFFFF, 0xFFFF, 0xFFFF, 0xFFFF, 0xFFFF, 0xFFFF, 0xFFFF, 0xFFFF, 0xFFFF, 0xFFFF, 0xFFFF,
  0xFFFF, 0xFFFF, 0xFFFF, 0xFFFF, 0xFFFF, 0xFFFF, 0xFFFF, 0xFFFF, 0xFFFF, 0xFFFF, 0xFFFF, 0xFFFF,
  0xFFFF, 0xFFFF, 0xFFFF, 0xFFFF, 0xFFFF, 0xFFFF, 0xFFFF, 0xFFFF, 0xFFFF, 0xFFFF, 0xFFFF, 0xFFFF,
  0xFFFF, 0xFFFF, 0xFFFF, 0xFFFF, 0xFFFF, 0xFFFF, 0xFFFF, 0xFFFF, 0xFFFF, 0xFFFF, 0xFFFF, 0xFFFF,
  0xFFFF, 0xFFFF, 0xFFFF, 0xFFFF, 0xFFFF, 0xFFFF, 0xFFFF, 0xFFFF, 0xFFFF, 0xFFFF, 0xFFFF, 0xFFFF,
  0xFFFF, 0xFFFF, 0xFFFF, 0xFFFF, 0xFFFF, 0xFFFF, 0xFFFF, 0xFFFF, 0xFFFF, 0xFFFF, 0xFFFF, 0xFFFF,
  0xFFFF, 0xFFFF, 0xFFFF, 0xFFFF, 0xFFFF, 0xFFFF, 0xFFFF, 0xFFFF, 0xFFFF, 0xFFFF, 0xFFFF, 0xFFFF,
  0xFFFF, 0xFFFF, 0xFFFF, 0xFFFF, 0xFFFF, 0xFFFF, 0xFFFF, 0xFFFF, 0xFFFF, 0xFFFF, 0xFFFF, 0xFFFF,
  0xFFFF, 0xFFFF, 0xFFFF, 0xFFFF, 0xFFFF, 0xFFFF, 0xFFFF, 0xFFFF, 0xFFFF, 0xFFFF, 0xFFFF, 0xFFFF,
  0xFFFF, 0xFFFF, 0xFFFF, 0xFFFF, 0xFFFF, 0xFFFF, 0xFFFF, 0xFFFF, 0xFFFF, 0xFFFF, 0xFFFF, 0xFFFF,
  0xFFFF, 0xFFFF, 0xFFFF, 0xFFFF, 0xFFFF, 0xFFFF, 0xFFFF, 0xFFFF, 0xFFFF, 0xFFFF, 0xFFFF, 0xFFFF,
  0xFFFF, 0xFFFF, 0xFFFF, 0xFFFF, 0xFFFF, 0xFFFF, 0xFFFF, 0xFFFF, 0xFFFF, 0xFFFF, 0xFFFF, 0xFFFF,
  0xFFFF, 0xFFFF, 0xFFFF, 0xFFFF, 0xFFFF, 0xFFFF, 0xFFFF, 0xFFFF, 0xFFFF, 0xFFFF, 0xFFFF, 0xFFFF,
  0xFFFF, 0xFFFF, 0xFFFF, 0xFFDF, 0xF7BE, 0xEF7D, 0xCE79, 0xA534, 0x7BCF, 0x528A, 0x41E8, 0x39A6,
  0x2945, 0x2104, 0x20E4, 0x20E4, 0x20E4, 0x20E4, 0x20E4, 0x20E4, 0x20E4, 0x20E4, 0x20E4, 0x20E4,
  0x20E4, 0x20E4, 0x20E4, 0x20E4, 0x20E4, 0x20E4, 0x20E4, 0x20E4, 0x20E4, 0x20E4, 0x20E4, 0x20E4,
  0x20E4, 0x20E4, 0x20E4, 0x20E4, 0x20E4, 0x20E4, 0x20E4, 0x20E4, 0x20E4, 0x20E4, 0x20E4, 0x20E4,
  0x2104, 0x2945, 0x39A6, 0x41E7, 0x5269, 0x6B6D, 0x9CF3, 0xCE79, 0xEF5D, 0xF7BE, 0xFFDF, 0xFFFF,
  0xFFFF, 0xFFFF, 0xFFFF, 0xFFFF, 0xFFFF, 0xFFFF, 0xFFFF, 0xFFFF, 0xFFFF, 0xFFFF, 0xFFFF, 0xFFFF,
  0xFFFF, 0xFFFF, 0xFFFF, 0xFFFF, 0xFFFF, 0xFFFF, 0xFFFF, 0xFFFF, 0xFFFF, 0xFFFF, 0xFFFF, 0xFFFF,
  0xFFFF, 0xFFFF, 0xFFFF, 0xFFFF, 0xFFFF, 0xFFFF, 0xFFFF, 0xFFFF, 0xFFFF, 0xFFFF, 0xFFFF, 0xFFFF,
  0xFFFF, 0xFFFF, 0xFFFF, 0xFFFF, 0xFFFF, 0xFFFF, 0xFFFF, 0xFFFF, 0xFFFF, 0xFFFF, 0xFFFF, 0xFFFF,
  0xFFFF, 0xFFFF, 0xFFFF, 0xFFFF, 0xFFFF, 0xFFFF, 0xFFFF, 0xFFFF, 0xFFFF, 0xFFFF, 0xFFFF, 0xFFFF,
  0xFFFF, 0xFFFF, 0xFFFF, 0xFFFF, 0xFFFF, 0xFFFF, 0xFFFF, 0xFFFF, 0xFFFF, 0xFFFF, 0xFFFF, 0xFFFF,
  0xFFFF, 0xFFFF, 0xFFFF, 0xFFFF, 0xFFFF, 0xFFFF, 0xFFFF, 0xFFFF, 0xFFFF, 0xFFFF, 0xFFFF, 0xFFFF,
  0xFFFF, 0xFFFF, 0xFFFF, 0xFFFF, 0xFFFF, 0xFFFF, 0xFFFF, 0xFFFF, 0xFFFF, 0xFFFF, 0xFFFF, 0xFFFF,
  0xFFFF, 0xFFFF, 0xFFFF, 0xFFFF, 0xFFFF, 0xFFFF, 0xFFFF, 0xFFFF, 0xFFFF, 0xFFFF, 0xFFFF, 0xFFFF,
  0xFFFF, 0xFFFF, 0xFFFF, 0xFFFF, 0xFFFF, 0xFFFF, 0xFFFF, 0xFFFF, 0xFFFF, 0xFFFF, 0xFFFF, 0xFFFF,
  0xFFFF, 0xFFFF, 0xFFFF, 0xFFFF, 0xFFFF, 0xFFFF, 0xFFFF, 0xFFFF, 0xFFFF, 0xFFFF, 0xFFFF, 0xFFFF,
  0xFFFF, 0xFFFF, 0xFFFF, 0xFFFF, 0xFFFF, 0xFFFF, 0xFFFF, 0xFFFF, 0xFFFF, 0xFFFF, 0xFFFF, 0xFFFF,
  0xFFFF, 0xFFFF, 0xFFFF, 0xFFFF, 0xFFFF, 0xFFFF, 0xFFFF, 0xFFFF, 0xFFFF, 0xFFFF, 0xFFFF, 0xFFFF,
  0xFFFF, 0xFFFF, 0xFFFF, 0xFFFF, 0xFFFF, 0xFFFF, 0xFFFF, 0xFFFF, 0xFFFF, 0xFFFF, 0xFFFF, 0xFFFF,
  0xFFFF, 0xFFFF, 0xFFFF, 0xFFFF, 0xFFFF, 0xFFFF, 0xFFFF, 0xFFFF, 0xFFFF, 0xFFFF, 0xFFFF, 0xFFFF,
  0xFFFF, 0xFFFF, 0xFFFF, 0xFFFF, 0xFFFF, 0xFFFF, 0xFFFF, 0xFFFF, 0xFFDF, 0xF79E, 0xCE79, 0xA534,
  0x8410, 0x630C, 0x528A, 0x4208, 0x39C7, 0x3186, 0x2925, 0x2104, 0x20E4, 0x20E4, 0x20E4, 0x20E4,
  0x20E4, 0x20E4, 0x20E4, 0x20E4, 0x20E4, 0x20E4, 0x20E4, 0x20E4, 0x20E4, 0x20E4, 0x20E4, 0x20E4,
  0x20E4, 0x20E4, 0x20E4, 0x20E4, 0x20E4, 0x20E4, 0x20E4, 0x2924, 0x3166, 0x39C7, 0x4208, 0x5269,
  0x5AEB, 0x7BEF, 0xA534, 0xCE59, 0xEF7D, 0xFFDF, 0xFFFF, 0xFFFF, 0xFFFF, 0xFFFF, 0xFFFF, 0xFFFF,
  0xFFFF, 0xFFFF, 0xFFFF, 0xFFFF, 0xFFFF, 0xFFFF, 0xFFFF, 0xFFFF, 0xFFFF, 0xFFFF, 0xFFFF, 0xFFFF,
  0xFFFF, 0xFFFF, 0xFFFF, 0xFFFF, 0xFFFF, 0xFFFF, 0xFFFF, 0xFFFF, 0xFFFF, 0xFFFF, 0xFFFF, 0xFFFF,
  0xFFFF, 0xFFFF, 0xFFFF, 0xFFFF, 0xFFFF, 0xFFFF, 0xFFFF, 0xFFFF, 0xFFFF, 0xFFFF, 0xFFFF, 0xFFFF,
  0xFFFF, 0xFFFF, 0xFFFF, 0xFFFF, 0xFFFF, 0xFFFF, 0xFFFF, 0xFFFF, 0xFFFF, 0xFFFF, 0xFFFF, 0xFFFF,
  0xFFFF, 0xFFFF, 0xFFFF, 0xFFFF, 0xFFFF, 0xFFFF, 0xFFFF, 0xFFFF, 0xFFFF, 0xFFFF, 0xFFFF, 0xFFFF,
  0xFFFF, 0xFFFF, 0xFFFF, 0xFFFF, 0xFFFF, 0xFFFF, 0xFFFF, 0xFFFF, 0xFFFF, 0xFFFF, 0xFFFF, 0xFFFF,
  0xFFFF, 0xFFFF, 0xFFFF, 0xFFFF, 0xFFFF, 0xFFFF, 0xFFFF, 0xFFFF, 0xFFFF, 0xFFFF, 0xFFFF, 0xFFFF,
  0xFFFF, 0xFFFF, 0xFFFF, 0xFFFF, 0xFFFF, 0xFFFF, 0xFFFF, 0xFFFF, 0xFFFF, 0xFFFF, 0xFFFF, 0xFFFF,
  0xFFFF, 0xFFFF, 0xFFFF, 0xFFFF, 0xFFFF, 0xFFFF, 0xFFFF, 0xFFFF, 0xFFFF, 0xFFFF, 0xFFFF, 0xFFFF,
  0xFFFF, 0xFFFF, 0xFFFF, 0xFFFF, 0xFFFF, 0xFFFF, 0xFFFF, 0xFFFF, 0xFFFF, 0xFFFF, 0xFFFF, 0xFFFF,
  0xFFFF, 0xFFFF, 0xFFFF, 0xFFFF, 0xFFFF, 0xFFFF, 0xFFFF, 0xFFFF, 0xFFFF, 0xFFFF, 0xFFFF, 0xFFFF,
  0xFFFF, 0xFFFF, 0xFFFF, 0xFFFF, 0xFFFF, 0xFFFF, 0xFFFF, 0xFFFF, 0xFFFF, 0xFFFF, 0xFFFF, 0xFFFF,
  0xFFFF, 0xFFFF, 0xFFFF, 0xFFFF, 0xFFFF, 0xFFFF, 0xFFFF, 0xFFFF, 0xFFFF, 0xFFFF, 0xFFFF, 0xFFFF,
  0xFFFF, 0xFFFF, 0xFFFF, 0xFFFF, 0xFFFF, 0xFFFF, 0xFFFF, 0xFFFF, 0xFFFF, 0xFFFF, 0xFFFF, 0xFFFF,
  0xFFFF, 0xFFFF, 0xFFFF, 0xFFFF, 0xFFFF, 0xFFFF, 0xFFFF, 0xFFFF, 0xFFFF, 0xFFFF, 0xFFFF, 0xFFFF,
  0xFFFF, 0xFFFF, 0xFFFF, 0xFFFF, 0xFFFF, 0xFFFF, 0xFFFF, 0xFFFF, 0xFFFF, 0xFFFF, 0xFFFF, 0xFFFF,
  0xFFFF, 0xFFDF, 0xEF5D, 0xCE59, 0xAD75, 0x9CB2, 0x8410, 0x736D, 0x630C, 0x5AAA, 0x526A, 0x4A49,
  0x4208, 0x39E7, 0x39A6, 0x3186, 0x3186, 0x3165, 0x3165, 0x3165, 0x3165, 0x3186, 0x31A6, 0x39A7,
  0x39C7, 0x41E8, 0x4A28, 0x5269, 0x5AAB, 0x630C, 0x6B4D, 0x7BCF, 0x94B2, 0xB576, 0xCE59, 0xE71C,
  0xFFDF, 0xFFFF, 0xFFFF, 0xFFFF, 0xFFFF, 0xFFFF, 0xFFFF, 0xFFFF, 0xFFFF, 0xFFFF, 0xFFFF, 0xFFFF,
  0xFFFF, 0xFFFF, 0xFFFF, 0xFFFF, 0xFFFF, 0xFFFF, 0xFFFF, 0xFFFF, 0xFFFF, 0xFFFF, 0xFFFF, 0xFFFF,
  0xFFFF, 0xFFFF, 0xFFFF, 0xFFFF, 0xFFFF, 0xFFFF, 0xFFFF, 0xFFFF, 0xFFFF, 0xFFFF, 0xFFFF, 0xFFFF,
  0xFFFF, 0xFFFF, 0xFFFF, 0xFFFF, 0xFFFF, 0xFFFF, 0xFFFF, 0xFFFF, 0xFFFF, 0xFFFF, 0xFFFF, 0xFFFF,
  0xFFFF, 0xFFFF, 0xFFFF, 0xFFFF, 0xFFFF, 0xFFFF, 0xFFFF, 0xFFFF, 0xFFFF, 0xFFFF, 0xFFFF, 0xFFFF,
  0xFFFF, 0xFFFF, 0xFFFF, 0xFFFF, 0xFFFF, 0xFFFF, 0xFFFF, 0xFFFF, 0xFFFF, 0xFFFF, 0xFFFF, 0xFFFF,
  0xFFFF, 0xFFFF, 0xFFFF, 0xFFFF, 0xFFFF, 0xFFFF, 0xFFFF, 0xFFFF, 0xFFFF, 0xFFFF, 0xFFFF, 0xFFFF,
  0xFFFF, 0xFFFF, 0xFFFF, 0xFFFF, 0xFFFF, 0xFFFF, 0xFFFF, 0xFFFF, 0xFFFF, 0xFFFF, 0xFFFF, 0xFFFF,
  0xFFFF, 0xFFFF, 0xFFFF, 0xFFFF, 0xFFFF, 0xFFFF, 0xFFFF, 0xFFFF, 0xFFFF, 0xFFFF, 0xFFFF, 0xFFFF,
  0xFFFF, 0xFFFF, 0xFFFF, 0xFFFF, 0xFFFF, 0xFFFF, 0xFFFF, 0xFFFF, 0xFFFF, 0xFFFF, 0xFFFF, 0xFFFF,
  0xFFFF, 0xFFFF, 0xFFFF, 0xFFFF, 0xFFFF, 0xFFFF, 0xFFFF, 0xFFFF, 0xFFFF, 0xFFFF, 0xFFFF, 0xFFFF,
  0xFFFF, 0xFFFF, 0xFFFF, 0xFFFF, 0xFFFF, 0xFFFF, 0xFFFF, 0xFFFF, 0xFFFF, 0xFFFF, 0xFFFF, 0xFFFF,
  0xFFFF, 0xFFFF, 0xFFFF, 0xFFFF, 0xFFFF, 0xFFFF, 0xFFFF, 0xFFFF, 0xFFFF, 0xFFFF, 0xFFFF, 0xFFFF,
  0xFFFF, 0xFFFF, 0xFFFF, 0xFFFF, 0xFFFF, 0xFFFF, 0xFFFF, 0xFFFF, 0xFFFF, 0xFFFF, 0xFFFF, 0xFFFF,
  0xFFFF, 0xFFFF, 0xFFFF, 0xFFFF, 0xFFFF, 0xFFFF, 0xFFFF, 0xFFFF, 0xFFFF, 0xFFFF, 0xFFFF, 0xFFFF,
  0xFFFF, 0xFFFF, 0xFFFF, 0xFFFF, 0xFFFF, 0xFFFF, 0xFFFF, 0xFFFF, 0xFFFF, 0xFFFF, 0xFFFF, 0xFFFF,
  0xFFFF, 0xFFFF, 0xFFFF, 0xFFFF, 0xFFFF, 0xFFFF, 0xFFFF, 0xFFFF, 0xFFFF, 0xFFFF, 0xFFFF, 0xFFFF,
  0xFFFF, 0xFFFF, 0xFFFF, 0xFFFF, 0xFFFF, 0xFFFF, 0xFFFF, 0xFFDF, 0xEF7D, 0xE71C, 0xD6BA, 0xCE79,
  0xC618, 0xBDD7, 0xB596, 0xAD75, 0xAD55, 0xA534, 0xA534, 0xA534, 0xA534, 0xAD55, 0xAD75, 0xB596,
  0xBDD7, 0xBDF7, 0xCE59, 0xD6BA, 0xE71C, 0xEF7D, 0xFFDF, 0xFFFF, 0xFFFF, 0xFFFF, 0xFFFF, 0xFFFF,
  0xFFFF, 0xFFFF, 0xFFFF, 0xFFFF, 0xFFFF, 0xFFFF, 0xFFFF, 0xFFFF, 0xFFFF, 0xFFFF, 0xFFFF, 0xFFFF,
  0xFFFF, 0xFFFF, 0xFFFF, 0xFFFF, 0xFFFF, 0xFFFF, 0xFFFF, 0xFFFF, 0xFFFF, 0xFFFF, 0xFFFF, 0xFFFF,
  0xFFFF, 0xFFFF, 0xFFFF, 0xFFFF, 0xFFFF, 0xFFFF, 0xFFFF, 0xFFFF, 0xFFFF, 0xFFFF, 0xFFFF, 0xFFFF,
  0xFFFF, 0xFFFF, 0xFFFF, 0xFFFF, 0xFFFF, 0xFFFF, 0xFFFF, 0xFFFF, 0xFFFF, 0xFFFF, 0xFFFF, 0xFFFF,
  0xFFFF, 0xFFFF, 0xFFFF, 0xFFFF, 0xFFFF, 0xFFFF, 0xFFFF, 0xFFFF, 0xFFFF, 0xFFFF, 0xFFFF, 0xFFFF,
  0xFFFF, 0xFFFF, 0xFFFF, 0xFFFF, 0xFFFF, 0xFFFF, 0xFFFF, 0xFFFF, 0xFFFF, 0xFFFF, 0xFFFF, 0xFFFF,
  0xFFFF, 0xFFFF, 0xFFFF, 0xFFFF, 0xFFFF, 0xFFFF, 0xFFFF, 0xFFFF, 0xFFFF, 0xFFFF, 0xFFFF, 0xFFFF,
  0xFFFF, 0xFFFF, 0xFFFF, 0xFFFF, 0xFFFF, 0xFFFF, 0xFFFF, 0xFFFF, 0xFFFF, 0xFFFF, 0xFFFF, 0xFFFF,
  0xFFFF, 0xFFFF, 0xFFFF, 0xFFFF, 0xFFFF, 0xFFFF, 0xFFFF, 0xFFFF, 0xFFFF, 0xFFFF, 0xFFFF, 0xFFFF,
  0xFFFF, 0xFFFF, 0xFFFF, 0xFFFF, 0xFFFF, 0xFFFF, 0xFFFF, 0xFFFF, 0xFFFF, 0xFFFF, 0xFFFF, 0xFFFF,
  0xFFFF, 0xFFFF, 0xFFFF, 0xFFFF, 0xFFFF, 0xFFFF, 0xFFFF, 0xFFFF, 0xFFFF, 0xFFFF, 0xFFFF, 0xFFFF,
  0xFFFF, 0xFFFF, 0xFFFF, 0xFFFF, 0xFFFF, 0xFFFF, 0xFFFF, 0xFFFF, 0xFFFF, 0xFFFF, 0xFFFF, 0xFFFF,
  0xFFFF, 0xFFFF, 0xFFFF, 0xFFFF, 0xFFFF, 0xFFFF, 0xFFFF, 0xFFFF, 0xFFFF, 0xFFFF, 0xFFFF, 0xFFFF,
  0xFFFF, 0xFFFF, 0xFFFF, 0xFFFF, 0xFFFF, 0xFFFF, 0xFFFF, 0xFFFF, 0xFFFF, 0xFFFF, 0xFFFF, 0xFFFF,
  0xFFFF, 0xFFFF, 0xFFFF, 0xFFFF, 0xFFFF, 0xFFFF, 0xFFFF, 0xFFFF, 0xFFFF, 0xFFFF, 0xFFFF, 0xFFFF,
  0xFFFF, 0xFFFF, 0xFFFF, 0xFFFF, 0xFFFF, 0xFFFF, 0xFFFF, 0xFFFF, 0xFFFF, 0xFFFF, 0xFFFF, 0xFFFF,
  0xFFFF, 0xFFFF, 0xFFFF, 0xFFFF, 0xFFFF, 0xFFFF, 0xFFFF, 0xFFFF, 0xFFFF, 0xFFFF, 0xFFFF, 0xFFFF,
  0xFFFF, 0xFFFF, 0xFFFF, 0xFFFF, 0xFFFF, 0xFFFF, 0xFFFF, 0xFFFF, 0xFFFF, 0xFFFF, 0xFFFF, 0xFFFF,
  0xFFFF, 0xFFFF, 0xFFFF, 0xFFFF, 0xFFFF, 0xFFFF, 0xFFFF, 0xFFFF, 0xFFFF, 0xFFFF, 0xFFFF, 0xFFFF,
  0xFFFF, 0xFFFF, 0xFFFF, 0xFFFF, 0xFFFF, 0xFFFF, 0xFFFF, 0xFFFF, 0xFFFF, 0xFFFF, 0xFFFF, 0xFFFF,
  0xFFFF, 0xFFFF, 0xFFFF, 0xFFFF, 0xFFFF, 0xFFFF, 0xFFFF, 0xFFFF, 0xFFFF, 0xFFFF, 0xFFFF, 0xFFFF,
  0xFFFF, 0xFFFF, 0xFFFF, 0xFFFF, 0xFFFF, 0xFFFF, 0xFFFF, 0xFFFF, 0xFFFF, 0xFFFF, 0xFFFF, 0xFFFF,
  0xFFFF, 0xFFFF, 0xFFFF, 0xFFFF, 0xFFFF, 0xFFFF, 0xFFFF, 0xFFFF, 0xFFFF, 0xFFFF, 0xFFFF, 0xFFFF,
  0xFFFF, 0xFFFF, 0xFFFF, 0xFFFF, 0xFFFF, 0xFFFF, 0xFFFF, 0xFFFF, 0xFFFF, 0xFFFF, 0xFFFF, 0xFFFF,
  0xFFFF, 0xFFFF, 0xFFFF, 0xFFFF, 0xFFFF, 0xFFFF, 0xFFFF, 0xFFFF, 0xFFFF, 0xFFFF, 0xFFFF, 0xFFFF,
  0xFFFF, 0xFFFF, 0xFFFF, 0xFFFF, 0xFFFF, 0xFFFF, 0xFFFF, 0xFFFF, 0xFFFF, 0xFFFF, 0xFFFF, 0xFFFF,
  0xFFFF, 0xFFFF, 0xFFFF, 0xFFFF, 0xFFFF, 0xFFFF, 0xFFFF, 0xFFFF, 0xFFFF, 0xFFFF, 0xFFFF, 0xFFFF,
  0xFFFF, 0xFFFF, 0xFFFF, 0xFFFF, 0xFFFF, 0xFFFF, 0xFFFF, 0xFFFF, 0xFFFF, 0xFFFF, 0xFFFF, 0xFFFF,
  0xFFFF, 0xFFFF, 0xFFFF, 0xFFFF, 0xFFFF, 0xFFFF, 0xFFFF, 0xFFFF, 0xFFFF, 0xFFFF, 0xFFFF, 0xFFFF,
  0xFFFF, 0xFFFF, 0xFFFF, 0xFFFF, 0xFFFF, 0xFFFF, 0xFFFF, 0xFFFF, 0xFFFF, 0xFFFF, 0xFFFF, 0xFFFF,
  0xFFFF, 0xFFFF, 0xFFFF, 0xFFFF, 0xFFFF, 0xFFFF, 0xFFFF, 0xFFFF, 0xFFFF, 0xFFFF, 0xFFFF, 0xFFFF,
  0xFFFF, 0xFFFF, 0xFFFF, 0xFFFF, 0xFFFF, 0xFFFF, 0xFFFF, 0xFFFF, 0xFFFF, 0xFFFF, 0xFFFF, 0xFFFF,
  0xFFFF, 0xFFFF, 0xFFFF, 0xFFFF, 0xFFFF, 0xFFFF, 0xFFFF, 0xFFFF, 0xFFFF, 0xFFFF, 0xFFFF, 0xFFFF,
  0xFFFF, 0xFFFF, 0xFFFF, 0xFFFF, 0xFFFF, 0xFFFF, 0xFFFF, 0xFFFF, 0xFFFF, 0xFFFF, 0xFFFF, 0xFFFF,
  0xFFFF, 0xFFFF, 0xFFFF, 0xFFFF, 0xFFFF, 0xFFFF, 0xFFFF, 0xFFFF, 0xFFFF, 0xFFFF, 0xFFFF, 0xFFFF,
  0xFFFF, 0xFFFF, 0xFFFF, 0xFFFF, 0xFFFF, 0xFFFF, 0xFFFF, 0xFFFF, 0xFFFF, 0xFFFF, 0xFFFF, 0xFFFF,
  0xFFFF, 0xFFFF, 0xFFFF, 0xFFFF, 0xFFFF, 0xFFFF, 0xFFFF, 0xFFFF, 0xFFFF, 0xFFFF, 0xFFFF, 0xFFFF,
  0xFFFF, 0xFFFF, 0xFFFF, 0xFFFF, 0xFFFF, 0xFFFF, 0xFFFF, 0xFFFF, 0xFFFF, 0xFFFF, 0xFFFF, 0xFFFF,
  0xFFFF, 0xFFFF, 0xFFFF, 0xFFFF, 0xFFFF, 0xFFFF, 0xFFFF, 0xFFFF, 0xFFFF, 0xFFFF, 0xFFFF, 0xFFFF,
  0xFFFF, 0xFFFF, 0xFFFF, 0xFFFF, 0xFFFF, 0xFFFF, 0xFFFF, 0xFFFF, 0xFFFF, 0xFFFF, 0xFFFF, 0xFFFF,
  0xFFFF, 0xFFFF, 0xFFFF, 0xFFFF, 0xFFFF, 0xFFFF, 0xFFFF, 0xFFFF, 0xFFFF, 0xFFFF, 0xFFFF, 0xFFFF,
  0xFFFF, 0xFFFF, 0xFFFF, 0xFFFF, 0xFFFF, 0xFFFF, 0xFFFF, 0xFFFF, 0xFFFF, 0xFFFF, 0xFFFF, 0xFFFF,
  0xFFFF, 0xFFFF, 0xFFFF, 0xFFFF, 0xFFFF, 0xFFFF, 0xFFFF, 0xFFFF, 0xFFFF, 0xFFFF, 0xFFFF, 0xFFFF,
  0xFFFF, 0xFFFF, 0xFFFF, 0xFFFF, 0xFFFF, 0xFFFF, 0xFFFF, 0xFFFF, 0xFFFF, 0xFFFF, 0xFFFF, 0xFFFF,
  0xFFFF, 0xFFFF, 0xFFFF, 0xFFFF, 0xFFFF, 0xFFFF, 0xFFFF, 0xFFFF, 0xFFFF, 0xFFFF, 0xFFFF, 0xFFFF,
  0xFFFF, 0xFFFF, 0xFFFF, 0xFFFF, 0xFFFF, 0xFFFF, 0xFFFF, 0xFFFF, 0xFFFF, 0xFFFF, 0xFFFF, 0xFFFF,
  0xFFFF, 0xFFFF, 0xFFFF, 0xFFFF, 0xFFFF, 0xFFFF, 0xFFFF, 0xFFFF, 0xFFFF, 0xFFFF, 0xFFFF, 0xFFFF,
  0xFFFF, 0xFFFF, 0xFFFF, 0xFFFF, 0xFFFF, 0xFFFF, 0xFFFF, 0xFFFF, 0xFFFF, 0xFFFF, 0xFFFF, 0xFFFF,
  0xFFFF, 0xFFFF, 0xFFFF, 0xFFFF, 0xFFFF, 0xFFFF, 0xFFFF, 0xFFFF, 0xFFFF, 0xFFFF, 0xFFFF, 0xFFFF,
  0xFFFF, 0xFFFF, 0xFFFF, 0xFFFF, 0xFFFF, 0xFFFF, 0xFFFF, 0xFFFF, 0xFFFF, 0xFFFF, 0xFFFF, 0xFFFF,
  0xFFFF, 0xFFFF, 0xFFFF, 0xFFFF, 0xFFFF, 0xFFFF, 0xFFFF, 0xFFFF, 0xFFFF, 0xFFFF, 0xFFFF, 0xFFFF,
  0xFFFF, 0xFFFF, 0xFFFF, 0xFFFF, 0xFFFF, 0xFFFF, 0xFFFF, 0xFFFF, 0xFFFF, 0xFFFF, 0xFFFF, 0xFFFF,
  0xFFFF, 0xFFFF, 0xFFFF, 0xFFFF, 0xFFFF, 0xFFFF, 0xFFFF, 0xFFFF, 0xFFFF, 0xFFFF, 0xFFFF, 0xFFFF,
  0xFFFF, 0xFFFF, 0xFFFF, 0xFFFF, 0xFFFF, 0xFFFF, 0xFFFF, 0xFFFF, 0xFFFF, 0xFFFF, 0xFFFF, 0xFFFF,
  0xFFFF, 0xFFFF, 0xFFFF, 0xFFFF, 0xFFFF, 0xFFFF, 0xFFFF, 0xFFFF, 0xFFFF, 0xFFFF, 0xFFFF, 0xFFFF,
  0xFFFF, 0xFFFF, 0xFFFF, 0xFFFF, 0xFFFF, 0xFFFF, 0xFFFF, 0xFFFF, 0xFFFF, 0xFFFF, 0xFFFF, 0xFFFF,
  0xFFFF, 0xFFFF, 0xFFFF, 0xFFFF, 0xFFFF, 0xFFFF, 0xFFFF, 0xFFFF, 0xFFFF, 0xFFFF, 0xFFFF, 0xFFFF,
  0xFFFF, 0xFFFF, 0xFFFF, 0xFFFF, 0xFFFF, 0xFFFF, 0xFFFF, 0xFFFF, 0xFFFF, 0xFFFF, 0xFFFF, 0xFFFF,
  0xFFFF, 0xFFFF, 0xFFFF, 0xFFFF, 0xFFFF, 0xFFFF, 0xFFFF, 0xFFFF, 0xFFFF, 0xFFFF, 0xFFFF, 0xFFFF,
  0xFFFF, 0xFFFF, 0xFFFF, 0xFFFF, 0xFFFF, 0xFFFF, 0xFFFF, 0xFFFF, 0xFFFF, 0xFFFF, 0xFFFF, 0xFFFF,
  0xFFFF, 0xFFFF, 0xFFFF, 0xFFFF, 0xFFFF, 0xFFFF, 0xFFFF, 0xFFFF, 0xFFFF, 0xFFFF, 0xFFFF, 0xFFFF,
  0xFFFF, 0xFFFF, 0xFFFF, 0xFFFF, 0xFFFF, 0xFFFF, 0xFFFF, 0xFFFF, 0xFFFF, 0xFFFF, 0xFFFF, 0xFFFF,
  0xFFFF, 0xFFFF, 0xFFFF, 0xFFFF, 0xFFFF, 0xFFFF, 0xFFFF, 0xFFFF, 0xFFFF, 0xFFFF, 0xFFFF, 0xFFFF,
  0xFFFF, 0xFFFF, 0xFFFF, 0xFFFF, 0xFFFF, 0xFFFF, 0xFFFF, 0xFFFF, 0xFFFF, 0xFFFF, 0xFFFF, 0xFFFF,
  0xFFFF, 0xFFFF, 0xFFFF, 0xFFFF, 0xFFFF, 0xFFFF, 0xFFFF, 0xFFFF, 0xFFFF, 0xFFFF, 0xFFFF, 0xFFFF,
  0xFFFF, 0xFFFF, 0xFFFF, 0xFFFF, 0xFFFF, 0xFFFF, 0xFFFF, 0xFFFF, 0xFFFF, 0xFFFF, 0xFFFF, 0xFFFF,
  0xFFFF, 0xFFFF, 0xFFFF, 0xFFFF, 0xFFFF, 0xFFFF, 0xFFFF, 0xFFFF, 0xFFFF, 0xFFFF, 0xFFFF, 0xFFFF,
  0xFFFF, 0xFFFF, 0xFFFF, 0xFFFF, 0xFFFF, 0xFFFF, 0xFFFF, 0xFFFF, 0xFFFF, 0xFFFF, 0xFFFF, 0xFFFF,
  0xFFFF, 0xFFFF, 0xFFFF, 0xFFFF, 0xFFFF, 0xFFFF, 0xFFFF, 0xFFFF, 0xFFFF, 0xFFFF, 0xFFFF, 0xFFFF,
  0xFFFF, 0xFFFF, 0xFFFF, 0xFFFF, 0xFFFF, 0xFFFF, 0xFFFF, 0xFFFF, 0xFFFF, 0xFFFF, 0xFFFF, 0xFFFF,
  0xFFFF, 0xFFFF, 0xFFFF, 0xFFFF, 0xFFFF, 0xFFFF, 0xFFFF, 0xFFFF, 0xFFFF, 0xFFFF, 0xFFFF, 0xFFFF,
  0xFFFF, 0xFFFF, 0xFFFF, 0xFFFF, 0xFFFF, 0xFFFF, 0xFFFF, 0xFFFF, 0xFFFF, 0xFFFF, 0xFFFF, 0xFFFF,
  0xFFFF, 0xFFFF, 0xFFFF, 0xFFFF, 0xFFFF, 0xFFFF, 0xFFFF, 0xFFFF, 0xFFFF, 0xFFFF, 0xFFFF, 0xFFFF,
  0xFFFF, 0xFFFF, 0xFFFF, 0xFFFF, 0xFFFF, 0xFFFF, 0xFFFF, 0xFFFF, 0xFFFF, 0xFFFF, 0xFFFF, 0xFFFF,
  0xFFFF, 0xFFFF, 0xFFFF, 0xFFFF, 0xFFFF, 0xFFFF, 0xFFFF, 0xFFFF, 0xFFFF, 0xFFFF, 0xFFFF, 0xFFFF,
  0xFFFF, 0xFFFF, 0xFFFF, 0xFFFF, 0xFFFF, 0xFFFF, 0xFFFF, 0xFFFF, 0xFFFF, 0xFFFF, 0xFFFF, 0xFFFF,
  0xFFFF, 0xFFFF, 0xFFFF, 0xFFFF, 0xFFFF, 0xFFFF, 0xFFFF, 0xFFFF, 0xFFFF, 0xFFFF, 0xFFFF, 0xFFFF,
  0xFFFF, 0xFFFF, 0xFFFF, 0xFFFF, 0xFFFF, 0xFFFF, 0xFFFF, 0xFFFF, 0xFFFF, 0xFFFF, 0xFFFF, 0xFFFF,
  0xFFFF, 0xFFFF, 0xFFFF, 0xFFFF, 0xFFFF, 0xFFFF, 0xFFFF, 0xFFFF, 0xFFFF, 0xFFFF, 0xFFFF, 0xFFFF,
  0xFFFF, 0xFFFF, 0xFFFF, 0xFFFF, 0xFFFF, 0xFFFF, 0xFFFF, 0xFFFF, 0xFFFF, 0xFFFF, 0xFFFF, 0xFFFF,
  0xFFFF, 0xFFFF, 0xFFFF, 0xFFFF, 0xFFFF, 0xFFFF, 0xFFFF, 0xFFFF, 0xFFFF, 0xFFFF, 0xFFFF, 0xFFFF,
  0xFFFF, 0xFFFF, 0xFFFF, 0xFFFF, 0xFFFF, 0xFFFF, 0xFFFF, 0xFFFF, 0xFFFF, 0xFFFF, 0xFFFF, 0xFFFF,
  0xFFFF, 0xFFFF, 0xFFFF, 0xFFFF, 0xFFFF, 0xFFFF, 0xFFFF, 0xFFFF, 0xFFFF, 0xFFFF, 0xFFFF, 0xFFFF,
  0xFFFF, 0xFFFF, 0xFFFF, 0xFFFF, 0xFFFF, 0xFFFF, 0xFFFF, 0xFFFF, 0xFFFF, 0xFFFF, 0xFFFF, 0xFFFF,
  0xFFFF, 0xFFFF, 0xFFFF, 0xFFFF, 0xFFFF, 0xFFFF, 0xFFFF, 0xFFFF, 0xFFFF, 0xFFFF, 0xFFFF, 0xFFFF,
  0xFFFF, 0xFFFF, 0xFFFF, 0xFFFF, 0xFFFF, 0xFFFF, 0xFFFF, 0xFFFF, 0xFFFF, 0xFFFF, 0xFFFF, 0xFFFF,
  0xFFFF, 0xFFFF, 0xFFFF, 0xFFFF, 0xFFFF, 0xFFFF, 0xFFFF, 0xFFFF, 0xFFFF, 0xFFFF, 0xFFFF, 0xFFFF,
  0xFFFF, 0xFFFF, 0xFFFF, 0xFFFF, 0xFFFF, 0xFFFF, 0xFFFF, 0xFFFF, 0xFFFF, 0xFFFF, 0xFFFF, 0xFFFF,
  0xFFFF, 0xFFFF, 0xFFFF, 0xFFFF, 0xFFFF, 0xFFFF, 0xFFFF, 0xFFFF, 0xFFFF, 0xFFFF, 0xFFFF, 0xFFFF,
  0xFFFF, 0xFFFF, 0xFFFF, 0xFFFF, 0xFFFF, 0xFFFF, 0xFFFF, 0xFFFF, 0xFFFF, 0xFFFF, 0xFFFF, 0xFFFF,
  0xFFFF, 0xFFFF, 0xFFFF, 0xFFFF, 0xFFFF, 0xFFFF, 0xFFFF, 0xFFFF, 0xFFFF, 0xFFFF, 0xFFFF, 0xFFFF,
  0xFFFF, 0xFFFF, 0xFFFF, 0xFFFF, 0xFFFF, 0xFFFF, 0xFFFF, 0xFFFF, 0xFFFF, 0xFFFF, 0xFFFF, 0xFFFF,
  0xFFFF, 0xFFFF, 0xFFFF, 0xFFFF, 0xFFFF, 0xFFFF, 0xFFFF, 0xFFFF, 0xFFFF, 0xFFFF, 0xFFFF, 0xFFFF,
  0xFFFF, 0xFFFF, 0xFFFF, 0xFFFF, 0xFFFF, 0xFFFF, 0xFFFF, 0xFFFF, 0xFFFF, 0xFFFF, 0xFFFF, 0xFFFF,
  0xFFFF, 0xFFFF, 0xFFFF, 0xFFFF, 0xFFFF, 0xFFFF, 0xFFFF, 0xFFFF, 0xFFFF, 0xFFFF, 0xFFFF, 0xFFFF,
  0xFFFF, 0xFFFF, 0xFFFF, 0xFFFF, 0xFFFF, 0xFFFF, 0xFFFF, 0xFFFF, 0xFFFF, 0xFFFF, 0xFFFF, 0xFFFF,
  0xFFFF, 0xFFFF, 0xFFFF, 0xFFFF, 0xFFFF, 0xFFFF, 0xFFFF, 0xFFFF, 0xFFFF, 0xFFFF, 0xFFFF, 0xFFFF,
  0xFFFF, 0xFFFF, 0xFFFF, 0xFFFF, 0xFFFF, 0xFFFF, 0xFFFF, 0xFFFF, 0xFFFF, 0xFFFF, 0xFFFF, 0xFFFF,
  0xFFFF, 0xFFFF, 0xFFFF, 0xFFFF, 0xFFFF, 0xFFFF, 0xFFFF, 0xFFFF, 0xFFFF, 0xFFFF, 0xFFFF, 0xFFFF,
  0xFFFF, 0xFFFF, 0xFFFF, 0xFFFF, 0xFFFF, 0xFFFF, 0xFFFF, 0xFFFF, 0xFFFF, 0xFFFF, 0xFFFF, 0xFFFF,
  0xFFFF, 0xFFFF, 0xFFFF, 0xFFFF, 0xFFFF, 0xFFFF, 0xFFFF, 0xFFFF, 0xFFFF, 0xFFFF, 0xFFFF, 0xFFFF,
  0xFFFF, 0xFFFF, 0xFFFF, 0xFFFF, 0xFFFF, 0xFFFF, 0xFFFF, 0xFFFF, 0xFFFF, 0xFFFF, 0xFFFF, 0xFFFF,
  0xFFFF, 0xFFFF, 0xFFFF, 0xFFFF, 0xFFFF, 0xFFFF, 0xFFFF, 0xFFFF, 0xFFFF, 0xFFFF, 0xFFFF, 0xFFFF,
  0xFFFF, 0xFFFF, 0xFFFF, 0xFFFF, 0xFFFF, 0xFFFF, 0xFFFF, 0xFFFF, 0xFFFF, 0xFFFF, 0xFFFF, 0xFFFF,
  0xFFFF, 0xFFFF, 0xFFFF, 0xFFFF, 0xFFFF, 0xFFFF, 0xFFFF, 0xFFFF, 0xFFFF, 0xFFFF, 0xFFFF, 0xFFFF,
  0xFFFF, 0xFFFF, 0xFFFF, 0xFFFF, 0xFFFF, 0xFFFF, 0xFFFF, 0xFFFF, 0xFFFF, 0xFFFF, 0xFFFF, 0xFFFF,
  0xFFFF, 0xFFFF, 0xFFFF, 0xFFFF, 0xFFFF, 0xFFFF, 0xFFFF, 0xFFFF, 0xFFFF, 0xFFFF, 0xFFFF, 0xFFFF,
  0xFFFF, 0xFFFF, 0xFFFF, 0xFFFF, 0xFFFF, 0xFFFF, 0xFFFF, 0xFFFF, 0xFFFF, 0xFFFF, 0xFFFF, 0xFFFF,
  0xFFFF, 0xFFFF, 0xFFFF, 0xFFFF, 0xFFFF, 0xFFFF, 0xFFFF, 0xFFFF, 0xFFFF, 0xFFFF, 0xFFFF, 0xFFFF,
  0xFFFF, 0xFFFF, 0xFFFF, 0xFFFF, 0xFFFF, 0xFFFF, 0xFFFF, 0xFFFF, 0xFFFF, 0xFFFF, 0xFFFF, 0xFFFF,
  0xFFFF, 0xFFFF, 0xFFFF, 0xFFFF, 0xFFFF, 0xFFFF, 0xFFFF, 0xFFFF, 0xFFFF, 0xFFFF, 0xFFFF, 0xFFFF,
  0xFFFF, 0xFFFF, 0xFFFF, 0xFFFF, 0xFFFF, 0xFFFF, 0xFFFF, 0xFFFF, 0xFFFF, 0xFFFF, 0xFFFF, 0xFFFF,
  0xFFFF, 0xFFFF, 0xFFFF, 0xFFFF, 0xFFFF, 0xFFFF, 0xFFFF, 0xFFFF, 0xFFFF, 0xFFFF, 0xFFFF, 0xFFFF,
  0xFFFF, 0xFFFF, 0xFFFF, 0xFFFF, 0xFFFF, 0xFFFF, 0xFFFF, 0xFFFF, 0xFFFF, 0xFFFF, 0xFFFF, 0xFFFF,
  0xFFFF, 0xFFFF, 0xFFFF, 0xFFFF, 0xFFFF, 0xFFFF, 0xFFFF, 0xFFFF, 0xFFFF, 0xFFFF, 0xFFFF, 0xFFFF,
  0xFFFF, 0xFFFF, 0xFFFF, 0xFFFF, 0xFFFF, 0xFFFF, 0xFFFF, 0xFFFF, 0xFFFF, 0xFFFF, 0xFFFF, 0xFFFF,
  0xFFFF, 0xFFFF, 0xFFFF, 0xFFFF, 0xFFFF, 0xFFFF, 0xFFFF, 0xFFFF, 0xFFFF, 0xFFFF, 0xFFFF, 0xFFFF,
  0xFFFF, 0xFFFF, 0xFFFF, 0xFFFF, 0xFFFF, 0xFFFF, 0xFFFF, 0xFFFF, 0xFFFF, 0xFFFF, 0xFFFF, 0xFFFF,
  0xFFFF, 0xFFFF, 0xFFFF, 0xFFFF, 0xFFFF, 0xFFFF, 0xFFFF, 0xFFFF, 0xFFFF, 0xFFFF, 0xFFFF, 0xFFFF,
  0xFFFF, 0xFFFF, 0xFFFF, 0xFFFF, 0xFFFF, 0xFFFF, 0xFFFF, 0xFFFF, 0xFFFF, 0xFFFF, 0xFFFF, 0xFFFF,
  0xFFFF, 0xFFFF, 0xFFFF, 0xFFFF, 0xFFFF, 0xFFFF, 0xFFFF, 0xFFFF, 0xFFFF, 0xFFFF, 0xFFFF, 0xFFFF,
  0xFFFF, 0xFFFF, 0xFFFF, 0xFFFF, 0xFFFF, 0xFFFF, 0xFFFF, 0xFFFF, 0xFFFF, 0xFFFF, 0xFFFF, 0xFFFF,
  0xFFFF, 0xFFFF, 0xFFFF, 0xFFFF, 0xFFFF, 0xFFFF, 0xFFFF, 0xFFFF, 0xFFFF, 0xFFFF, 0xFFFF, 0xFFFF,
  0xFFFF, 0xFFFF, 0xFFFF, 0xFFFF, 0xFFFF, 0xFFFF, 0xFFFF, 0xFFFF, 0xFFFF, 0xFFFF, 0xFFFF, 0xFFFF,
  0xFFFF, 0xFFFF, 0xFFFF, 0xFFFF, 0xFFFF, 0xFFFF, 0xFFFF, 0xFFFF, 0xFFFF, 0xFFFF, 0xFFFF, 0xFFFF,
  0xFFFF, 0xFFFF, 0xFFFF, 0xFFFF, 0xFFFF, 0xFFFF, 0xFFFF, 0xFFFF, 0xFFFF, 0xFFFF, 0xFFFF, 0xFFFF,
  0xFFFF, 0xFFFF, 0xFFFF, 0xFFFF, 0xFFFF, 0xFFFF, 0xFFFF, 0xFFFF, 0xFFFF, 0xFFFF, 0xFFFF, 0xFFFF,
  0xFFFF, 0xFFFF, 0xFFFF, 0xFFFF, 0xFFFF, 0xFFFF, 0xFFFF, 0xFFFF, 0xFFFF, 0xFFFF, 0xFFFF, 0xFFFF,
  0xFFFF, 0xFFFF, 0xFFFF, 0xFFFF, 0xFFFF, 0xFFFF, 0xFFFF, 0xFFFF, 0xFFFF, 0xFFFF, 0xFFFF, 0xFFFF,
  0xFFFF, 0xFFFF, 0xFFFF, 0xFFFF, 0xFFFF, 0xFFFF, 0xFFFF, 0xFFFF, 0xFFFF, 0xFFFF, 0xFFFF, 0xFFFF,
  0xFFFF, 0xFFFF, 0xFFFF, 0xFFFF, 0xFFFF, 0xFFFF, 0xFFFF, 0xFFFF, 0xFFFF, 0xFFFF, 0xFFFF, 0xFFFF,
  0xFFFF, 0xFFFF, 0xFFFF, 0xFFFF, 0xFFFF, 0xFFFF, 0xFFFF, 0xFFFF, 0xFFFF, 0xFFFF, 0xFFFF, 0xFFFF,
  0xFFFF, 0xFFFF, 0xFFFF, 0xFFFF, 0xFFFF, 0xFFFF, 0xFFFF, 0xFFFF, 0xFFFF, 0xFFFF, 0xFFFF, 0xFFFF,
  0xFFFF, 0xFFFF, 0xFFFF, 0xFFFF, 0xFFFF, 0xFFFF, 0xFFFF, 0xFFFF, 0xFFFF, 0xFFFF, 0xFFFF, 0xFFFF,
  0xFFFF, 0xFFFF, 0xFFFF, 0xFFFF, 0xFFFF, 0xFFFF, 0xFFFF, 0xFFFF, 0xFFFF, 0xFFFF, 0xFFFF, 0xFFFF,
  0xFFFF, 0xFFFF, 0xFFFF, 0xFFFF, 0xFFFF, 0xFFFF, 0xFFFF, 0xFFFF, 0xFFFF, 0xFFFF, 0xFFFF, 0xFFFF,
  0xFFFF, 0xFFFF, 0xFFFF, 0xFFFF, 0xFFFF, 0xFFFF, 0xFFFF, 0xFFFF, 0xFFFF, 0xFFFF, 0xFFFF, 0xFFFF,
  0xFFFF, 0xFFFF, 0xFFFF, 0xFFFF, 0xFFFF, 0xFFFF, 0xFFFF, 0xFFFF, 0xFFFF, 0xFFFF, 0xFFFF, 0xFFFF,
  0xFFFF, 0xFFFF, 0xFFFF, 0xFFFF, 0xFFFF, 0xFFFF, 0xFFFF, 0xFFFF, 0xFFFF, 0xFFFF, 0xFFFF, 0xFFFF,
  0xFFFF, 0xFFFF, 0xFFFF, 0xFFFF, 0xFFFF, 0xFFFF, 0xFFFF, 0xFFFF, 0xFFFF, 0xFFFF, 0xFFFF, 0xFFFF,
  0xFFFF, 0xFFFF, 0xFFFF, 0xFFFF, 0xFFFF, 0xFFFF, 0xFFFF, 0xFFFF, 0xFFFF, 0xFFFF, 0xFFFF, 0xFFFF,
  0xFFFF, 0xFFFF, 0xFFFF, 0xFFFF, 0xFFFF, 0xFFFF, 0xFFFF, 0xFFFF, 0xFFFF, 0xFFFF, 0xFFFF, 0xFFFF,
  0xFFFF, 0xFFFF, 0xFFFF, 0xFFFF, 0xFFFF, 0xFFFF, 0xFFFF, 0xFFFF, 0xFFFF, 0xFFFF, 0xFFFF, 0xFFFF,
  0xFFFF, 0xFFFF, 0xFFFF, 0xFFFF, 0xFFFF, 0xFFFF, 0xFFFF, 0xFFFF, 0xFFFF, 0xFFFF, 0xFFFF, 0xFFFF,
  0xFFFF, 0xFFFF, 0xFFFF, 0xFFFF, 0xFFFF, 0xFFFF, 0xFFFF, 0xFFFF, 0xFFFF, 0xFFFF, 0xFFFF, 0xFFFF,
  0xFFFF, 0xFFFF, 0xFFFF, 0xFFFF, 0xFFFF, 0xFFFF, 0xFFFF, 0xFFFF, 0xFFFF, 0xFFFF, 0xFFFF, 0xFFFF,
  0xFFFF, 0xFFFF, 0xFFFF, 0xFFFF, 0xFFFF, 0xFFFF, 0xFFFF, 0xFFFF, 0xFFFF, 0xFFFF, 0xFFFF, 0xFFFF,
  0xFFFF, 0xFFFF, 0xFFFF, 0xFFFF, 0xFFFF, 0xFFFF, 0xFFFF, 0xFFFF, 0xFFFF, 0xFFFF, 0xFFFF, 0xFFFF,
  0xFFFF, 0xFFFF, 0xFFFF, 0xFFFF, 0xFFFF, 0xFFFF, 0xFFFF, 0xFFFF, 0xFFFF, 0xFFFF, 0xFFFF, 0xFFFF,
  0xFFFF, 0xFFFF, 0xFFFF, 0xFFFF, 0xFFFF, 0xFFFF, 0xFFFF, 0xFFFF, 0xFFFF, 0xFFFF, 0xFFFF, 0xFFFF,
  0xFFFF, 0xFFFF, 0xFFFF, 0xFFFF, 0xFFFF, 0xFFFF, 0xFFFF, 0xFFFF, 0xFFFF, 0xFFFF, 0xFFFF, 0xFFFF,
  0xFFFF, 0xFFFF, 0xFFFF, 0xFFFF, 0xFFFF, 0xFFFF, 0xFFFF, 0xFFFF, 0xFFFF, 0xFFFF, 0xFFFF, 0xFFFF,
  0xFFFF, 0xFFFF, 0xFFFF, 0xFFFF, 0xFFFF, 0xFFFF, 0xFFFF, 0xFFFF, 0xFFFF, 0xFFFF, 0xFFFF, 0xFFFF,
  0xFFFF, 0xFFFF, 0xFFFF, 0xFFFF, 0xFFFF, 0xFFFF, 0xFFFF, 0xFFFF, 0xFFFF, 0xFFFF, 0xFFFF, 0xFFFF,
  0xFFFF, 0xFFFF, 0xFFFF, 0xFFFF, 0xFFFF, 0xFFFF, 0xFFFF, 0xFFFF, 0xFFFF, 0xFFFF, 0xFFFF, 0xFFFF,
  0xFFFF, 0xFFFF, 0xFFFF, 0xFFFF, 0xFFFF, 0xFFFF, 0xFFFF, 0xFFFF, 0xFFFF, 0xFFFF, 0xFFFF, 0xFFFF,
  0xFFFF, 0xFFFF, 0xFFFF, 0xFFFF, 0xFFFF, 0xFFFF, 0xFFFF, 0xFFFF, 0xFFFF, 0xFFFF, 0xFFFF, 0xFFFF,
  0xFFFF, 0xFFFF, 0xFFFF, 0xFFFF, 0xFFFF, 0xFFFF, 0xFFFF, 0xFFFF, 0xFFFF, 0xFFFF, 0xFFFF, 0xFFFF,
  0xFFFF, 0xFFFF, 0xFFFF, 0xFFFF, 0xFFFF, 0xFFFF, 0xFFFF, 0xFFFF, 0xFFFF, 0xFFFF, 0xFFFF, 0xFFFF,
  0xFFFF, 0xFFFF, 0xFFFF, 0xFFFF, 0xFFFF, 0xFFFF, 0xFFFF, 0xFFFF, 0xFFFF, 0xFFFF, 0xFFFF, 0xFFFF,
  0xFFFF, 0xFFFF, 0xFFFF, 0xFFFF, 0xFFFF, 0xFFFF, 0xFFFF, 0xFFFF, 0xFFFF, 0xFFFF, 0xFFFF, 0xFFFF,
  0xFFFF, 0xFFFF, 0xFFFF, 0xFFFF, 0xFFFF, 0xFFFF, 0xFFFF, 0xFFFF, 0xFFFF, 0xFFFF, 0xFFFF, 0xFFFF,
  0xFFFF, 0xFFFF, 0xFFFF, 0xFFFF, 0xFFFF, 0xFFFF, 0xFFFF, 0xFFFF, 0xFFFF, 0xFFFF, 0xFFFF, 0xFFFF,
  0xFFFF, 0xFFFF, 0xFFFF, 0xFFFF, 0xFFFF, 0xFFFF, 0xFFFF, 0xFFFF, 0xFFFF, 0xFFFF, 0xFFFF, 0xFFFF,
  0xFFFF, 0xFFFF, 0xFFFF, 0xFFFF, 0xFFFF, 0xFFFF, 0xFFFF, 0xFFFF, 0xFFFF, 0xFFFF, 0xFFFF, 0xFFFF,
  0xFFFF, 0xFFFF, 0xFFFF, 0xFFFF, 0xFFFF, 0xFFFF, 0xFFFF, 0xFFFF, 0xFFFF, 0xFFFF, 0xFFFF, 0xFFFF,
  0xFFFF, 0xFFFF, 0xFFFF, 0xFFFF, 0xFFFF, 0xFFFF, 0xFFFF, 0xFFFF, 0xFFFF, 0xFFFF, 0xFFFF, 0xFFFF,
  0xFFFF, 0xFFFF, 0xFFFF, 0xFFFF, 0xFFFF, 0xFFFF, 0xFFFF, 0xFFFF, 0xFFFF, 0xFFFF, 0xFFFF, 0xFFFF,
  0xFFFF, 0xFFFF, 0xFFFF, 0xFFFF, 0xFFFF, 0xFFFF, 0xFFFF, 0xFFFF, 0xFFFF, 0xFFFF, 0xFFFF, 0xFFFF,
  0xFFFF, 0xFFFF, 0xFFFF, 0xFFFF, 0xFFFF, 0xFFFF, 0xFFFF, 0xFFFF, 0xFFFF, 0xFFFF, 0xFFFF, 0xFFFF,
  0xFFFF, 0xFFFF, 0xFFFF, 0xFFFF, 0xFFFF, 0xFFFF, 0xFFFF, 0xFFFF, 0xFFFF, 0xFFFF, 0xFFFF, 0xFFFF,
  0xFFFF, 0xFFFF, 0xFFFF, 0xFFFF, 0xFFFF, 0xFFFF, 0xFFFF, 0xFFFF, 0xFFFF, 0xFFFF, 0xFFFF, 0xFFFF,
  0xFFFF, 0xFFFF, 0xFFFF, 0xFFFF, 0xFFFF, 0xFFFF, 0xFFFF, 0xFFFF, 0xFFFF, 0xFFFF, 0xFFFF, 0xFFFF,
  0xFFFF, 0xFFFF, 0xFFFF, 0xFFFF, 0xFFFF, 0xFFFF, 0xFFFF, 0xFFFF, 0xFFFF, 0xFFFF, 0xFFFF, 0xFFFF,
  0xFFFF, 0xFFFF, 0xFFFF, 0xFFFF, 0xFFFF, 0xFFFF, 0xFFFF, 0xFFFF, 0xFFFF, 0xFFFF, 0xFFFF, 0xFFFF,
  0xFFFF, 0xFFFF, 0xFFFF, 0xFFFF, 0xFFFF, 0xFFFF, 0xFFFF, 0xFFFF, 0xFFFF, 0xFFFF, 0xFFFF, 0xFFFF,
  0xFFFF, 0xFFFF, 0xFFFF, 0xFFFF, 0xFFFF, 0xFFFF, 0xFFFF, 0xFFFF, 0xFFFF, 0xFFFF, 0xFFFF, 0xFFFF,
  0xFFFF, 0xFFFF, 0xFFFF, 0xFFFF, 0xFFFF, 0xFFFF, 0xFFFF, 0xFFFF, 0xFFFF, 0xFFFF, 0xFFFF, 0xFFFF,
  0xFFFF, 0xFFFF, 0xFFFF, 0xFFFF, 0xFFFF, 0xFFFF, 0xFFFF, 0xFFFF, 0xFFFF, 0xFFFF, 0xFFFF, 0xFFFF,
  0xFFFF, 0xFFFF, 0xFFFF, 0xFFFF, 0xFFFF, 0xFFFF, 0xFFFF, 0xFFFF, 0xFFFF, 0xFFFF, 0xFFFF, 0xFFFF,
  0xFFFF, 0xFFFF, 0xFFFF, 0xFFFF, 0xFFFF, 0xFFFF, 0xFFFF, 0xFFFF, 0xFFFF, 0xFFFF, 0xFFFF, 0xFFFF,
  0xFFFF, 0xFFFF, 0xFFFF, 0xFFFF, 0xFFFF, 0xFFFF, 0xFFFF, 0xFFFF, 0xFFFF, 0xFFFF, 0xFFFF, 0xFFFF,
  0xFFFF, 0xFFFF, 0xFFFF, 0xFFFF, 0xFFFF, 0xFFFF, 0xFFFF, 0xFFFF, 0xFFFF, 0xFFFF, 0xFFFF, 0xFFFF,
  0xFFFF, 0xFFFF, 0xFFFF, 0xFFFF, 0xFFFF, 0xFFFF, 0xFFFF, 0xFFFF, 0xFFFF, 0xFFFF, 0xFFFF, 0xFFFF,
  0xFFFF, 0xFFFF, 0xFFFF, 0xFFFF, 0xFFFF, 0xFFFF, 0xFFFF, 0xFFFF, 0xFFFF, 0xFFFF, 0xFFFF, 0xFFFF,
  0xFFFF, 0xFFFF, 0xFFFF, 0xFFFF, 0xFFFF, 0xFFFF, 0xFFFF, 0xFFFF, 0xFFFF, 0xFFFF, 0xFFFF, 0xFFFF,
  0xFFFF, 0xFFFF, 0xFFFF, 0xFFFF, 0xFFFF, 0xFFFF, 0xFFFF, 0xFFFF, 0xFFFF, 0xFFFF, 0xFFFF, 0xFFFF,
  0xFFFF, 0xFFFF, 0xFFFF, 0xFFFF, 0xFFFF, 0xFFFF, 0xFFFF, 0xFFFF, 0xFFFF, 0xFFFF, 0xFFFF, 0xFFFF,
  0xFFFF, 0xFFFF, 0xFFFF, 0xFFFF, 0xFFFF, 0xFFFF, 0xFFFF, 0xFFFF, 0xFFFF, 0xFFFF, 0xFFFF, 0xFFFF,
  0xFFFF, 0xFFFF, 0xFFFF, 0xFFFF, 0xFFFF, 0xFFFF, 0xFFFF, 0xFFFF, 0xFFFF, 0xFFFF, 0xFFFF, 0xFFFF,
  0xFFFF, 0xFFFF, 0xFFFF, 0xFFFF, 0xFFFF, 0xFFFF, 0xFFFF, 0xFFFF, 0xFFFF, 0xFFFF, 0xFFFF, 0xFFFF,
  0xFFFF, 0xFFFF, 0xFFFF, 0xFFFF, 0xFFFF, 0xFFFF, 0xFFFF, 0xFFFF, 0xFFFF, 0xFFFF, 0xFFFF, 0xFFFF,
  0xFFFF, 0xFFFF, 0xFFFF, 0xFFFF, 0xFFFF, 0xFFFF, 0xFFFF, 0xFFFF, 0xFFFF, 0xFFFF, 0xFFFF, 0xFFFF,
  0xFFFF, 0xFFFF, 0xFFFF, 0xFFFF, 0xFFFF, 0xFFFF, 0xFFFF, 0xFFFF, 0xFFFF, 0xFFFF, 0xFFFF, 0xFFFF,
  0xFFFF, 0xFFFF, 0xFFFF, 0xFFFF, 0xFFFF, 0xFFFF, 0xFFFF, 0xFFFF, 0xFFFF, 0xFFFF, 0xFFFF, 0xFFFF,
  0xFFFF, 0xFFFF, 0xFFFF, 0xFFFF, 0xFFFF, 0xFFFF, 0xFFFF, 0xFFFF, 0xFFFF, 0xFFFF, 0xFFFF, 0xFFFF,
  0xFFFF, 0xFFFF, 0xFFFF, 0xFFFF, 0xFFFF, 0xFFFF, 0xFFFF, 0xFFFF, 0xFFFF, 0xFFFF, 0xFFFF, 0xFFFF,
  0xFFFF, 0xFFFF, 0xFFFF, 0xFFFF, 0xFFFF, 0xFFFF, 0xFFFF, 0xFFFF, 0xFFFF, 0xFFFF, 0xFFFF, 0xFFFF,
  0xFFFF, 0xFFFF, 0xFFFF, 0xFFFF, 0xFFFF, 0xFFFF, 0xFFFF, 0xFFFF, 0xFFFF, 0xFFFF, 0xFFFF, 0xFFFF,
  0xFFFF, 0xFFFF, 0xFFFF, 0xFFFF, 0xFFFF, 0xFFFF, 0xFFFF, 0xFFFF, 0xFFFF, 0xFFFF, 0xFFFF, 0xFFFF,
  0xFFFF, 0xFFFF, 0xFFFF, 0xFFFF, 0xFFFF, 0xFFFF, 0xFFFF, 0xFFFF, 0xFFFF, 0xFFFF, 0xFFFF, 0xFFFF,
  0xFFFF, 0xFFFF, 0xFFFF, 0xFFFF, 0xFFFF, 0xFFFF, 0xFFFF, 0xFFFF, 0xFFFF, 0xFFFF, 0xFFFF, 0xFFFF,
  0xFFFF, 0xFFFF, 0xFFFF, 0xFFFF, 0xFFFF, 0xFFFF, 0xFFFF, 0xFFFF, 0xFFFF, 0xFFFF, 0xFFFF, 0xFFFF,
  0xFFFF, 0xFFFF, 0xFFFF, 0xFFFF, 0xFFFF, 0xFFFF, 0xFFFF, 0xFFFF, 0xFFFF, 0xFFFF, 0xFFFF, 0xFFFF,
  0xFFFF, 0xFFFF, 0xFFFF, 0xFFFF, 0xFFFF, 0xFFFF, 0xFFFF, 0xFFFF, 0xFFFF, 0xFFFF, 0xFFFF, 0xFFFF,
  0xFFFF, 0xFFFF, 0xFFFF, 0xFFFF, 0xFFFF, 0xFFFF, 0xFFFF, 0xFFFF, 0xFFFF, 0xFFFF, 0xFFFF, 0xFFFF,
  0xFFFF, 0xFFFF, 0xFFFF, 0xFFFF, 0xFFFF, 0xFFFF, 0xFFFF, 0xFFFF, 0xFFFF, 0xFFFF, 0xFFFF, 0xFFFF,
  0xFFFF, 0xFFFF, 0xFFFF, 0xFFFF, 0xFFFF, 0xFFFF, 0xFFFF, 0xFFFF, 0xFFFF, 0xFFFF, 0xFFFF, 0xFFFF,
  0xFFFF, 0xFFFF, 0xFFFF, 0xFFFF, 0xFFFF, 0xFFFF, 0xFFFF, 0xFFFF, 0xFFFF, 0xFFFF, 0xFFFF, 0xFFFF
};

#endif
